Iteration	Posterior	Likelihood	Prior	rate_log_sd	rate_loss	rate_neo	tree_length
0	-4347.498	-4896.728	549.23	1.326263	3.832542	0.8825993	2.2191
6	-4335.328	-4885.123	549.7948	1.430497	3.832542	0.8439529	1.802071
12	-4357.97	-4907.264	549.294	1.40829	2.896703	1.19791	2.161204
18	-4356.935	-4906.547	549.612	1.384581	2.709853	1.10886	2.07576
24	-4322.967	-4872.457	549.4908	1.419567	3.061459	0.9727667	2.117928
30	-4337.581	-4886.831	549.2499	1.482084	3.040413	0.9927978	2.226303
36	-4336.166	-4885.052	548.886	1.375602	3.727665	0.9645928	2.375424
42	-4350.632	-4899.992	549.3597	1.356427	3.727665	0.7468006	2.242001
48	-4324.212	-4873.805	549.5929	1.437694	2.832359	0.7142884	2.294681
54	-4327.111	-4876.172	549.0617	1.435154	3.283029	0.9134182	2.366078
60	-4326.111	-4874.856	548.7452	1.387178	3.431631	1.035477	2.4809
66	-4332.001	-4880.909	548.9076	1.27859	3.926797	0.973629	2.37334
72	-4321.236	-4870.089	548.8529	1.305506	3.684735	0.8906226	2.49927
78	-4321.17	-4869.554	548.3838	1.279359	3.045434	1.111161	2.821035
84	-4310.919	-4859.985	549.0663	1.228483	2.900985	0.9089115	2.594938
90	-4324.341	-4873.774	549.4334	1.336671	3.571769	0.7513762	2.24
96	-4334.187	-4883.151	548.9635	1.336671	3.876963	0.887794	2.369372
102	-4340.159	-4890.039	549.8797	1.526192	3.876963	0.8347831	1.67174
108	-4323.978	-4873.199	549.2214	1.415308	3.194539	1.06789	2.199423
114	-4327.737	-4876.052	548.3148	1.25346	3.306925	1.041376	2.8543
120	-4353.464	-4902.821	549.3568	1.399683	3.457127	0.9735688	2.115039
126	-4341.687	-4890.984	549.2968	1.333532	3.288241	1.049566	2.19069
132	-4338.373	-4886.936	548.5626	1.34648	3.288241	1.152285	2.586543
138	-4334.711	-4882.954	548.2432	1.255049	3.384937	0.7076737	3.101437
144	-4334.317	-4882.853	548.5357	1.257927	2.881109	1.042212	2.824236
150	-4320.144	-4868.68	548.5352	1.172567	2.6481	1.042212	2.940165
156	-4333.456	-4881.338	547.8817	1.221826	2.877277	1.042212	3.238622
162	-4325.728	-4875.439	549.7119	1.492948	2.870142	0.978148	1.973678
168	-4327.475	-4877.132	549.6567	1.412783	3.056659	1.045543	1.965962
174	-4334.774	-4884.494	549.7201	1.491296	2.394768	1.224496	1.965962
180	-4332.601	-4882.188	549.5873	1.43788	2.394768	0.7921506	2.369292
186	-4323.196	-4872.586	549.3893	1.429738	3.273539	0.8525788	2.204992
192	-4331.882	-4880.88	548.998	1.346184	3.273539	1.065954	2.367649
198	-4331.604	-4879.823	548.2193	1.356604	3.205432	1.065954	2.859829
204	-4323.248	-4871.756	548.5084	1.267697	3.018594	1.038182	2.801324
210	-4325.57	-4873.599	548.0296	1.143274	2.873777	1.177203	3.124247
216	-4335.263	-4884.125	548.8614	1.321994	2.389941	1.177203	2.651298
222	-4334.626	-4882.945	548.3193	1.175287	2.389941	1.177203	3.068832
228	-4326.497	-4875.293	548.7963	1.241949	2.980794	1.026871	2.657394
234	-4324.665	-4873.466	548.8008	1.371189	2.722126	1.101482	2.601551
240	-4318.352	-4867.614	549.2623	1.333643	2.849289	0.9879433	2.369099
246	-4326.796	-4875.763	548.9674	1.473374	2.918805	0.9879433	2.447748
252	-4319.386	-4867.555	548.1688	1.252846	3.13993	0.9411752	3.043685
258	-4343.557	-4891.262	547.7052	1.249128	3.512699	0.9601647	3.223192
264	-4323.441	-4872.878	549.4374	1.461152	2.918321	1.284867	1.976817
270	-4346.242	-4895.701	549.4586	1.43305	3.607764	0.8865018	2.04972
276	-4329.557	-4878.41	548.8532	1.323727	3.17433	1.14067	2.454454
282	-4323.847	-4872.45	548.6039	1.300961	3.547213	1.170997	2.517187
288	-4335.005	-4884.777	549.7724	1.465732	3.547213	0.8177822	1.884317
294	-4333.596	-4883.348	549.7529	1.470909	2.804385	0.7831762	2.122661
300	-4349.14	-4898.409	549.2694	1.462966	3.033215	1.164338	2.122661
306	-4354.347	-4903.366	549.0196	1.51471	3.378211	1.095143	2.202126
312	-4361.093	-4910.994	549.9013	1.497639	2.744668	1.095143	1.802394
318	-4347.537	-4897.406	549.8687	1.412281	3.039408	1.065968	1.813767
324	-4338.687	-4888.224	549.537	1.433535	2.869532	1.065968	2.072093
330	-4334.248	-4882.559	548.3113	1.311623	3.25601	1.207763	2.740432
336	-4319.592	-4867.925	548.3323	1.187793	3.374695	0.8099553	3.015674
342	-4306.812	-4856.865	550.0529	1.522067	2.564138	1.088547	1.74302
348	-4309.902	-4860.058	550.1564	1.424149	2.147018	0.8532167	2.04965
354	-4343.912	-4893.141	549.2297	1.209402	4.044769	0.8887391	2.243678
360	-4322.945	-4872.317	549.3721	1.420956	2.904934	1.032681	2.198787
366	-4343.029	-4892.254	549.225	1.428733	2.71396	0.8669176	2.452031
372	-4341.189	-4889.983	548.7942	1.153821	2.71396	0.8669176	2.886441
378	-4344.71	-4893.541	548.8305	1.337152	2.983504	1.046075	2.5651
384	-4335.894	-4884.883	548.989	1.382718	2.564905	0.9319628	2.627434
390	-4342.02	-4891.138	549.1176	1.36651	3.030019	1.090126	2.327455
396	-4336.559	-4885.723	549.1638	1.403443	2.948085	1.007227	2.347663
402	-4337.627	-4886.131	548.504	1.152981	3.031136	0.8337927	3.000158
408	-4333.99	-4882.295	548.3052	1.167889	3.758099	0.8725587	2.915834
414	-4323.874	-4872.509	548.6351	1.197307	2.848314	0.8725587	2.915834
420	-4333.485	-4882.323	548.838	1.274051	3.599052	0.7101824	2.679568
426	-4339.287	-4888.713	549.4255	1.420391	2.959463	0.7244577	2.368621
432	-4311.554	-4859.881	548.3272	1.130646	3.134213	0.936442	3.026373
438	-4327.405	-4875.673	548.2682	1.189649	3.134213	0.936442	3.026373
444	-4306.513	-4855.276	548.7634	1.261286	3.242254	0.8406228	2.720139
450	-4349.825	-4899.586	549.7614	1.537851	2.507686	1.206657	1.878909
456	-4325.542	-4875.385	549.8431	1.509026	3.118702	0.9866304	1.795559
462	-4320.184	-4869.778	549.5947	1.458289	3.118702	1.006451	1.985464
468	-4336.796	-4886.373	549.5773	1.443732	2.882896	1.306544	1.892662
474	-4337.375	-4886.912	549.5363	1.372152	2.351941	1.216666	2.184497
480	-4328.398	-4877.309	548.9101	1.226138	3.570339	1.253906	2.320736
486	-4348.349	-4897.277	548.928	1.353648	3.379894	1.203884	2.301154
492	-4328.208	-4877.545	549.3369	1.31415	2.936676	1.001361	2.301154
498	-4328.377	-4877.893	549.5157	1.300524	3.05857	0.8010829	2.301154
504	-4343.692	-4893.533	549.841	1.448056	3.667623	0.810556	1.825034
510	-4346.485	-4896.077	549.5922	1.52488	3.007907	0.7166658	2.187995
516	-4341.007	-4890.741	549.7342	1.473123	3.102943	1.070231	1.843385
522	-4332.596	-4882.594	549.998	1.428908	3.102943	0.7813256	1.903421
528	-4323.651	-4872.743	549.0923	1.322708	3.41379	0.8611429	2.421743
534	-4364.373	-4913.239	548.8663	1.387051	2.914267	1.136352	2.477539
540	-4344.755	-4893.803	549.0482	1.344908	3.025594	0.865853	2.529883
546	-4334.287	-4883.499	549.2125	1.396184	3.907977	0.865853	2.180274
552	-4342.628	-4890.127	547.4996	1.258209	2.731409	1.173748	3.408897
558	-4341.064	-4889.076	548.0124	1.356835	3.455341	1.173748	2.865863
564	-4349.362	-4898.377	549.0152	1.37308	3.480666	1.173748	2.225024
570	-4337.962	-4886.443	548.4804	1.470874	3.834852	0.9908337	2.52986
576	-4320.203	-4869.173	548.9694	1.337741	3.504861	1.052415	2.34283
582	-4338.708	-4886.99	548.2814	1.26341	2.817824	1.052415	2.9855
588	-4324.41	-4873.482	549.0721	1.379026	3.1783	1.052415	2.332206
594	-4328.454	-4878.277	549.8229	1.411284	3.1783	0.7072479	2.073233
600	-4327.308	-4876.856	549.5479	1.348203	3.313304	0.7846067	2.196039
606	-4332.493	-4881.99	549.498	1.441057	3.313304	0.7846067	2.16818
612	-4327.657	-4877.25	549.5926	1.441057	3.40789	0.8582379	2.025967
618	-4323.581	-4873.684	550.1037	1.439666	3.209033	1.048959	1.590027
624	-4323.4	-4873.754	550.354	1.734854	3.170536	0.8595262	1.336452
630	-4333.5	-4882.896	549.3953	1.304391	3.411867	0.8759405	2.230425
636	-4340.251	-4889.725	549.4735	1.304391	2.908426	0.8625504	2.321502
642	-4331.869	-4881.24	549.3703	1.541397	3.265087	1.306488	1.858556
648	-4327.274	-4877.038	549.7646	1.443283	3.405769	0.8183157	1.940453
654	-4323.834	-4872.956	549.1219	1.52522	3.550369	0.8183157	2.27256
660	-4308.973	-4858.179	549.2061	1.473767	2.785559	1.169188	2.22401
666	-4308.182	-4857.404	549.2221	1.485506	3.49439	1.169188	2.015288
672	-4321.052	-4870.515	549.4626	1.387164	2.621442	0.9390996	2.305953
678	-4323.105	-4872.672	549.567	1.485992	3.07153	0.9869697	2.011533
684	-4330.267	-4879.863	549.596	1.485385	3.195416	0.9140477	2.009212
690	-4310.256	-4859.431	549.175	1.344139	3.412822	0.9477247	2.296693
696	-4315.18	-4864.383	549.2033	1.406835	3.412822	0.9477247	2.23831
702	-4326.599	-4876.196	549.5974	1.371093	2.704371	0.8595886	2.260231
708	-4344.562	-4894.342	549.7809	1.459552	2.704371	0.8962536	2.056903
714	-4333.551	-4883.699	550.1484	1.526129	3.243777	0.8537536	1.632054
720	-4335.49	-4885.81	550.3208	1.462803	2.336385	0.8537536	1.844199
726	-4345.201	-4895.301	550.0998	1.521425	2.757101	0.8172801	1.844199
732	-4355.936	-4905.966	550.0298	1.45889	2.757101	0.7239467	2.010173
738	-4336.819	-4886.157	549.3378	1.312685	3.190979	0.9115549	2.292907
744	-4320.427	-4869.519	549.092	1.572109	3.302772	1.233331	2.055915
750	-4309.749	-4858.973	549.2246	1.502206	2.96261	1.233331	2.106582
756	-4308.994	-4858	549.006	1.500506	3.680002	1.060742	2.168276
762	-4316.874	-4865.548	548.6732	1.29203	3.686972	1.099868	2.487926
768	-4327.98	-4876.615	548.635	1.231009	3.801605	1.019952	2.572067
774	-4328.51	-4877.625	549.1152	1.271556	3.935877	0.9373878	2.26744
780	-4341.331	-4889.956	548.6248	1.326766	3.549964	0.9360996	2.628084
786	-4320.376	-4869.32	548.9444	1.378029	3.271126	0.7487449	2.596816
792	-4330.555	-4878.685	548.13	1.335628	3.271126	0.7487449	3.116402
798	-4308.073	-4856.194	548.1205	1.200487	2.874994	1.102388	3.076054
804	-4312.36	-4861.741	549.3812	1.245672	3.059211	0.888089	2.358671
810	-4306.749	-4856.195	549.4461	1.439775	3.131925	0.817136	2.22485
816	-4316.916	-4866.346	549.43	1.346002	2.917491	1.003193	2.225116
822	-4307.144	-4856.38	549.236	1.439967	2.721718	1.003193	2.345132
828	-4294.723	-4843.463	548.7398	1.368105	3.22136	1.106583	2.50536
834	-4309.743	-4858.645	548.9024	1.217126	2.823689	1.108906	2.601317
840	-4304.642	-4853.325	548.6826	1.367605	3.081961	1.108906	2.575411
846	-4322.432	-4871.507	549.0753	1.403116	3.497211	1.170336	2.16454
852	-4343.529	-4892.569	549.0407	1.372618	2.71019	1.170336	2.41522
858	-4328.892	-4878.263	549.371	1.512305	2.836013	0.9909202	2.186803
864	-4333.982	-4883.765	549.7827	1.386664	3.354282	0.9909202	1.853567
870	-4338.259	-4887.786	549.5263	1.445455	3.674902	1.060718	1.859881
876	-4325.899	-4875.148	549.2497	1.324523	3.358276	0.7351372	2.428888
882	-4325.925	-4874.254	548.3288	1.403493	3.550089	1.075039	2.677825
888	-4337.372	-4885.679	548.3071	1.297965	3.868719	1.075039	2.685892
894	-4353.131	-4901.491	548.3606	1.322838	3.46241	1.149322	2.685892
900	-4349.761	-4897.695	547.9339	1.214632	3.189429	0.9159505	3.210092
906	-4333.516	-4882.348	548.8321	1.226351	3.24952	0.6276114	2.861541
912	-4337.743	-4887.604	549.8604	1.440241	2.824647	1.065913	1.864119
918	-4345.646	-4895.294	549.6474	1.449199	3.607887	0.9918244	1.837269
924	-4320.663	-4869.038	548.3748	1.221816	3.608671	0.9553711	2.819927
930	-4362.55	-4912.656	550.1061	1.533948	2.917538	0.8786346	1.733439
936	-4333.371	-4883.136	549.7651	1.469669	2.917538	0.9969902	1.926842
942	-4313.951	-4863.564	549.613	1.457879	2.917538	0.9969902	2.036421
948	-4317.361	-4867.021	549.6605	1.433771	2.917538	0.9969902	2.020906
954	-4330.406	-4879.607	549.2012	1.3179	3.282984	0.9969902	2.296853
960	-4325.227	-4874.518	549.2907	1.349625	3.300773	0.7258134	2.408797
966	-4319.546	-4868.706	549.1599	1.360804	3.300773	0.8436539	2.395209
972	-4345.264	-4894.301	549.0373	1.401889	3.328398	0.7745181	2.490482
978	-4330.225	-4879.189	548.9633	1.287544	3.062594	0.9574543	2.547677
984	-4334.884	-4883.439	548.555	1.303558	3.795214	0.8592378	2.6822
990	-4322.254	-4870.702	548.4476	1.321451	3.795214	1.098204	2.587086
996	-4310.296	-4859.422	549.1261	1.394146	3.795214	0.8230184	2.293749
1002	-4328.714	-4877.179	548.4641	1.223322	3.533146	1.035099	2.732738
1008	-4327.775	-4876.954	549.179	1.387915	3.278042	1.035099	2.243276
1014	-4319.716	-4869.585	549.8684	1.553756	3.929516	0.964015	1.54525
1020	-4329.126	-4878.953	549.8263	1.491886	3.591625	0.7983489	1.833895
1026	-4334.652	-4884.02	549.3679	1.467247	3.591625	1.251759	1.856728
1032	-4330.743	-4880.322	549.5785	1.522961	3.025344	1.251759	1.826811
1038	-4333.108	-4882.68	549.5713	1.500202	3.025344	0.8171805	2.133119
1044	-4327.065	-4876.572	549.5065	1.503811	3.930639	0.9849024	1.822979
1050	-4330.802	-4880.81	550.0083	1.505109	3.365605	0.9849024	1.612812
1056	-4340.049	-4889.949	549.8999	1.579473	3.365605	0.9849024	1.637394
1062	-4335.726	-4885.689	549.9622	1.519489	3.286141	0.908724	1.714502
1068	-4332.054	-4881.906	549.8515	1.50048	3.497531	0.908724	1.748471
1074	-4320.266	-4870.609	550.3433	1.696693	4.006252	0.7249545	1.255668
1080	-4332.497	-4882.852	550.3548	1.548727	2.89798	1.02429	1.436253
1086	-4335.205	-4885.695	550.4905	1.64087	3.098177	0.7407375	1.436253
1092	-4318.489	-4868.529	550.0401	1.605265	3.538766	0.8874049	1.543174
1098	-4329.002	-4878.929	549.9269	1.480866	3.538766	0.8874049	1.714663
1104	-4317.302	-4866.562	549.2598	1.374703	2.945372	1.005694	2.306564
1110	-4335.988	-4884.837	548.849	1.271324	3.301149	1.053173	2.509303
1116	-4339.52	-4888.019	548.4986	1.186398	3.66455	0.7816886	2.871262
1122	-4298.373	-4847.131	548.7587	1.235981	3.127081	1.038253	2.63963
1128	-4317.381	-4866.365	548.9845	1.470732	3.375931	1.038253	2.288386
1134	-4339.344	-4888.573	549.2296	1.446522	3.375931	0.9286257	2.217845
1140	-4324.369	-4872.275	547.9063	1.192581	2.598782	1.112029	3.277587
1146	-4331.028	-4880.036	549.0081	1.365123	3.374904	1.112029	2.296404
1152	-4315.419	-4864.225	548.8066	1.228912	2.762575	1.173009	2.634369
1158	-4319.974	-4868.706	548.7318	1.394324	3.458026	1.278195	2.340999
1164	-4325.239	-4873.256	548.0165	1.118762	3.089723	1.137252	3.113037
1170	-4337.131	-4883.96	546.8289	1.22271	3.229971	1.082833	3.743706
1176	-4338.958	-4887.076	548.1176	1.25994	3.082955	0.7831717	3.189241
1182	-4330.455	-4878.103	547.6477	1.25355	3.362558	0.8379797	3.366255
1188	-4328.359	-4876.203	547.8439	1.342953	3.542851	1.110352	2.990629
1194	-4326.016	-4875.365	549.3491	1.406266	2.97117	1.103319	2.16109
1200	-4320.996	-4870.63	549.6339	1.505596	3.498109	1.103319	1.761196
1206	-4311.18	-4860.559	549.3781	1.395709	3.478957	1.103319	2.014895
1212	-4324.501	-4873.436	548.9349	1.391243	3.464995	0.8603263	2.465948
1218	-4302.642	-4851.607	548.965	1.34165	3.516917	0.8603263	2.465948
1224	-4312.246	-4862.019	549.7723	1.382544	3.110863	0.8639659	2.019657
1230	-4325.179	-4874.491	549.3124	1.400312	3.328945	1.036146	2.13517
1236	-4329.348	-4878.626	549.2778	1.316647	3.328945	0.8496817	2.337098
1242	-4330.174	-4878.089	547.9153	1.248836	3.014334	1.254437	3.053559
1248	-4318.049	-4866.282	548.2325	1.270187	3.348043	1.19439	2.798837
1254	-4329.729	-4878.043	548.314	1.202799	3.330018	0.8329072	3.012094
1260	-4336.366	-4884.676	548.3094	1.087306	3.330018	0.8329072	3.083935
1266	-4324.954	-4873.333	548.379	1.241627	2.815324	0.8579824	3.061569
1272	-4311	-4860.468	549.4672	1.450422	3.427418	0.9170456	2.055324
1278	-4312.797	-4862.081	549.2836	1.377965	3.290128	1.072579	2.155643
1284	-4298.561	-4847.901	549.3399	1.384102	3.108084	0.8646498	2.300327
1290	-4321.786	-4870.705	548.9187	1.407081	3.428546	1.07448	2.335956
1296	-4325.968	-4875.847	549.8795	1.438602	3.712831	0.8175379	1.788057
1302	-4288.95	-4838.197	549.2468	1.514469	3.522641	1.082803	2.025076
1308	-4306.509	-4855.935	549.4262	1.555001	3.148172	0.8630825	2.124672
1314	-4309.509	-4859.147	549.6382	1.520037	3.744426	0.8590263	1.857881
1320	-4341.783	-4891.656	549.8736	1.460405	3.347074	0.9897347	1.742277
1326	-4335.057	-4884.793	549.7355	1.460405	3.734611	0.7781399	1.898581
1332	-4349.651	-4897.836	548.1841	1.336001	3.792033	1.188527	2.690974
1338	-4334.044	-4882.305	548.2611	1.259042	3.792033	1.188527	2.690974
1344	-4322.29	-4871.807	549.5174	1.397814	3.277787	0.7781399	2.197755
1350	-4341.126	-4891.105	549.979	1.567866	3.277787	0.7781399	1.775103
1356	-4332.111	-4881.79	549.6789	1.557728	3.880199	0.9104873	1.731493
1362	-4341.195	-4890.911	549.7162	1.523573	2.988899	0.8915701	1.976852
1368	-4338.463	-4887.956	549.4934	1.490303	3.601044	0.9210172	1.965301
1374	-4312.05	-4861.109	549.0594	1.334567	3.160319	0.8950636	2.474394
1380	-4315.727	-4864.716	548.9887	1.293731	3.093111	0.7316042	2.67925
1386	-4314.258	-4862.825	548.5673	1.195054	3.188045	0.7316042	2.971629
1392	-4318.796	-4867.638	548.8427	1.168566	3.65897	0.7316042	2.711284
1398	-4329.834	-4878.773	548.9392	1.172241	3.65897	0.7316042	2.649733
1404	-4327.556	-4876.164	548.6081	1.327897	2.968537	0.6975371	2.948418
1410	-4335.084	-4883.302	548.2178	1.27307	2.968537	0.8555413	3.100619
1416	-4329.905	-4878.966	549.0612	1.348955	2.389637	0.9365616	2.654318
1422	-4317.044	-4866.155	549.1114	1.348485	3.085226	0.9817501	2.395122
1428	-4327.105	-4876.957	549.8517	1.527532	3.720378	0.8719615	1.70002
1434	-4349.169	-4899.457	550.2881	1.544606	3.368997	0.7084249	1.608544
1440	-4337.503	-4887.393	549.8892	1.604461	3.729017	0.8270557	1.652441
1446	-4331.468	-4881.142	549.6741	1.532644	3.729017	1.179686	1.604024
1452	-4323.209	-4872.324	549.115	1.438976	2.878378	1.179686	2.272442
1458	-4316.168	-4866.042	549.8737	1.452435	2.597865	0.9400435	2.002233
1464	-4304.793	-4854.923	550.1293	1.548664	4.106228	0.6946645	1.542435
1470	-4317.109	-4866.844	549.7355	1.562913	4.106228	0.9518124	1.601751
1476	-4321.327	-4871.152	549.8249	1.550462	4.027191	0.7918094	1.69279
1482	-4322.956	-4871.844	548.8882	1.185756	2.590886	0.9400435	2.797176
1488	-4305.815	-4854.934	549.1191	1.277074	3.261222	1.003546	2.376365
1494	-4322.898	-4871.91	549.0127	1.237689	3.261222	1.157946	2.376365
1500	-4314.492	-4864.319	549.8273	1.523227	3.147906	1.026949	1.760406
1506	-4309.731	-4859.209	549.4782	1.385354	3.350685	1.021866	2.039597
1512	-4327.591	-4876.438	548.8472	1.367386	2.94134	1.021866	2.561856
1518	-4351.011	-4899.37	548.359	1.367386	3.338429	1.021866	2.762209
1524	-4327.673	-4877.211	549.5379	1.38552	2.949614	0.7488205	2.302529
1530	-4333.114	-4882.751	549.6376	1.428616	2.632662	0.7488205	2.302529
1536	-4322.216	-4871.044	548.8284	1.278725	3.306618	0.9988021	2.549391
1542	-4341.822	-4890.327	548.5054	1.17561	3.47373	0.7973319	2.905053
1548	-4330.193	-4879.489	549.2962	1.346694	3.457716	0.7973319	2.313214
1554	-4342.539	-4891.587	549.0475	1.368064	3.457716	1.03455	2.296056
1560	-4326.809	-4876.298	549.4884	1.423966	2.932737	0.936675	2.176656
1566	-4311.519	-4859.877	548.3573	1.242053	3.009376	0.6678005	3.162838
1572	-4319.656	-4868.05	548.3943	1.20217	3.7485	0.7296162	2.945253
1578	-4314.63	-4863.894	549.2636	1.332999	3.7485	0.7296162	2.327534
1584	-4303.172	-4851.864	548.6921	1.486648	3.804765	1.10876	2.321546
1590	-4307.301	-4856.613	549.3126	1.447144	3.804765	1.10876	1.941728
1596	-4297.811	-4847.585	549.7742	1.499718	3.490597	0.8858277	1.821734
1602	-4331.951	-4880.332	548.3815	1.383451	2.982565	1.397899	2.626631
1608	-4324.318	-4873.011	548.693	1.34496	3.309852	1.050396	2.560138
1614	-4311.694	-4860.616	548.9225	1.244746	3.308229	0.9411704	2.548289
1620	-4308.793	-4857.573	548.7803	1.275894	2.802726	0.8158925	2.831593
1626	-4313.909	-4863.326	549.4167	1.376277	2.802726	0.8158925	2.375338
1632	-4315.137	-4864.726	549.5896	1.41176	3.558943	0.7757504	2.073133
1638	-4297.047	-4845.847	548.7996	1.321941	3.557022	0.7757504	2.632887
1644	-4317.348	-4865.491	548.1427	1.112584	3.557022	0.8323085	3.117194
1650	-4341.979	-4890.85	548.8708	1.338123	3.745139	0.6405697	2.644745
1656	-4339.704	-4888.446	548.7413	1.255657	3.282688	0.9029759	2.684878
1662	-4319.523	-4868.372	548.8493	1.193832	3.311516	0.9716183	2.604952
1668	-4334.443	-4883.208	548.765	1.258187	3.311516	0.9742657	2.615641
1674	-4330.194	-4879.103	548.9099	1.329265	3.318433	1.089101	2.409061
1680	-4333.181	-4881.851	548.6699	1.396664	2.964431	1.161089	2.56658
1686	-4323.326	-4872.909	549.5838	1.424465	2.964431	0.984993	2.07241
1692	-4327.26	-4876.414	549.1538	1.358148	2.964431	0.9166073	2.43719
1698	-4328.23	-4876.588	548.3578	1.108936	3.308613	1.118186	2.871469
1704	-4329.226	-4877.708	548.4818	1.264506	3.078379	0.9223386	2.875542
1710	-4344.851	-4893.409	548.5584	1.21965	3.740285	0.8785502	2.730327
1716	-4352.364	-4900.8	548.4367	1.296376	3.740285	1.003206	2.67782
1722	-4325.638	-4874.134	548.496	1.323013	3.568235	1.050577	2.634716
1728	-4313.074	-4862.183	549.1091	1.375316	3.194597	1.050577	2.307883
1734	-4319.066	-4868.287	549.221	1.267185	4.738073	0.8077072	2.13082
1740	-4353.428	-4902.434	549.0058	1.242973	3.206472	0.8846013	2.560457
1746	-4350.546	-4898.957	548.4103	1.243705	3.41347	0.9660834	2.822758
1752	-4328.345	-4877.338	548.9938	1.3333	2.956776	0.9660834	2.52257
1758	-4338.136	-4887.432	549.2964	1.487649	3.724696	0.5795692	2.344345
1764	-4320.861	-4869.981	549.12	1.379164	3.724696	0.7752375	2.359032
1770	-4307.216	-4856.747	549.5305	1.380993	3.326317	0.6959282	2.25434
1776	-4309.494	-4858.616	549.1221	1.365733	3.149809	0.7642329	2.512529
1782	-4333.936	-4882.836	548.8994	1.302432	3.640198	0.8417106	2.516217
1788	-4330.991	-4880.61	549.6194	1.392458	3.528291	0.8546125	2.012903
1794	-4319.41	-4868.113	548.7032	1.343743	3.621231	0.8546125	2.607675
1800	-4328.946	-4877.975	549.0293	1.428654	3.621231	0.9506185	2.284099
1806	-4323.445	-4872.748	549.3027	1.460435	3.307475	1.010763	2.123977
1812	-4344.547	-4895.052	550.5051	1.650251	3.195615	0.9453681	1.196459
1818	-4315.776	-4865.799	550.0235	1.573512	3.396891	0.9799708	1.546474
1824	-4310.004	-4859.389	549.3842	1.437774	3.1048	0.9443359	2.182844
1830	-4307.201	-4856.638	549.4371	1.437774	2.933116	1.125751	2.080079
1836	-4302.882	-4851.776	548.8934	1.368928	2.755296	1.125751	2.522131
1842	-4328.27	-4877.557	549.2875	1.53824	3.823954	1.097864	1.899384
1848	-4332.433	-4882.016	549.5826	1.482076	3.514572	0.9124747	1.938512
1854	-4332.229	-4882.193	549.964	1.479776	3.530783	0.71502	1.833517
1860	-4325.799	-4875.393	549.5935	1.39501	4.287707	0.7693073	1.920314
1866	-4324.97	-4873.736	548.7658	1.395995	4.804553	0.8758376	2.279252
1872	-4326.051	-4874.629	548.5772	1.399787	4.804553	0.9904821	2.320138
1878	-4326.512	-4875.447	548.9347	1.350636	4.804553	0.9516063	2.147094
1884	-4323.195	-4871.625	548.4301	1.340556	4.804553	1.040395	2.419634
1890	-4314.975	-4864.316	549.3409	1.333576	3.595688	0.8175566	2.24486
1896	-4312.981	-4862.428	549.4473	1.301594	2.906909	0.9010541	2.313444
1902	-4340.664	-4888.399	547.7349	1.233242	3.439661	1.461309	2.970322
1908	-4335.798	-4883.27	547.4717	1.278402	3.115439	1.43742	3.187864
1914	-4328.603	-4876.344	547.7407	1.15876	2.645219	1.219205	3.325848
1920	-4340.961	-4888.951	547.9903	1.193601	3.013404	1.173691	3.083621
1926	-4346.932	-4895.148	548.216	1.192317	3.726673	0.678617	3.102252
1932	-4354.694	-4902.856	548.1614	1.243222	3.726673	1.133075	2.805985
1938	-4356.882	-4905.761	548.8788	1.258065	3.010509	0.9632236	2.628191
1944	-4353.756	-4902.443	548.6862	1.280743	3.838995	0.6530651	2.76234
1950	-4343.46	-4892.207	548.7471	1.251799	3.555511	0.7055728	2.76234
1956	-4326.734	-4876.189	549.4549	1.329659	3.177006	0.7055728	2.365281
1962	-4340.852	-4889.819	548.9666	1.332259	3.112003	1.156275	2.384844
1968	-4311.795	-4860.795	549.0001	1.249903	3.122471	0.9181693	2.558378
1974	-4340.745	-4889.343	548.5988	1.362088	3.247326	0.9621827	2.677352
1980	-4330.807	-4878.476	547.6691	1.198603	3.247326	0.9621827	3.333505
1986	-4323.494	-4872	548.506	1.185051	2.751958	0.9621827	2.969443
1992	-4325.535	-4874.267	548.7315	1.289408	3.503787	0.90479	2.616466
1998	-4311.724	-4860.096	548.372	1.37854	2.703787	1.273152	2.772929
2004	-4307.801	-4856.443	548.6419	1.40894	2.912771	1.191901	2.573317
2010	-4334.933	-4883.543	548.6103	1.233559	2.617152	1.104324	2.831049
2016	-4325.933	-4875.221	549.2882	1.289433	2.433449	1.058063	2.460712
2022	-4329.206	-4876.785	547.5784	1.14573	3.092174	0.9192049	3.480981
2028	-4333.772	-4881.289	547.517	1.226132	3.092174	0.8886869	3.489115
2034	-4322.857	-4871.163	548.3067	1.095087	3.717658	0.8886869	2.95681
2040	-4328.927	-4877.222	548.296	1.252732	3.557116	1.162368	2.739601
2046	-4333.948	-4882.244	548.2964	1.250292	3.11509	1.495094	2.681641
2052	-4327.675	-4875.275	547.6	1.305659	2.878077	1.366225	3.188177
2058	-4324.103	-4872.766	548.6627	1.296646	2.935637	1.366225	2.533964
2064	-4314.049	-4861.829	547.7799	1.483931	2.942465	1.442502	2.922015
2070	-4309.756	-4858.317	548.5611	1.283745	3.747342	0.7773343	2.759226
2076	-4320.241	-4869.421	549.1798	1.295317	3.747342	0.7773343	2.367553
2082	-4313.097	-4862.076	548.9781	1.360906	3.616683	1.022658	2.314607
2088	-4328.903	-4878.151	549.2476	1.379159	2.583059	1.015766	2.409534
2094	-4334.172	-4883.756	549.5834	1.393247	2.730525	1.015766	2.140939
2100	-4326.654	-4876.03	549.3758	1.336605	3.410506	0.7947429	2.282263
2106	-4329.064	-4878.399	549.3346	1.369796	3.127554	0.7947429	2.358865
2112	-4332.805	-4881.885	549.0794	1.372228	3.127554	1.011996	2.370067
2118	-4325.524	-4874.515	548.9911	1.277685	4.162343	0.7542221	2.42655
2124	-4320.389	-4868.716	548.3273	1.361207	3.718963	0.7877078	2.85293
2130	-4337.35	-4886.825	549.4749	1.468428	3.739979	0.7394702	2.0974
2136	-4317.606	-4866.429	548.8225	1.430338	3.318737	1.038894	2.43052
2142	-4305.839	-4855.44	549.6013	1.430338	3.733956	0.8406046	1.960261
2148	-4325.061	-4873.359	548.2982	1.334061	3.733956	0.839196	2.84737
2154	-4331.068	-4879.082	548.0136	1.355628	3.647346	1.128537	2.84737
2160	-4313.986	-4862.917	548.9317	1.307954	3.46451	1.040416	2.402574
2166	-4329.39	-4877.993	548.6031	1.179508	3.504683	1.040416	2.677759
2172	-4346.418	-4895.632	549.2139	1.387813	3.096223	1.259576	2.137027
2178	-4329.003	-4878.387	549.3839	1.400644	3.528776	1.084178	2.007242
2184	-4324.027	-4872.475	548.4479	1.207934	3.050189	1.084178	2.839536
2190	-4351.205	-4901.26	550.0554	1.539625	3.120823	1.020439	1.598732
2196	-4341.726	-4891.734	550.008	1.538098	3.259797	1.020439	1.593472
2202	-4335.629	-4884.8	549.171	1.326128	3.429753	1.38558	2.05171
2208	-4325.545	-4874.971	549.4263	1.426151	3.429753	0.9916027	2.046727
2214	-4337.957	-4887.369	549.4116	1.428632	3.429753	0.9916027	2.0548
2220	-4325.837	-4874.671	548.8337	1.271275	3.811134	0.8923666	2.503457
2226	-4315.111	-4864.056	548.9449	1.228726	3.641742	0.7638413	2.590424
2232	-4315.528	-4864.547	549.0181	1.330959	2.995479	0.8640946	2.566478
2238	-4323.94	-4872.263	548.3228	1.329134	3.526291	0.7636241	2.935126
2244	-4309.834	-4857.825	547.991	1.218051	3.023398	1.128173	3.090564
2250	-4309.226	-4857.827	548.6003	1.163559	3.10914	1.048348	2.779685
2256	-4325.339	-4873.249	547.9109	1.162916	3.10914	1.048348	3.19425
2262	-4322.854	-4871.934	549.08	1.343532	3.192795	0.9096732	2.437639
2268	-4330.811	-4879.361	548.5501	1.267934	3.192795	0.9096732	2.81182
2274	-4324.342	-4872.025	547.6831	1.145537	2.61143	0.849668	3.588607
2280	-4331.862	-4880.923	549.0611	1.319892	2.699758	1.01747	2.528167
2286	-4341.923	-4891.128	549.2055	1.323124	2.703564	0.9372192	2.485862
2292	-4328.32	-4876.797	548.4773	1.368314	3.314787	1.41082	2.485862
2298	-4327.728	-4877.7	549.9718	1.430823	2.52571	0.9091343	1.99626
2304	-4312.787	-4862.501	549.7143	1.509151	2.595558	0.9091343	2.092583
2310	-4323.506	-4872.294	548.7884	1.206889	3.552134	0.7867958	2.703558
2316	-4334.236	-4882.616	548.3803	1.214886	3.093882	0.7202486	3.103375
2322	-4324.61	-4873.256	548.6457	1.308011	3.224967	0.6188761	2.938261
2328	-4324.076	-4873.091	549.0145	1.367753	3.224967	0.8417003	2.502475
2334	-4327.577	-4877.608	550.0316	1.640987	3.495249	0.8619807	1.555833
2340	-4319.916	-4870.054	550.1385	1.59306	3.112871	0.8619807	1.622505
2346	-4322.776	-4872.718	549.9424	1.59306	3.162758	0.8619807	1.747422
2352	-4313.793	-4862.473	548.6798	1.250624	3.2903	0.8083493	2.788808
2358	-4340.924	-4889.689	548.7651	1.315541	3.485237	0.9189692	2.574389
2364	-4319.657	-4869.043	549.3868	1.328199	3.089369	1.09374	2.16073
2370	-4304.702	-4854.42	549.7176	1.457096	2.770199	0.7434145	2.196251
2376	-4316.687	-4866.867	550.1798	1.53037	2.770199	0.751691	1.832941
2382	-4346.375	-4896.972	550.5968	1.682444	3.08068	0.8425424	1.226313
2388	-4326.998	-4877.606	550.6082	1.768782	3.08068	0.8548204	1.129349
2394	-4324.437	-4874.737	550.3001	1.574966	3.490254	0.7784955	1.47835
2400	-4324.724	-4874.674	549.9495	1.481119	3.280804	0.7784955	1.854253
2406	-4318.988	-4868.704	549.7158	1.52499	3.280804	0.7805234	1.981021
2412	-4326.143	-4875.928	549.7849	1.496374	3.263472	0.7823886	1.956946
2418	-4329.265	-4878.755	549.4902	1.454358	3.195065	1.132372	1.956946
2424	-4307.227	-4857.095	549.8681	1.571389	2.866267	1.226107	1.653046
2430	-4297.542	-4846.898	549.3566	1.562242	3.529874	1.226107	1.829929
2436	-4312.55	-4861.847	549.297	1.480881	3.434771	1.053254	2.054644
2442	-4313.348	-4862.526	549.1775	1.301503	2.87156	0.9456742	2.463939
2448	-4319.223	-4868.232	549.0081	1.2419	3.45176	0.9791636	2.437385
2454	-4313.476	-4862.649	549.173	1.379524	3.690239	1.142325	2.086192
2460	-4310.219	-4859.858	549.6383	1.474508	3.690239	0.9026094	1.869371
2466	-4327.084	-4876.786	549.702	1.428747	3.233139	0.9026094	1.974343
2472	-4343.304	-4893.181	549.8775	1.500005	2.661858	0.9026094	1.974343
2478	-4344.077	-4893.412	549.3355	1.357033	2.665919	1.238801	2.212232
2484	-4338.299	-4886.95	548.6509	1.277675	2.748663	1.118371	2.734264
2490	-4348.397	-4896.576	548.1791	1.228706	3.470068	0.7404503	3.111195
2496	-4340.842	-4888.509	547.667	1.137675	3.470068	0.6602132	3.527817
2502	-4347.535	-4895.021	547.4858	1.090671	2.936674	0.8782679	3.630996
2508	-4331.597	-4879.884	548.2867	1.328728	3.040402	1.084775	2.866212
2514	-4341.35	-4890.203	548.8535	1.300587	2.877232	1.156078	2.538525
2520	-4345.602	-4894.302	548.7002	1.299664	2.776666	0.9278338	2.797551
2526	-4326.513	-4875.29	548.7764	1.351577	2.654716	1.118093	2.638581
2532	-4356.562	-4906.345	549.7832	1.469962	2.951133	0.7320733	2.102296
2538	-4341.419	-4890.072	548.6523	1.348239	2.916155	1.066419	2.6742
2544	-4330.918	-4879.825	548.9068	1.300604	3.422541	0.9904178	2.463986
2550	-4321.174	-4870.023	548.8493	1.289207	4.311634	1.223351	2.173207
2556	-4317.825	-4867.45	549.6244	1.430408	4.026616	0.7283585	1.967155
2562	-4345.767	-4895.735	549.9678	1.635025	3.315	1.073136	1.497781
2568	-4332.005	-4881.898	549.8938	1.543311	3.109968	1.073136	1.678976
2574	-4328.509	-4877.812	549.3027	1.502826	3.179293	1.242677	1.989429
2580	-4333.965	-4883.468	549.5028	1.455236	3.213652	0.9892753	2.034359
2586	-4340.929	-4890.615	549.686	1.377646	3.638287	0.9827006	1.858598
2592	-4325.201	-4874.404	549.2033	1.41721	3.203745	0.9293788	2.296655
2598	-4340.434	-4889.269	548.8349	1.267099	3.395972	0.9217441	2.580364
2604	-4308.748	-4857.839	549.0914	1.370272	3.395972	0.9217441	2.354842
2610	-4322.185	-4870.234	548.0484	1.232804	2.969554	1.269998	2.986987
2616	-4324.056	-4872.575	548.5193	1.208448	2.969554	0.9617138	2.889655
2622	-4329.914	-4877.625	547.7107	1.292653	2.857475	1.509558	3.070678
2628	-4337.817	-4884.539	546.7217	1.099128	2.504086	1.466946	3.876481
2634	-4323.046	-4871.803	548.7561	1.28118	2.802219	1.130115	2.646031
2640	-4333.685	-4882.343	548.658	1.301915	2.67303	1.130115	2.72988
2646	-4334.229	-4883.213	548.9838	1.377851	3.555546	1.029473	2.310288
2652	-4314.031	-4862.739	548.7086	1.32145	3.767946	1.006582	2.485464
2658	-4322.373	-4871.956	549.5834	1.379758	3.767946	1.006582	1.879073
2664	-4316.039	-4865.761	549.7222	1.394381	3.635557	0.7764059	1.977432
2670	-4324.486	-4873.239	548.7527	1.284517	3.545814	0.7764059	2.68694
2676	-4339.364	-4888.198	548.8336	1.273058	3.532029	0.7764059	2.647321
2682	-4347.009	-4897.198	550.1892	1.486665	3.053727	0.8161773	1.717083
2688	-4330.047	-4879.642	549.5945	1.434709	2.574697	0.8161773	2.292136
2694	-4323.568	-4873.069	549.5012	1.315301	2.574697	0.8904622	2.374333
2700	-4327.314	-4875.849	548.5345	1.256605	3.06281	1.006075	2.800043
2706	-4312.273	-4861.166	548.8926	1.265723	2.591787	1.006075	2.704129
2712	-4334.274	-4883.3	549.0264	1.263415	2.591787	1.104318	2.564715
2718	-4319.216	-4868.834	549.6182	1.400704	2.591787	1.104318	2.100326
2724	-4331.452	-4880.621	549.1695	1.349596	3.563615	1.024063	2.210635
2730	-4321.873	-4871.13	549.2573	1.254644	2.784905	0.7908994	2.574935
2736	-4334.393	-4883.349	548.9569	1.311089	3.392841	1.023754	2.412211
2742	-4325.89	-4874.12	548.2303	1.273427	3.220983	1.131109	2.862984
2748	-4343.616	-4892.192	548.5766	1.283001	3.181124	1.116093	2.663945
2754	-4343.502	-4892.801	549.2993	1.49889	2.803873	1.204699	2.121591
2760	-4345.961	-4895.626	549.6648	1.49339	3.211139	1.182242	1.776111
2766	-4351.788	-4901.618	549.8306	1.435539	3.277907	0.8569009	1.90504
2772	-4338.087	-4887.827	549.7394	1.435539	3.208051	0.8569009	1.985158
2778	-4350.429	-4899.833	549.404	1.35739	3.051281	0.8237258	2.32123
2784	-4330.138	-4879.459	549.3214	1.30706	3.051281	0.8237258	2.405476
2790	-4337.049	-4886.452	549.4029	1.430588	2.933124	1.092339	2.127446
2796	-4327.226	-4876.422	549.1961	1.37134	2.933124	1.022015	2.342323
2802	-4326.898	-4875.519	548.6207	1.246497	2.933124	1.029764	2.773047
2808	-4341.284	-4889.356	548.0717	1.315709	2.933124	0.9440476	3.114262
2814	-4337.023	-4886.165	549.1423	1.315709	3.094594	0.9092942	2.441481
2820	-4347.075	-4896.578	549.5027	1.452715	3.203214	0.913747	2.090657
2826	-4328.941	-4878.306	549.3646	1.350715	3.00105	0.913747	2.300268
2832	-4319.899	-4868.96	549.0618	1.341559	3.265034	0.913747	2.429382
2838	-4309.74	-4858.433	548.6933	1.445513	3.265034	1.086462	2.486849
2844	-4321.935	-4871.09	549.1551	1.251213	3.293393	0.8225902	2.484132
2850	-4331.291	-4880.514	549.2231	1.389633	2.964188	1.014881	2.309468
2856	-4315.752	-4865.047	549.2947	1.363718	3.061211	1.12647	2.185438
2862	-4318.056	-4866.535	548.4788	1.278726	3.368601	1.12647	2.675199
2868	-4315.491	-4864.865	549.3733	1.338607	2.797009	1.034766	2.280481
2874	-4328.845	-4878.869	550.0232	1.558974	3.124407	0.8631041	1.724778
2880	-4323.042	-4872.945	549.9029	1.619339	3.307667	0.8452833	1.729212
2886	-4319.673	-4869.581	549.9087	1.567358	2.772208	1.281898	1.62315
2892	-4350.083	-4899.237	549.1542	1.29859	3.074985	0.8274321	2.506865
2898	-4352.236	-4901.317	549.0811	1.337342	2.770716	0.8229662	2.613504
2904	-4321.239	-4870.003	548.7642	1.352927	3.242841	1.009451	2.552323
2910	-4313.903	-4864.006	550.1031	1.691343	3.178002	1.009451	1.440755
2916	-4325.096	-4875.172	550.0762	1.603709	3.178002	1.009451	1.527146
2922	-4313.906	-4864.018	550.1119	1.539138	2.982334	1.009451	1.608104
2928	-4336.948	-4886.569	549.6209	1.547211	3.55085	1.099819	1.729624
2934	-4338.73	-4888.301	549.5705	1.41765	3.292505	1.099819	1.921605
2940	-4338.379	-4887.623	549.2437	1.344013	3.100504	0.8077286	2.429986
2946	-4341.627	-4890.625	548.9979	1.238022	2.675235	0.7362566	2.816219
2952	-4333.228	-4882.458	549.2304	1.407618	2.675235	1.090002	2.329518
2958	-4340.493	-4890.071	549.5785	1.401823	2.68908	1.090002	2.104347
2964	-4311.602	-4861.175	549.5726	1.323071	2.543226	0.9405296	2.299605
2970	-4317.89	-4867.669	549.7789	1.439352	3.422425	0.6847046	2.039705
2976	-4332.828	-4881.987	549.1587	1.23412	3.351126	0.9813493	2.370219
2982	-4309.883	-4859.273	549.3904	1.40573	3.10066	0.928369	2.211589
2988	-4311.664	-4860.305	548.6417	1.335206	3.762492	0.9331706	2.566633
2994	-4340.718	-4889.352	548.6335	1.364416	3.331472	0.9745049	2.626262
3000	-4320.411	-4869.222	548.8118	1.300652	3.331472	0.8881052	2.611825
3006	-4306.919	-4855.972	549.053	1.316271	3.407695	0.833111	2.471906
3012	-4314.194	-4862.821	548.627	1.189341	3.407695	0.833111	2.813031
3018	-4328.75	-4878.597	549.8472	1.43472	2.886603	0.833111	2.021759
3024	-4310.078	-4859.514	549.4357	1.417985	3.284958	1.048192	2.046171
3030	-4320.876	-4870.205	549.3289	1.4795	3.381867	0.9519844	2.114476
3036	-4330.865	-4880.105	549.2397	1.308205	3.322242	0.9080433	2.327497
3042	-4330.767	-4880.764	549.9966	1.580733	3.322242	0.9080433	1.63673
3048	-4327.215	-4877.377	550.1618	1.62452	3.322242	0.8174524	1.558277
3054	-4335.012	-4885.281	550.2682	1.617562	3.384013	0.7933732	1.487433
3060	-4319.171	-4869.542	550.371	1.589204	2.908584	0.8775815	1.505384
3066	-4302.614	-4852.404	549.7903	1.540639	2.908584	0.7974588	2.010388
3072	-4303.112	-4852.909	549.7964	1.429666	2.908584	1.043454	1.904377
3078	-4306.023	-4855.642	549.6189	1.488883	2.908584	0.9862583	2.02169
3084	-4324.294	-4873.999	549.7049	1.500558	3.420725	0.8945206	1.880285
3090	-4308.133	-4857.409	549.2757	1.519997	3.217732	1.220788	1.998115
3096	-4308.815	-4858.146	549.3312	1.444965	2.999808	1.220788	2.070769
3102	-4298.173	-4847.279	549.1061	1.395752	2.718991	1.220788	2.328623
3108	-4311.142	-4860.363	549.2209	1.460474	3.029536	1.209153	2.1313
3114	-4355.653	-4905.53	549.8763	1.446334	2.707891	1.22459	1.786722
3120	-4340.915	-4890.564	549.6485	1.415842	3.206838	1.030532	1.937823
3126	-4336.31	-4885.941	549.631	1.500323	3.206838	1.030532	1.892459
3132	-4319.644	-4869.171	549.5271	1.578197	3.464889	1.030532	1.841511
3138	-4314.067	-4863.367	549.2997	1.388174	3.464889	0.690665	2.367393
3144	-4297.225	-4846.68	549.4551	1.413177	3.365674	0.741947	2.234461
3150	-4313.051	-4862.003	548.9519	1.394283	3.365674	0.8255914	2.501902
3156	-4333.22	-4882.887	549.6668	1.470022	3.41541	0.9105624	1.916516
3162	-4338.988	-4888.546	549.5573	1.391046	3.470138	0.8575376	2.067239
3168	-4340.187	-4888.902	548.7144	1.255653	3.470138	0.8164674	2.716378
3174	-4345.234	-4893.892	548.6574	1.221638	3.688869	1.137833	2.519549
3180	-4344.974	-4895.137	550.163	1.544842	2.907094	0.9292052	1.649863
3186	-4339.738	-4889.965	550.2263	1.531957	3.017876	1.014962	1.514138
3192	-4337.613	-4887.654	550.0402	1.611021	3.017876	1.014962	1.593044
3198	-4338.119	-4887.992	549.8734	1.611021	3.445317	1.014962	1.589802
3204	-4332.445	-4881.79	549.3447	1.484188	3.683338	1.014962	1.984433
3210	-4321.853	-4871.542	549.6885	1.479259	3.498991	1.051213	1.775604
3216	-4316.816	-4866.041	549.2253	1.479259	3.498991	1.089401	2.06439
3222	-4322.359	-4872.043	549.6839	1.427689	3.607636	0.8318769	1.943841
3228	-4323.731	-4873.456	549.7247	1.391596	3.975625	0.7207983	1.943841
3234	-4340.111	-4889.023	548.9117	1.393958	4.241721	1.015285	2.203383
3240	-4335.269	-4884.196	548.9272	1.324946	4.241721	0.8597269	2.342509
3246	-4327.554	-4876.462	548.9075	1.303417	2.972056	1.177609	2.465331
3252	-4316.587	-4865.096	548.5085	1.259153	2.933894	1.017933	2.840471
3258	-4303.082	-4851.442	548.3598	1.259819	3.393973	0.9785738	2.840471
3264	-4309.09	-4858.653	549.563	1.367769	3.387101	0.9785738	2.014349
3270	-4303.804	-4852.262	548.4576	1.227294	4.430894	0.9785738	2.581587
3276	-4317.474	-4865.957	548.4829	1.295648	4.20782	0.9785738	2.567211
3282	-4315.867	-4864.41	548.5435	1.235067	4.20782	0.9785738	2.567211
3288	-4322.279	-4870.53	548.2508	1.247516	3.31826	0.9358681	2.958141
3294	-4321.152	-4868.918	547.7661	1.277498	3.960419	0.9358681	3.090457
3300	-4320.588	-4868.021	547.433	1.219181	4.022959	1.383256	3.07074
3306	-4323.144	-4871.16	548.016	1.244099	3.001285	1.383256	2.936541
3312	-4323.243	-4872.371	549.1279	1.282346	3.183013	0.9706813	2.408249
3318	-4313.21	-4861.942	548.7328	1.194834	3.988399	0.9563937	2.53368
3324	-4310.368	-4859.842	549.4745	1.401708	3.060776	0.857026	2.220743
3330	-4306.621	-4855.71	549.0898	1.313086	3.198902	0.8278371	2.506021
3336	-4314.964	-4863.278	548.3137	1.245678	3.901418	0.941416	2.788263
3342	-4315.507	-4864.16	548.653	1.166756	3.354278	1.020778	2.701921
3348	-4304.163	-4852.667	548.5047	1.126864	3.354278	1.020778	2.816872
3354	-4318.575	-4866.979	548.4045	1.240198	3.354278	1.020778	2.808863
3360	-4322.296	-4870.833	548.5374	1.253784	3.788016	0.9999536	2.633656
3366	-4332.022	-4880.972	548.95	1.293652	3.136341	0.9182282	2.558771
3372	-4337.774	-4887.233	549.4586	1.467478	2.650546	0.9450904	2.244217
3378	-4338.591	-4888.205	549.6146	1.467582	2.650546	0.9450904	2.143084
3384	-4310.779	-4860.175	549.3965	1.429697	3.288473	0.7807487	2.250428
3390	-4322.75	-4872.409	549.6588	1.460752	3.288473	0.7682901	2.069288
3396	-4326.429	-4875.103	548.6744	1.361585	3.288473	1.056739	2.562781
3402	-4321.886	-4871.393	549.5073	1.320163	3.015305	1.017681	2.155269
3408	-4313.776	-4862.427	548.6502	1.329118	3.315093	1.017681	2.614969
3414	-4332.884	-4880.385	547.5007	1.164613	2.974882	1.017681	3.485222
3420	-4336.195	-4885.398	549.203	1.267128	3.378236	0.7985345	2.440969
3426	-4355.248	-4903.687	548.4391	1.164345	3.378236	0.807728	2.966353
3432	-4342.893	-4890.969	548.0757	1.176418	3.779982	0.9175672	3.014668
3438	-4332.554	-4880.95	548.3963	1.157875	3.779982	0.9262641	2.826837
3444	-4341.204	-4889.323	548.119	1.125485	3.667036	1.095846	2.936678
3450	-4360.019	-4909.164	549.1449	1.333411	3.569925	0.9288945	2.297641
3456	-4362.669	-4912.223	549.554	1.444756	3.142771	1.234669	1.873669
3462	-4346.314	-4896.296	549.9823	1.576079	3.342707	1.098485	1.5051
3468	-4336.073	-4885.874	549.8005	1.414633	3.275303	1.098485	1.771428
3474	-4324.044	-4874.035	549.991	1.429676	3.9528	0.6863032	1.771428
3480	-4319.543	-4869.419	549.8758	1.515303	3.696523	0.7809718	1.771428
3486	-4323.606	-4872.843	549.2374	1.354585	3.200036	1.193097	2.152848
3492	-4342.905	-4891.473	548.5681	1.311838	3.26388	1.193097	2.588172
3498	-4328.351	-4877.516	549.1654	1.418789	3.26388	1.223273	2.124191
3504	-4317.451	-4866.976	549.5249	1.503027	3.286912	1.234121	1.814235
3510	-4337.536	-4886.902	549.3654	1.518901	3.581029	1.27154	1.814235
3516	-4338.014	-4887.961	549.947	1.506614	3.254896	1.0027	1.674202
3522	-4342.569	-4890.31	547.7409	1.298809	3.257368	1.306704	3.042462
3528	-4342.682	-4891.095	548.413	1.222303	3.414833	0.945101	2.846995
3534	-4333.96	-4882.392	548.4317	1.27838	3.414833	1.058161	2.7326
3540	-4337.606	-4886.171	548.5648	1.272302	4.420546	0.9519334	2.505869
3546	-4331.183	-4879.353	548.1698	1.273236	3.649315	1.115277	2.809498
3552	-4345.836	-4894.716	548.8795	1.147266	2.841843	0.8429435	2.819984
3558	-4337.366	-4886.31	548.9444	1.313385	2.750344	1.049656	2.570792
3564	-4330.172	-4879.169	548.9968	1.31909	3.383534	1.082866	2.348175
3570	-4326.985	-4875.82	548.8357	1.29963	3.198378	0.7934211	2.696709
3576	-4344.153	-4893.454	549.3007	1.407163	3.198378	0.9318258	2.240379
3582	-4316.039	-4865.797	549.7585	1.511819	3.248577	0.9318258	1.854598
3588	-4320.081	-4869.822	549.7414	1.516386	3.248577	1.255398	1.650662
3594	-4325.997	-4873.939	547.9421	1.146799	2.471889	0.9264149	3.427447
3600	-4317.294	-4866.809	549.5151	1.323066	3.531982	0.7565644	2.201433
3606	-4318.015	-4866.67	548.6549	1.314441	3.531982	1.161866	2.485533
3612	-4319.661	-4869.24	549.5783	1.432019	3.656111	0.7585259	2.057606
3618	-4310.444	-4859.859	549.4149	1.459909	3.656111	1.138412	1.88124
3624	-4318.593	-4867.667	549.074	1.315179	3.088077	0.9387056	2.466805
3630	-4312.537	-4862.378	549.8409	1.456498	3.013714	0.8629551	1.952286
3636	-4327.046	-4876.946	549.9002	1.435507	3.284461	0.8205156	1.884158
3642	-4332.149	-4881.013	548.8645	1.200328	3.015404	0.816865	2.769241
3648	-4349.519	-4897.906	548.3872	1.285575	2.871959	1.316213	2.752509
3654	-4342.24	-4891.755	549.5145	1.464583	3.016998	0.8769002	2.151641
3660	-4335.711	-4885.802	550.0909	1.518335	3.016998	0.7718776	1.811056
3666	-4327.948	-4877.618	549.6704	1.503519	3.392603	0.9800689	1.847839
3672	-4331.858	-4881.378	549.5204	1.347743	3.577186	0.9984138	1.995004
3678	-4321.253	-4871.593	550.3397	1.5374	3.019246	0.8459643	1.558019
3684	-4317.085	-4866.923	549.8384	1.556892	3.097589	1.091183	1.700204
3690	-4324.31	-4873.961	549.6511	1.597998	2.735057	1.411933	1.723023
3696	-4324.473	-4873.878	549.4051	1.500418	2.718858	1.047466	2.170568
3702	-4328.227	-4877.391	549.1634	1.446423	2.962449	0.890458	2.393772
3708	-4329.037	-4878.092	549.0547	1.445149	2.962449	1.465151	2.134059
3714	-4323.156	-4871.223	548.0674	1.33924	2.559228	1.465151	2.931006
3720	-4314.902	-4862.234	547.3318	1.285645	2.701259	1.477521	3.35503
3726	-4321.645	-4870.896	549.2507	1.292502	2.948894	0.8729308	2.451566
3732	-4315.945	-4865.236	549.2918	1.361939	3.357748	0.8729308	2.275524
3738	-4309.29	-4858.762	549.4715	1.43572	3.587857	0.8920893	2.040213
3744	-4356.455	-4905.592	549.1367	1.482841	2.678213	1.051782	2.363492
3750	-4336.644	-4885.752	549.1078	1.238714	3.278559	0.8450737	2.509057
3756	-4331.592	-4880.775	549.1826	1.222199	3.168855	0.895044	2.465459
3762	-4325.551	-4873.477	547.9257	1.121638	3.063131	1.037852	3.227244
3768	-4329.597	-4876.983	547.386	1.07287	3.063131	1.215777	3.477413
3774	-4343.37	-4891.899	548.5287	1.117334	2.943154	0.7760542	3.069777
3780	-4327.767	-4876.621	548.8548	1.256138	3.138243	0.7543097	2.755577
3786	-4336.88	-4885.296	548.4159	1.18752	3.138243	0.788939	3.036985
3792	-4320.317	-4868.49	548.1731	1.274188	3.079543	1.037338	2.985114
3798	-4341.443	-4890.507	549.0645	1.380535	3.079543	0.9534563	2.424307
3804	-4337.859	-4887.193	549.3333	1.392549	3.41353	0.9639067	2.152388
3810	-4342.134	-4890.961	548.8266	1.229243	3.232348	0.7253835	2.788022
3816	-4334.344	-4883.732	549.3889	1.271987	3.380621	0.8104262	2.310722
3822	-4335.182	-4884.409	549.2265	1.328098	3.71847	0.786837	2.316344
3828	-4321.104	-4869.767	548.6627	1.257229	3.546308	1.036721	2.585573
3834	-4351.045	-4900.253	549.2079	1.255943	3.118818	1.044958	2.344155
3840	-4346.436	-4895.121	548.685	1.337331	3.490058	1.029965	2.539147
3846	-4348.022	-4896.494	548.472	1.291932	3.490058	0.9028781	2.778652
3852	-4342.492	-4890.441	547.9486	1.257646	2.716132	1.166094	3.152478
3858	-4318.231	-4866.321	548.0893	1.163711	3.403433	1.268216	2.898991
3864	-4317.929	-4867.514	549.5854	1.295873	3.197811	0.911562	2.14212
3870	-4322.038	-4870.253	548.2148	1.266772	2.942941	1.105426	2.960408
3876	-4320.928	-4868.971	548.0437	1.271454	2.990072	1.220957	2.986292
3882	-4318.7	-4867.871	549.1717	1.286937	3.297086	0.94606	2.364933
3888	-4318.223	-4867.327	549.1039	1.299789	3.541293	0.7524804	2.478802
3894	-4329.004	-4877.781	548.7771	1.404222	3.764476	1.167506	2.294938
3900	-4317.227	-4865.826	548.5987	1.21058	3.36018	0.9516162	2.749752
3906	-4344.527	-4893.608	549.0814	1.302321	2.781964	0.9516162	2.544565
3912	-4319.006	-4867.806	548.8001	1.326084	2.809704	0.9444296	2.700588
3918	-4317.159	-4866.117	548.9573	1.278122	2.949873	0.933342	2.602488
3924	-4342.755	-4891.863	549.1072	1.33598	2.448707	0.9568072	2.602488
3930	-4337.151	-4885.921	548.7702	1.280224	3.363843	1.092225	2.514497
3936	-4320.788	-4869.518	548.7294	1.35902	3.807197	1.092225	2.388079
3942	-4318.845	-4866.68	547.8349	1.17231	3.807197	1.092225	3.051245
3948	-4328.366	-4876.697	548.3314	1.374644	3.038118	1.367687	2.663058
3954	-4338.219	-4886.965	548.7466	1.482937	3.038118	1.279298	2.381089
3960	-4339.719	-4888.548	548.829	1.315525	3.21966	0.8758928	2.627642
3966	-4367.358	-4916.033	548.6751	1.277347	3.496852	0.9928862	2.603766
3972	-4351.24	-4900.047	548.8071	1.277591	3.127492	0.9639939	2.629798
3978	-4331.713	-4879.682	547.9692	1.2411	3.127492	1.100641	3.079094
3984	-4333.234	-4880.332	547.0979	1.048	3.325783	1.208177	3.601629
3990	-4311.432	-4860.246	548.8142	1.297928	3.624299	1.181047	2.363373
3996	-4324.388	-4873.142	548.7545	1.257062	3.624299	0.7808989	2.681605
4002	-4313.185	-4861.195	548.0096	1.177442	4.253787	0.6597371	3.143148
4008	-4309.873	-4858.436	548.5635	1.302849	4.161781	0.7843301	2.654459
4014	-4323.526	-4872.232	548.706	1.302849	4.161781	0.7843301	2.566324
4020	-4329.96	-4879.841	549.881	1.433772	3.273201	1.031761	1.746895
4026	-4333.127	-4882.048	548.9208	1.358382	3.273201	1.265456	2.295816
4032	-4356.436	-4904.87	548.4336	1.28999	3.303235	1.550136	2.500349
4038	-4339.274	-4888.994	549.72	1.492384	3.303235	1.051823	1.796371
4044	-4331.412	-4881.178	549.766	1.533162	4.077177	1.051823	1.534846
4050	-4324.382	-4874.621	550.2388	1.621743	3.540843	0.7142334	1.534846
4056	-4315.389	-4865.591	550.2013	1.613067	3.820268	0.7142334	1.494189
4062	-4330.144	-4880.093	549.9484	1.44912	3.848504	0.7052457	1.795249
4068	-4349.688	-4898.803	549.1149	1.302317	3.268913	0.8586187	2.457671
4074	-4326.473	-4875.333	548.8602	1.203385	4.730106	0.7950213	2.414205
4080	-4331.645	-4880.205	548.5607	1.198002	4.133495	0.7950213	2.718449
4086	-4332.483	-4881.645	549.1617	1.300169	4.141134	0.7950213	2.277029
4092	-4321.99	-4870.922	548.9318	1.173257	2.907477	0.9273548	2.698081
4098	-4337.372	-4886.722	549.3495	1.254619	2.907477	0.8737656	2.423923
4104	-4334.786	-4883.522	548.7357	1.220714	3.833785	0.8189553	2.641913
4110	-4335.793	-4883.901	548.1085	1.165891	3.945376	1.096541	2.859286
4116	-4371.542	-4920.994	549.4527	1.432614	3.060876	0.6640034	2.366576
4122	-4329.719	-4878.948	549.229	1.402176	3.506475	1.120018	2.092148
4128	-4326.792	-4875.845	549.0537	1.489782	3.585059	1.172082	2.099723
4134	-4343.619	-4893.188	549.5685	1.57268	3.172851	1.172082	1.804842
4140	-4344.477	-4894.171	549.6941	1.395415	3.172851	0.9367984	1.993832
4146	-4346.804	-4895.69	548.8864	1.255553	3.172851	0.8289434	2.673495
4152	-4348.362	-4897.522	549.1599	1.222531	2.825334	0.9425694	2.539129
4158	-4350.873	-4899.852	548.9788	1.32962	2.825334	1.015386	2.539129
4164	-4337.203	-4885.767	548.5642	1.385513	3.203242	1.10365	2.609908
4170	-4331.66	-4880.867	549.2073	1.47187	3.496532	0.7604306	2.309057
4176	-4333.663	-4883.109	549.4467	1.409926	3.200715	0.9400393	2.137781
4182	-4318.946	-4868.122	549.176	1.382181	3.424903	0.9363485	2.276345
4188	-4328.042	-4877.737	549.6954	1.487472	4.262067	0.8625061	1.717003
4194	-4319.733	-4869.006	549.273	1.393227	4.406022	0.8314695	2.061657
4200	-4318.88	-4868.16	549.2803	1.304257	3.89979	0.7900774	2.253993
4206	-4335.309	-4884.219	548.9109	1.19686	3.680826	0.9005736	2.525034
4212	-4331.522	-4880.273	548.7508	1.249986	3.30711	0.8678121	2.700268
4218	-4327.698	-4876.367	548.6688	1.268048	3.651441	0.8678121	2.659703
4224	-4341.759	-4890.247	548.4877	1.356002	3.421056	1.03382	2.663551
4230	-4326.948	-4875.894	548.9464	1.400943	3.272608	0.7615305	2.571255
4236	-4340.563	-4889.412	548.8486	1.278816	3.272608	0.7917591	2.684523
4242	-4327.203	-4875.328	548.1247	1.10593	3.647432	0.7594838	3.163489
4248	-4326.67	-4875.563	548.8925	1.237082	2.967022	0.8023777	2.752665
4254	-4308.986	-4857.903	548.9169	1.301676	2.967022	0.9015918	2.62927
4260	-4317.155	-4866.935	549.7803	1.508657	2.967022	0.8405024	1.988263
4266	-4335.277	-4885.425	550.1479	1.473439	2.967022	0.8405024	1.761476
4272	-4343.677	-4892.583	548.9061	1.35435	2.933639	0.8001918	2.682845
4278	-4327.156	-4876.87	549.714	1.349156	2.52145	0.8001918	2.298907
4284	-4315.217	-4864.224	549.0071	1.275276	3.171525	0.8001918	2.607887
4290	-4323.876	-4872.887	549.0106	1.237935	3.171525	0.8001918	2.628774
4296	-4321.426	-4869.641	548.2145	1.175465	2.817665	0.8722188	3.188801
4302	-4321.99	-4870.518	548.5273	1.31034	2.890254	0.8406711	2.92313
4308	-4327.067	-4876.427	549.36	1.40877	2.890254	1.005971	2.235658
4314	-4329.027	-4877.702	548.6748	1.354161	2.988692	1.127626	2.602185
4320	-4313.973	-4863.116	549.1422	1.419005	3.158252	1.013201	2.291584
4326	-4315.9	-4864.902	549.0021	1.298019	3.158252	0.9840927	2.475265
4332	-4308.611	-4858.17	549.5582	1.412894	3.274667	1.111596	1.930528
4338	-4305.066	-4854.569	549.5031	1.523502	2.853966	1.181113	1.969313
4344	-4317.366	-4866.747	549.381	1.441902	4.15873	0.9272851	1.939369
4350	-4308.365	-4858.043	549.6782	1.408496	3.148008	1.112193	1.886289
4356	-4311.422	-4861.364	549.9423	1.50416	3.060811	0.8008571	1.886289
4362	-4323.332	-4872.79	549.4574	1.337064	3.262525	0.9807951	2.134815
4368	-4339.888	-4888.945	549.0576	1.323465	3.262525	0.9807951	2.400053
4374	-4337.453	-4887.137	549.6847	1.434142	3.42349	0.9807951	1.876888
4380	-4323.231	-4872.912	549.6805	1.399313	3.333612	1.026388	1.896106
4386	-4319.845	-4868.555	548.7104	1.360947	3.083849	1.143771	2.541936
4392	-4315.281	-4863.997	548.7161	1.323468	3.161204	1.143771	2.541936
4398	-4311.54	-4859.758	548.2173	1.333956	3.753066	1.109029	2.72424
4404	-4303.945	-4852.046	548.1011	1.320855	3.443555	0.9212502	2.984282
4410	-4316.285	-4863.984	547.6989	1.242408	2.793608	1.108072	3.319449
4416	-4330.103	-4877.781	547.6782	1.341731	3.389705	1.553027	2.910218
4422	-4319.314	-4867.62	548.3063	1.247158	3.442802	1.102052	2.796426
4428	-4307.861	-4856.205	548.3433	1.269007	2.874176	1.26361	2.815211
4434	-4335.548	-4884.268	548.7201	1.296866	2.830164	1.270901	2.574974
4440	-4318.721	-4866.782	548.0616	1.296866	3.300802	1.270901	2.857941
4446	-4343.503	-4891.53	548.0265	1.212667	3.300802	0.9206377	3.12693
4452	-4332.067	-4879.785	547.718	1.140116	2.680643	1.207135	3.346571
4458	-4343.757	-4891.542	547.7852	1.266482	2.680643	1.207135	3.232438
4464	-4349.916	-4898.082	548.1659	1.225458	3.102628	1.133613	2.958538
4470	-4338.364	-4887.283	548.9194	1.345509	3.052081	0.9234753	2.563792
4476	-4343.825	-4892.887	549.0614	1.388302	3.052081	0.8979784	2.465501
4482	-4328.41	-4878.245	549.8351	1.429164	2.717008	0.8979784	2.036052
4488	-4329.675	-4878.975	549.3009	1.276545	3.424156	0.8979784	2.290404
4494	-4337.039	-4886.738	549.699	1.538228	3.800678	0.8153697	1.824187
4500	-4343.356	-4892.662	549.3058	1.357875	2.79944	1.060308	2.294892
4506	-4341.345	-4889.823	548.4779	1.331658	2.79944	1.091806	2.807902
4512	-4343.015	-4891.99	548.9755	1.374198	2.901461	1.04653	2.473351
4518	-4341.212	-4890.251	549.0396	1.273108	3.008681	1.04653	2.467633
4524	-4342.278	-4891.841	549.5623	1.410581	2.917224	1.077612	2.04945
4530	-4359.237	-4908.832	549.5953	1.395422	2.592181	1.018226	2.172312
4536	-4355.417	-4904.82	549.4029	1.314888	3.253962	1.018226	2.162581
4542	-4348.06	-4897.11	549.05	1.332426	2.638902	0.9560067	2.583491
4548	-4347.006	-4896.531	549.5259	1.262231	2.490675	0.7463578	2.52306
4554	-4329.97	-4879.359	549.3891	1.322895	2.840286	0.7463578	2.468473
4560	-4325.712	-4874.535	548.8229	1.265781	2.840286	1.09706	2.62267
4566	-4332.249	-4881.006	548.757	1.323027	3.112861	1.115176	2.54532
4572	-4336.664	-4885.899	549.2348	1.350798	3.112861	1.06124	2.257952
4578	-4319.061	-4868.293	549.2324	1.288022	2.702833	1.091995	2.394844
4584	-4320.023	-4868.999	548.9757	1.270598	3.322537	0.9629644	2.481372
4590	-4320.155	-4868.934	548.7789	1.206057	3.524879	0.9629644	2.595989
4596	-4323.168	-4872.613	549.4445	1.456032	2.903467	1.132132	2.067823
4602	-4320.126	-4869.414	549.2874	1.47591	2.903467	1.230701	2.100872
4608	-4321.505	-4870.328	548.8225	1.368421	3.260916	1.081221	2.458339
4614	-4332.225	-4881.276	549.0503	1.349223	3.538229	1.081221	2.258334
4620	-4335.331	-4884.141	548.8098	1.319564	3.050604	1.081221	2.55041
4626	-4328.635	-4877.46	548.825	1.297879	3.94878	1.081221	2.341781
4632	-4333.107	-4882.278	549.1712	1.282728	3.391257	0.8851701	2.385866
4638	-4341.601	-4890.679	549.0776	1.191223	3.391257	0.7007053	2.638653
4644	-4344.163	-4892.484	548.3209	1.191223	4.036949	0.9324471	2.794815
4650	-4321.659	-4870.301	548.6415	1.235048	3.375173	1.227395	2.544787
4656	-4342.712	-4891.628	548.9155	1.333311	3.412169	1.247305	2.290403
4662	-4322.042	-4871.05	549.0079	1.338781	2.758246	1.241773	2.404246
4668	-4314.634	-4863.531	548.8978	1.32413	2.931309	1.216523	2.448112
4674	-4325.494	-4874.402	548.9079	1.249628	3.292794	1.01118	2.513737
4680	-4319.193	-4868.825	549.6327	1.378564	3.09429	1.119474	1.947786
4686	-4318.974	-4868.281	549.3073	1.350388	3.077121	0.9541585	2.289493
4692	-4340.877	-4889.806	548.9298	1.278616	3.876198	0.9541585	2.382913
4698	-4342.762	-4891.183	548.4205	1.3789	3.267557	0.9541585	2.776363
4704	-4320.875	-4870.106	549.2311	1.395816	3.112569	0.9541585	2.299803
4710	-4322.619	-4872.094	549.4748	1.395816	3.180076	0.9534098	2.124976
4716	-4316.622	-4866.154	549.5328	1.409478	3.180076	0.7912894	2.195353
4722	-4328.348	-4877.159	548.8115	1.29224	2.95338	0.8360644	2.748165
4728	-4336.446	-4884.812	548.3667	1.263935	3.412629	1.174585	2.716094
4734	-4360.181	-4908.7	548.5185	1.417511	3.524231	1.084524	2.552303
4740	-4324.683	-4873.988	549.3055	1.332189	3.419465	0.8753652	2.268825
4746	-4340.019	-4889.43	549.4109	1.405797	3.509701	0.7505889	2.225461
4752	-4337.252	-4886.805	549.5532	1.351839	3.668644	0.8337342	2.065285
4758	-4331.059	-4880.252	549.1934	1.393441	3.952228	0.7921898	2.239372
4764	-4331.683	-4881.108	549.4244	1.386621	4.638426	0.6909076	2.033079
4770	-4310.795	-4860.075	549.2808	1.313469	4.067324	0.7262712	2.261747
4776	-4304.364	-4853.912	549.5478	1.3778	3.717545	0.7303607	2.121795
4782	-4306.986	-4855.565	548.579	1.338886	3.57784	0.7629727	2.762699
4788	-4302.041	-4851.198	549.1565	1.424583	3.971546	0.7171301	2.298207
4794	-4310.649	-4859.936	549.287	1.418523	4.045722	1.043614	1.964225
4800	-4322.656	-4871.917	549.2613	1.376477	4.076905	0.8196759	2.158458
4806	-4318.245	-4867.663	549.4177	1.405818	4.118259	0.787962	2.052144
4812	-4338.526	-4887.37	548.8445	1.372849	2.735733	1.125444	2.555837
4818	-4322.796	-4871.036	548.2392	1.308481	2.735733	1.091606	2.983755
4824	-4331.877	-4881.531	549.6545	1.412505	3.986291	0.6252531	2.059613
4830	-4344.752	-4893.638	548.8864	1.412505	3.766108	0.8953005	2.389494
4836	-4335.799	-4884.834	549.035	1.342164	3.410447	0.8780616	2.434564
4842	-4321.168	-4870.178	549.01	1.359073	3.30372	0.9238458	2.434564
4848	-4318.312	-4867.539	549.2264	1.27462	3.30372	0.8463898	2.404923
4854	-4318.614	-4868.138	549.525	1.369805	2.848757	0.9041285	2.234168
4860	-4332.047	-4881.365	549.3187	1.427006	3.132126	0.9041285	2.252363
4866	-4326.508	-4876.43	549.9212	1.483317	3.132126	0.7858731	1.906797
4872	-4309.672	-4858.966	549.2938	1.420762	3.217309	0.8376437	2.297446
4878	-4321.153	-4870.826	549.6729	1.392872	3.921832	0.8376437	1.89519
4884	-4323.09	-4872.411	549.3211	1.521712	3.570634	0.8376437	2.126706
4890	-4316.529	-4865.92	549.3915	1.407492	3.570634	0.8376437	2.155261
4896	-4314.918	-4864.574	549.6565	1.438689	3.040541	0.8390226	2.096962
4902	-4321.95	-4871.523	549.5732	1.382697	2.821196	1.011837	2.130277
4908	-4330.734	-4879.813	549.0784	1.296199	3.730458	1.011837	2.27248
4914	-4341.965	-4890.38	548.4157	1.190546	3.187368	1.18472	2.779734
4920	-4345.093	-4893.564	548.471	1.333987	3.809598	1.18472	2.512886
4926	-4327.881	-4875.809	547.9284	1.197317	4.005162	0.9546223	3.020627
4932	-4352.37	-4900.523	548.1527	1.205447	3.860986	0.874222	2.962272
4938	-4340.329	-4889.207	548.8777	1.18134	3.524011	0.874222	2.608851
4944	-4327.726	-4876.144	548.4177	1.178397	3.33049	0.8180864	2.974641
4950	-4334.806	-4882.838	548.0325	1.199699	3.405081	1.155197	2.970122
4956	-4328.583	-4876.733	548.1495	1.270976	3.30036	1.155197	2.881122
4962	-4331.234	-4879.193	547.9586	1.227149	3.847273	0.9450015	3.022982
4968	-4320.335	-4868.522	548.187	1.16345	2.921719	1.144815	3.022982
4974	-4318.572	-4867.423	548.8517	1.34992	3.263054	0.8961098	2.567881
4980	-4323.2	-4872.223	549.0229	1.363704	3.496341	0.8961098	2.395665
4986	-4327.176	-4876.335	549.1586	1.42164	3.382525	0.8837832	2.308746
4992	-4324.259	-4872.589	548.3295	1.334387	3.173965	1.074533	2.809152
4998	-4316.574	-4865.215	548.6409	1.234173	2.650179	1.074533	2.819615
5004	-4307.793	-4856.823	549.0303	1.385292	2.768263	1.240226	2.35861
5010	-4326.347	-4875.058	548.7112	1.308753	3.28999	0.9741269	2.622982
5016	-4320.204	-4868.597	548.3927	1.351829	4.420012	1.047603	2.503999
5022	-4334.052	-4882.245	548.1933	1.256502	3.108177	1.335956	2.817345
5028	-4320.85	-4869.543	548.6932	1.341988	3.197951	1.012984	2.612089
5034	-4318.415	-4867.097	548.6814	1.284103	2.865088	1.012984	2.741251
5040	-4331.892	-4880.784	548.8922	1.204062	2.715136	1.012984	2.702519
5046	-4310.92	-4859.8	548.8797	1.204062	3.020506	1.04175	2.609954
5052	-4307.982	-4857.197	549.2155	1.333891	2.981829	1.04175	2.328232
5058	-4312.759	-4861.371	548.6119	1.316096	2.981829	1.096768	2.68382
5064	-4301.695	-4849.783	548.0872	1.23637	3.712169	1.023223	2.921169
5070	-4318.254	-4867.294	549.0392	1.326735	3.314127	1.154807	2.291306
5076	-4336.255	-4885.374	549.1189	1.360842	3.077792	1.289459	2.20507
5082	-4319.309	-4868.458	549.1488	1.466047	3.449124	1.071845	2.146416
5088	-4314.495	-4863.967	549.4718	1.50963	3.432599	1.166155	1.848102
5094	-4321.83	-4870.995	549.1651	1.271756	2.133426	1.025704	2.666212
5100	-4323.856	-4873.722	549.8657	1.532768	3.738544	0.7501762	1.781937
5106	-4312.377	-4862.117	549.7391	1.528486	3.862956	0.7533152	1.839501
5112	-4319.554	-4869.109	549.5552	1.457358	3.889851	0.7533152	2.005627
5118	-4321.955	-4871.44	549.4852	1.355645	3.380549	0.7533152	2.239371
5124	-4313.665	-4862.865	549.2003	1.257741	3.380549	0.7533152	2.482243
5130	-4330.416	-4879.851	549.4344	1.369025	3.436411	0.8220769	2.196666
5136	-4324.114	-4874.159	550.0445	1.45743	3.778189	0.5920218	1.847701
5142	-4328.538	-4878.438	549.8999	1.488935	3.171619	0.7176335	1.963324
5148	-4312.568	-4862.122	549.5535	1.540987	3.147087	0.7176335	2.164241
5154	-4314.404	-4863.764	549.3598	1.397774	3.026265	0.9510521	2.24114
5160	-4336.94	-4885.303	548.3633	1.197528	3.591273	0.8018873	2.947884
5166	-4352.064	-4900.171	548.1068	1.157274	3.690553	0.9301316	3.018591
5172	-4305.944	-4855.436	549.4923	1.323539	3.507014	0.7826041	2.20148
5178	-4306.056	-4854.79	548.7344	1.345875	3.630916	0.9359536	2.529887
5184	-4312.241	-4861.941	549.7001	1.385155	3.054024	0.7488892	2.169702
5190	-4333.191	-4881.361	548.1698	1.261526	3.779497	1.166322	2.7601
5196	-4351.378	-4900.796	549.4176	1.548277	3.232264	1.112206	1.945003
5202	-4310.025	-4860.395	550.3706	1.538796	3.03415	0.6808193	1.676463
5208	-4325.452	-4875.121	549.6689	1.513679	3.03415	0.8061906	2.066218
5214	-4311.333	-4860.308	548.9747	1.34222	3.363673	1.130486	2.324285
5220	-4314.851	-4863.542	548.6903	1.24651	3.363673	1.016564	2.630209
5226	-4303.71	-4851.992	548.2824	1.327817	3.506404	0.9882362	2.814277
5232	-4326.149	-4873.708	547.5595	1.149329	3.089612	0.9882362	3.44875
5238	-4320.611	-4867.816	547.2056	1.141792	4.038922	0.9882362	3.454021
5244	-4325.706	-4875.337	549.6313	1.321522	3.403394	0.7723178	2.146077
5250	-4320.513	-4869.862	549.3495	1.344978	3.156304	1.110351	2.146077
5256	-4329.345	-4877.799	548.4533	1.299775	3.556031	1.145931	2.623282
5262	-4322.688	-4871.302	548.6135	1.260036	3.587075	1.077404	2.580844
5268	-4310.794	-4859.605	548.8114	1.223676	3.587075	0.9893995	2.533818
5274	-4318.953	-4866.687	547.7334	1.103407	3.587075	0.9893995	3.258778
5280	-4341.559	-4889.703	548.1437	1.274986	3.587075	1.472632	2.65765
5286	-4346.11	-4895.311	549.2013	1.525481	3.303465	1.286031	1.984662
5292	-4330.708	-4880.861	550.1529	1.525481	2.976105	0.9131348	1.661855
5298	-4308.989	-4858.962	549.9722	1.531302	3.254971	0.9131348	1.704439
5304	-4325.384	-4874.82	549.4359	1.544284	3.843201	0.9064922	1.919921
5310	-4339.662	-4889.498	549.8355	1.437778	3.975602	0.7218651	1.836208
5316	-4343.639	-4893.167	549.5273	1.429641	4.059961	0.7218651	2.030508
5322	-4317.052	-4866.692	549.6403	1.356011	3.474292	0.8629314	2.030508
5328	-4302.924	-4852.345	549.4218	1.336796	3.293778	0.7861144	2.288293
5334	-4324.998	-4873.749	548.751	1.222181	3.01701	0.7896484	2.844098
5340	-4316.246	-4864.291	548.0452	1.204587	3.872202	0.9377284	2.983942
5346	-4313.891	-4862.235	548.3446	1.119003	3.292401	0.9377284	2.983942
5352	-4321.152	-4869.782	548.63	1.296836	3.126347	0.8977595	2.769848
5358	-4316.873	-4865.008	548.1344	1.301238	3.126347	1.292444	2.8429
5364	-4318.337	-4867.151	548.8132	1.451453	4.22455	0.99183	2.248464
5370	-4343.11	-4892.217	549.1069	1.277759	3.098449	0.7340851	2.612915
5376	-4340.669	-4889.333	548.6639	1.258628	3.637099	0.9568643	2.612915
5382	-4315.441	-4863.967	548.5262	1.304849	3.435652	0.9551074	2.716447
5388	-4314.889	-4862.427	547.5373	1.28401	3.373407	1.202508	3.197648
5394	-4309.755	-4858.694	548.9384	1.29496	3.129516	0.9547222	2.543035
5400	-4327.025	-4875.15	548.1248	1.339382	3.101911	1.170253	2.894962
5406	-4332.356	-4880.715	548.3593	1.21193	3.641502	0.7811126	2.945447
5412	-4322.495	-4871.185	548.6898	1.276335	3.526957	0.7608816	2.746315
5418	-4307.553	-4856.222	548.6692	1.299212	3.526957	0.7608816	2.744941
5424	-4316.326	-4865.721	549.3942	1.386521	3.433838	1.179508	1.975703
5430	-4327.016	-4875.124	548.1076	1.426067	3.51186	1.444038	2.617155
5436	-4328.122	-4877.026	548.9041	1.252378	3.534484	0.9136684	2.519295
5442	-4315.163	-4864.842	549.6792	1.46714	3.232781	0.7938062	2.046006
5448	-4313.701	-4863.046	549.345	1.395081	4.173294	0.7938062	2.09072
5454	-4314.929	-4863.707	548.7773	1.407341	4.210719	0.7938062	2.439489
5460	-4327.887	-4877.685	549.7978	1.534874	2.975853	0.9136684	1.901979
5466	-4328.816	-4877.797	548.9813	1.357218	3.908171	0.8679766	2.352085
5472	-4331.65	-4880.401	548.7512	1.302309	3.908171	1.173873	2.34092
5478	-4349.21	-4897.597	548.3869	1.273483	3.739482	0.7658109	2.881515
5484	-4331.704	-4881.059	549.3551	1.382853	3.080969	0.9586125	2.233968
5490	-4307.686	-4856.784	549.0974	1.224288	3.156468	0.7429793	2.630206
5496	-4307.119	-4856.741	549.6227	1.346847	3.453143	0.7429793	2.146305
5502	-4318.328	-4867.06	548.7319	1.214157	2.834321	1.006185	2.765591
5508	-4336.808	-4884.562	547.7538	1.112043	2.834321	1.006185	3.410466
5514	-4318.792	-4866.911	548.1193	1.237263	3.098774	1.056757	3.023475
5520	-4350.867	-4899.332	548.4654	1.333543	2.834321	1.163393	2.765044
5526	-4331.251	-4880.163	548.912	1.278936	2.942141	0.9845943	2.59939
5532	-4337.805	-4886.105	548.3001	1.216746	2.942141	0.9845943	3.009685
5538	-4364.385	-4913.116	548.731	1.216746	3.235693	0.8807104	2.741338
5544	-4356.507	-4905.095	548.588	1.234321	3.645075	0.9903737	2.651893
5550	-4331.172	-4880.798	549.6263	1.545468	2.992774	1.290186	1.765445
5556	-4323.264	-4872.672	549.4081	1.428473	3.335445	0.8297886	2.194644
5562	-4335.551	-4884.15	548.5993	1.363121	3.335445	0.9983608	2.632341
5568	-4336.459	-4886.465	550.0059	1.48372	3.28095	0.8744454	1.736651
5574	-4338.933	-4888.299	549.3659	1.288556	3.150218	1.047892	2.211988
5580	-4346.199	-4896.074	549.8746	1.416079	3.235288	0.8391237	1.913505
5586	-4329.971	-4878.762	548.791	1.298075	3.460723	0.8391237	2.629337
5592	-4331.74	-4880.619	548.8793	1.211957	3.816863	0.972828	2.45764
5598	-4324.033	-4872.856	548.8231	1.194141	3.101557	0.972828	2.672356
5604	-4314.972	-4863.317	548.3456	1.241868	3.323987	1.128526	2.788747
5610	-4343.531	-4893.098	549.5662	1.358779	3.783301	0.8394426	2.020642
5616	-4344.176	-4893.391	549.2149	1.521298	3.47211	1.114574	2.034685
5622	-4336.004	-4884.881	548.8777	1.438758	3.676226	1.226353	2.195198
5628	-4329.908	-4879.084	549.1761	1.433443	3.046804	1.103779	2.234422
5634	-4325.879	-4874.735	548.8563	1.470923	3.046804	0.9297915	2.522187
5640	-4330.038	-4879.527	549.4892	1.424647	3.046804	0.7799469	2.257846
5646	-4316.8	-4866.399	549.5997	1.497231	3.957582	0.7799469	1.911619
5652	-4314.692	-4864.944	550.2516	1.626916	3.957582	0.7799469	1.345076
5658	-4334.81	-4884.776	549.9661	1.607684	3.957582	0.7799469	1.576985
5664	-4328.772	-4879.163	550.3912	1.707382	2.98972	0.8470078	1.399203
5670	-4328.299	-4878.07	549.7714	1.517845	3.601765	0.8470078	1.812496
5676	-4328.052	-4877.82	549.7684	1.414529	3.20885	0.8470078	1.987054
5682	-4316.703	-4866.721	550.0178	1.516319	3.187784	0.8518342	1.749282
5688	-4331.614	-4881.758	550.1438	1.597611	3.648671	0.9277448	1.40714
5694	-4327.967	-4877.871	549.9044	1.596478	3.812133	0.9277448	1.545034
5700	-4331.518	-4881.188	549.67	1.35117	2.912828	0.9818072	2.080731
5706	-4335.42	-4884.781	549.361	1.287902	2.914125	1.004121	2.307011
5712	-4333.211	-4883.321	550.1106	1.729021	3.064926	0.9278677	1.505115
5718	-4338.867	-4888.281	549.4141	1.530209	3.134324	1.065085	2.015567
5724	-4323.361	-4873.243	549.8822	1.497018	3.858411	1.065085	1.521045
5730	-4313.368	-4862.658	549.2891	1.435998	3.813686	0.8457588	2.140466
5736	-4315.943	-4865.441	549.4983	1.385498	3.747806	0.6902943	2.175589
5742	-4327.52	-4876.904	549.3841	1.403139	3.85115	0.6810665	2.222484
5748	-4318.663	-4868.207	549.5442	1.426005	3.85115	0.8476634	1.968402
5754	-4326.974	-4876.143	549.1687	1.542323	3.423137	0.8476634	2.240685
5760	-4318.721	-4868.92	550.1987	1.556458	3.423137	0.7643552	1.598803
5766	-4308.225	-4857.114	548.8889	1.494976	3.402449	1.344153	2.154281
5772	-4312.067	-4860.705	548.6375	1.304126	3.402449	1.303224	2.457846
5778	-4311.375	-4860.591	549.2161	1.270676	3.433751	0.7978629	2.417591
5784	-4327.734	-4876.842	549.1083	1.33051	3.433751	0.7619168	2.474875
5790	-4349.475	-4898.729	549.254	1.430194	2.614031	1.113546	2.304494
5796	-4348.585	-4897.393	548.8079	1.477517	2.687821	1.113546	2.534026
5802	-4345.022	-4893.58	548.5582	1.425597	3.643082	1.18772	2.43644
5808	-4335.116	-4884.068	548.9521	1.413941	3.643082	1.18772	2.192583
5814	-4341.595	-4889.518	547.9225	1.186736	3.027315	1.117037	3.155041
5820	-4324.071	-4872.033	547.9619	1.240448	3.305908	1.434823	2.872286
5826	-4336.305	-4884.056	547.7515	1.355969	3.305908	1.316695	2.985445
5832	-4329.167	-4878.269	549.1025	1.40078	3.506521	1.355591	2.04402
5838	-4313.224	-4861.736	548.5122	1.19697	3.506521	0.8960994	2.812728
5844	-4334.431	-4882.652	548.2208	1.161094	4.234714	0.837545	2.897597
5850	-4346.765	-4895.467	548.7025	1.295119	4.31756	0.7361092	2.57895
5856	-4326.35	-4875.092	548.7421	1.258622	3.782379	1.054042	2.471574
5862	-4332.53	-4881.159	548.6295	1.313685	3.782379	0.9039588	2.602485
5868	-4321.433	-4869.659	548.2262	1.287973	4.149836	0.8528393	2.823614
5874	-4323.888	-4872.472	548.5838	1.236966	3.338364	1.143988	2.633682
5880	-4342.993	-4891.543	548.5499	1.33261	3.69595	1.143988	2.512345
5886	-4349.312	-4896.988	547.6756	1.259223	3.77869	1.143988	3.072036
5892	-4333.813	-4881.965	548.1518	1.172197	3.198997	1.157649	2.962314
5898	-4325.391	-4874.078	548.6877	1.184995	3.95333	0.7800795	2.696357
5904	-4341.658	-4891.093	549.4357	1.344422	3.485408	0.771348	2.238509
5910	-4345.466	-4894.005	548.5392	1.360076	3.808306	1.14274	2.477641
5916	-4344.465	-4893.081	548.6161	1.307056	3.73009	1.14274	2.479973
5922	-4341.769	-4890.587	548.8185	1.399339	3.73009	0.9494731	2.412442
5928	-4359.625	-4908.099	548.474	1.173357	3.255458	1.10017	2.784638
5934	-4324.142	-4873.331	549.1896	1.28464	3.29764	1.148545	2.229524
5940	-4328.945	-4877.988	549.0429	1.351511	3.29764	0.8404482	2.477669
5946	-4336.983	-4885.707	548.724	1.290279	2.946839	1.115781	2.629116
5952	-4344.619	-4892.561	547.9423	1.278825	3.655662	1.31951	2.835812
5958	-4337.643	-4885.892	548.2491	1.254663	3.003462	1.286217	2.835812
5964	-4338.518	-4886.617	548.0981	1.233291	3.003462	1.286217	2.940008
5970	-4343.145	-4892.687	549.5417	1.355484	3.048662	1.161977	2.01109
5976	-4337.787	-4887.634	549.8466	1.476575	3.68294	0.9614235	1.681567
5982	-4334.635	-4884.319	549.6837	1.516395	3.892945	0.9614235	1.716439
5988	-4332.812	-4881.656	548.8434	1.457203	2.95916	1.277566	2.358215
5994	-4328.556	-4876.869	548.3138	1.331469	2.860249	1.195075	2.834541
6000	-4311.028	-4860.421	549.3927	1.399993	2.855477	1.184185	2.121897
6006	-4325.076	-4873.912	548.8356	1.363969	4.085879	0.7613058	2.480331
6012	-4316.141	-4865.72	549.5792	1.399428	3.563556	0.971502	1.942623
6018	-4320.062	-4869.263	549.2013	1.401558	3.470783	1.187465	2.079753
6024	-4325.143	-4874.939	549.7962	1.515642	3.188861	0.9686567	1.816227
6030	-4330.003	-4879.83	549.827	1.512132	3.188861	1.094782	1.711176
6036	-4337.499	-4886.462	548.9637	1.393818	3.149719	1.094782	2.373545
6042	-4306.678	-4856.294	549.6153	1.481196	2.789235	1.079117	2.004052
6048	-4310.768	-4860.165	549.3976	1.417788	3.094514	0.8088443	2.286245
6054	-4348.86	-4898.385	549.5243	1.261101	2.799122	0.8834543	2.332759
6060	-4314.544	-4863.723	549.1792	1.432175	3.364374	0.8482097	2.318581
6066	-4334.854	-4884.162	549.3079	1.41916	3.364374	0.8482097	2.244505
6072	-4345.664	-4895.193	549.5293	1.313954	3.466076	0.8321257	2.155984
6078	-4345.057	-4893.764	548.7068	1.257085	3.466076	0.9813002	2.611092
6084	-4331.957	-4880.482	548.5253	1.222252	2.767871	1.134316	2.830403
6090	-4331.886	-4880.291	548.4046	1.325114	2.734606	1.134316	2.850425
6096	-4340.023	-4888.773	548.7497	1.348151	2.998293	1.134316	2.553155
6102	-4314.336	-4863.564	549.2276	1.327574	3.966937	0.7674995	2.275615
6108	-4309.481	-4857.888	548.4075	1.253858	3.9769	0.7654235	2.831358
6114	-4340.423	-4889.557	549.1341	1.386027	3.60582	1.139016	2.129481
6120	-4332.872	-4882.16	549.2876	1.386398	3.725896	0.872328	2.174567
6126	-4340.592	-4890.127	549.5352	1.448393	3.777892	0.872328	1.958131
6132	-4320.672	-4868.929	548.2572	1.234971	3.994505	0.7478347	2.943104
6138	-4319.657	-4868.172	548.5145	1.250051	3.945876	0.7478347	2.788127
6144	-4323.365	-4872.035	548.6705	1.208613	3.620762	0.7478347	2.788127
6150	-4316.788	-4864.657	547.8694	1.27828	3.174636	1.402908	2.951742
6156	-4333.962	-4881.999	548.037	1.228449	2.70072	1.03529	3.193824
6162	-4326.49	-4875.176	548.6864	1.173528	2.920386	0.8986593	2.862817
6168	-4316.08	-4864.641	548.5614	1.204534	2.76942	0.8986593	2.959942
6174	-4297.541	-4846.672	549.1311	1.278669	2.927356	0.957497	2.48438
6180	-4359.38	-4908.195	548.8145	1.373107	4.229355	0.8779726	2.373133
6186	-4330.73	-4879.055	548.3245	1.189286	3.560702	0.6838565	3.071106
6192	-4311.461	-4861.204	549.7424	1.412899	3.085161	0.8064606	2.069925
6198	-4305.796	-4854.563	548.7663	1.394466	3.755858	0.8064606	2.541303
6204	-4304.024	-4853.05	549.0261	1.280633	3.739036	0.8064606	2.45381
6210	-4319.303	-4868.982	549.6791	1.498971	3.59398	1.064872	1.734555
6216	-4322.197	-4872.381	550.1838	1.56631	3.59398	0.8953974	1.442504
6222	-4313.174	-4863.181	550.0064	1.630626	3.468528	0.9163018	1.545746
6228	-4328.256	-4878.541	550.285	1.595219	2.958378	0.9528676	1.488874
6234	-4341.165	-4891.362	550.1968	1.591666	2.684854	0.9528676	1.645913
6240	-4341.317	-4889.577	548.26	1.177126	3.653414	0.7969355	3.012099
6246	-4342.977	-4891.442	548.465	1.238726	3.484009	0.9999076	2.755286
6252	-4350.284	-4899.354	549.0699	1.292807	2.66621	1.382908	2.348168
6258	-4358.814	-4907.201	548.3872	1.241768	2.768745	1.382908	2.774973
6264	-4352.881	-4901.23	548.3489	1.296982	3.340023	1.293809	2.661473
6270	-4330.226	-4878.843	548.617	1.375996	3.37486	0.6082637	2.888062
6276	-4315.691	-4864.732	549.0413	1.29427	3.986492	0.6217706	2.53077
6282	-4309.893	-4858.413	548.5204	1.272355	4.182074	0.7882678	2.692801
6288	-4324.43	-4873.916	549.486	1.36481	3.236436	0.7231518	2.293467
6294	-4340.509	-4890.042	549.5328	1.432402	3.718942	0.6817987	2.13659
6300	-4336.1	-4884.708	548.6082	1.231642	3.33876	0.951607	2.736148
6306	-4326.129	-4874.941	548.8121	1.354517	3.151402	1.111782	2.483375
6312	-4318.479	-4867.744	549.2651	1.501106	2.907979	1.005325	2.232727
6318	-4332.804	-4881.736	548.9317	1.381078	2.899201	1.017858	2.514589
6324	-4333.217	-4882.234	549.0168	1.361924	2.899201	0.952618	2.514589
6330	-4330.948	-4879.702	548.7535	1.339843	3.752446	0.952618	2.483615
6336	-4320.041	-4868.837	548.7958	1.328345	3.666302	0.952618	2.483615
6342	-4323.46	-4873.116	549.6557	1.37728	2.971495	0.9134127	2.103136
6348	-4327.022	-4875.739	548.7172	1.359024	3.506982	0.974881	2.535884
6354	-4309.698	-4858.81	549.1119	1.441257	3.720588	0.9169728	2.222622
6360	-4329.626	-4879.455	549.8299	1.527969	3.033797	0.9169728	1.865652
6366	-4334.673	-4883.405	548.7322	1.356938	3.033797	1.102897	2.567203
6372	-4317.771	-4866.371	548.5994	1.319017	3.93756	1.102897	2.460534
6378	-4309.278	-4858.055	548.7777	1.195951	4.25747	0.7937948	2.561987
6384	-4308.598	-4856.981	548.3834	1.246872	3.385782	0.7937948	2.958383
6390	-4313.875	-4862.486	548.6112	1.224823	3.385782	1.04632	2.669168
6396	-4305.211	-4854.366	549.1547	1.436881	3.385782	1.015016	2.212957
6402	-4315.833	-4864.665	548.8321	1.310463	3.406047	1.005025	2.499371
6408	-4308.449	-4857.707	549.2576	1.340405	3.406047	1.005025	2.210178
6414	-4339.297	-4888.418	549.1211	1.319036	3.34764	0.9752466	2.344988
6420	-4345.498	-4894.95	549.4514	1.357392	3.323183	0.9211635	2.150264
6426	-4341.986	-4891.43	549.444	1.459975	3.485686	1.003872	1.990203
6432	-4350.241	-4900.168	549.927	1.589147	3.485686	0.8519869	1.679737
6438	-4328.171	-4877.608	549.4364	1.399111	4.736593	0.7527009	1.944757
6444	-4325.317	-4875.184	549.8672	1.528124	3.660314	0.6496669	1.893305
6450	-4340.091	-4890.379	550.2889	1.682806	3.660314	0.6887194	1.443131
6456	-4324.239	-4874.045	549.8058	1.5183	4.561461	0.6887194	1.70008
6462	-4348.988	-4898.096	549.1082	1.294965	3.696592	0.997688	2.270919
6468	-4334.571	-4883.157	548.5858	1.314391	3.814285	1.088182	2.507185
6474	-4340.09	-4888.951	548.8612	1.248544	3.814285	0.7367372	2.612627
6480	-4313.645	-4862.289	548.6445	1.251311	3.814285	0.8502277	2.661419
6486	-4322.216	-4870.814	548.5982	1.198979	2.876805	0.8502277	2.944541
6492	-4334.229	-4883.066	548.8369	1.291936	3.727817	0.8084151	2.565921
6498	-4334.412	-4883.065	548.653	1.293731	4.268062	0.8084151	2.565921
6504	-4313.687	-4862.203	548.5157	1.399818	4.045223	1.059108	2.465485
6510	-4313.618	-4862.408	548.7897	1.288903	3.815866	1.059108	2.412149
6516	-4334.653	-4883.126	548.4722	1.383773	4.060856	1.059108	2.499525
6522	-4342.069	-4890.826	548.7571	1.266536	3.404267	0.8734296	2.659221
6528	-4324.752	-4873.105	548.3531	1.379258	3.368151	0.9006087	2.827667
6534	-4318.707	-4866.429	547.722	1.11988	3.718987	1.121138	3.152403
6540	-4339.751	-4888.107	548.356	1.257211	3.368151	0.9199102	2.887294
6546	-4338.263	-4887.234	548.971	1.353173	3.368151	0.9055062	2.459329
6552	-4333.384	-4882.428	549.0438	1.280403	3.368151	0.9055062	2.459329
6558	-4331.382	-4880.841	549.4583	1.429156	3.368151	0.9055062	2.098315
6564	-4329.67	-4878.928	549.2586	1.363298	3.87977	0.6934706	2.311759
6570	-4351.866	-4900.791	548.9248	1.415295	4.843559	0.8047324	2.209417
6576	-4352.887	-4902.787	549.9002	1.490816	3.825262	0.7277426	1.785408
6582	-4349.931	-4899.492	549.5609	1.674639	3.30875	1.072388	1.765091
6588	-4330.077	-4879.861	549.7846	1.513231	3.153268	1.072388	1.765091
6594	-4340.887	-4891.263	550.3752	1.527204	3.188261	0.6714991	1.6449
6600	-4343.209	-4893.056	549.8474	1.43294	3.188261	0.8630094	1.915079
6606	-4361.157	-4911.173	550.0159	1.318872	3.987146	0.8079095	1.717569
6612	-4340.78	-4890.063	549.2839	1.360485	3.179721	0.9096066	2.301109
6618	-4313.403	-4861.942	548.5389	1.188942	2.86702	1.042997	2.867466
6624	-4316.224	-4865.115	548.8909	1.326582	3.708689	1.034786	2.363196
6630	-4315.668	-4865.033	549.3642	1.33447	3.845676	1.041519	2.015629
6636	-4324.485	-4873.99	549.505	1.362529	3.811364	0.8477567	2.045964
6642	-4331.389	-4880.814	549.4248	1.357694	2.835853	0.8989684	2.313401
6648	-4324.585	-4873.993	549.4085	1.367911	2.957942	0.8989684	2.28316
6654	-4336.458	-4885.278	548.8203	1.315897	2.891116	0.6639945	2.874676
6660	-4343.915	-4893.06	549.1449	1.325869	2.875902	0.6639945	2.674639
6666	-4343.22	-4892.505	549.2852	1.235805	3.970269	0.8504591	2.234425
6672	-4337.069	-4885.32	548.2512	1.180892	4.333219	1.067254	2.702515
6678	-4355.488	-4904.222	548.7342	1.264024	2.801534	1.014639	2.737548
6684	-4344.766	-4893.872	549.1061	1.282952	3.191467	0.9417434	2.438319
6690	-4357.873	-4907.203	549.3295	1.405398	3.336272	1.063695	2.101393
6696	-4353.199	-4902.559	549.36	1.365803	3.385172	0.9652457	2.158604
6702	-4326.466	-4875.723	549.2567	1.325098	3.439206	0.902333	2.280928
6708	-4331.822	-4881.039	549.217	1.256751	3.531279	0.902333	2.327803
6714	-4335.643	-4884.331	548.6883	1.256751	3.336238	0.902333	2.704294
6720	-4320.75	-4869.39	548.6403	1.272165	3.545364	0.8595896	2.704294
6726	-4324.58	-4873.151	548.5715	1.299973	3.068714	0.8595896	2.843628
6732	-4317.931	-4865.801	547.8697	1.335089	3.18009	1.221828	3.004723
6738	-4310.251	-4859.498	549.2475	1.454764	3.835575	0.8940111	2.115397
6744	-4303.544	-4852.786	549.242	1.423249	3.525609	0.7168901	2.345696
6750	-4305.548	-4855.297	549.7487	1.435981	3.525609	0.7094267	2.014702
6756	-4310.026	-4858.876	548.8503	1.280261	3.426232	0.8530528	2.602032
6762	-4320.34	-4869.723	549.3831	1.341407	2.994193	0.8656393	2.329756
6768	-4320.102	-4869.096	548.9938	1.308028	3.435543	0.7921625	2.537219
6774	-4320.814	-4869.885	549.0709	1.296442	3.266987	0.7921625	2.537219
6780	-4332.082	-4881.203	549.121	1.249928	3.266987	0.7891859	2.537219
6786	-4323.958	-4872.111	548.1523	1.253731	3.886326	0.8999933	2.911146
6792	-4336.393	-4885.263	548.8697	1.353063	3.82709	1.027554	2.33774
6798	-4317.666	-4866.74	549.074	1.353268	3.82709	1.014301	2.215043
6804	-4341.321	-4891.832	550.5115	1.642995	3.037116	0.7995128	1.382734
6810	-4344.383	-4894.548	550.1656	1.661602	3.054674	0.7995128	1.622758
6816	-4331.026	-4880.97	549.9443	1.584156	3.798833	0.7995128	1.632792
6822	-4345.383	-4895.646	550.2633	1.591656	3.05343	0.793155	1.608493
6828	-4346.904	-4897.05	550.1465	1.622968	3.05343	1.123387	1.415902
6834	-4340.21	-4890.519	550.3094	1.715265	2.821213	1.159358	1.266466
6840	-4343.018	-4893.541	550.5238	1.722692	3.222982	0.8121935	1.234402
6846	-4356.491	-4906.814	550.3234	1.693757	3.222982	0.9817238	1.271974
6852	-4328.394	-4878.592	550.1983	1.645202	3.37482	0.9817238	1.363719
6858	-4316.564	-4866.837	550.2732	1.622481	3.659773	0.9169579	1.290445
6864	-4325.314	-4875.53	550.2163	1.576252	3.659773	0.6993563	1.567022
6870	-4327.003	-4876.805	549.8023	1.373483	4.145637	0.6866537	1.895292
6876	-4344.561	-4894.179	549.6186	1.416237	4.212386	0.6866537	1.975716
6882	-4319.902	-4869.265	549.3636	1.39681	3.427077	0.8374765	2.215323
6888	-4317.727	-4867.114	549.3873	1.383375	3.156238	0.8374765	2.277452
6894	-4336.46	-4884.788	548.3279	1.337674	3.874307	0.7779541	2.840823
6900	-4339.421	-4887.002	547.5809	1.208388	3.864138	1.019134	3.210865
6906	-4320.24	-4868.55	548.3098	1.372933	3.673559	1.058184	2.690386
6912	-4344.132	-4891.627	547.4946	1.271637	3.230078	1.225144	3.252056
6918	-4335.379	-4883.027	547.6481	1.271637	3.230078	1.254562	3.146245
6924	-4328.36	-4876.937	548.5774	1.431421	3.230078	0.8756993	2.708718
6930	-4359.764	-4908.258	548.4944	1.200646	2.783036	0.8189024	3.052406
6936	-4327.734	-4876.523	548.7891	1.325225	3.649395	1.078196	2.415604
6942	-4323.339	-4872.352	549.0131	1.321546	3.649395	0.8440378	2.429218
6948	-4295.808	-4844.498	548.6899	1.234552	3.649395	0.8780542	2.66083
6954	-4317.6	-4865.755	548.1548	1.324994	3.221975	1.277226	2.800089
6960	-4327.83	-4877.014	549.1836	1.224421	3.286155	0.9832065	2.375505
6966	-4323.334	-4872.184	548.8506	1.303734	3.83187	0.8819699	2.475134
6972	-4330.86	-4879.782	548.9221	1.263396	3.138332	0.7199251	2.736297
6978	-4315.345	-4863.676	548.3318	1.27909	4.054769	0.8291673	2.80025
6984	-4320.965	-4868.518	547.5531	1.184369	4.001746	1.015968	3.215608
6990	-4332.626	-4880.75	548.1247	1.196101	3.886777	1.033644	2.879629
6996	-4324.864	-4873.853	548.9895	1.319569	3.005266	0.9730612	2.516473
7002	-4336.76	-4886.322	549.5624	1.396768	3.005266	0.8069808	2.219323
7008	-4329.658	-4878.414	548.7564	1.200981	3.284902	0.8490884	2.745053
7014	-4323.722	-4872.117	548.395	1.300884	3.699042	1.092354	2.656806
7020	-4337.24	-4885.692	548.4513	1.312585	3.690401	1.024605	2.656806
7026	-4325.129	-4874.13	549.0005	1.401863	3.989926	1.154078	2.109299
7032	-4317.261	-4865.013	547.7517	1.297302	4.381066	1.154078	2.877851
7038	-4336.839	-4884.396	547.5572	1.381296	3.931273	1.26549	2.974836
7044	-4323.745	-4871.935	548.1896	1.256588	3.567867	0.9950454	2.895695
7050	-4325.332	-4872.063	546.7308	1.203236	3.342565	1.518289	3.578159
7056	-4322.302	-4869.398	547.0961	1.162423	3.342565	1.144226	3.565262
7062	-4341.697	-4891.102	549.4051	1.32864	3.553032	0.9983894	2.08998
7068	-4334.614	-4883.365	548.7511	1.274944	3.635038	1.141403	2.437659
7074	-4351.986	-4900.301	548.3148	1.217088	3.625645	1.031456	2.809004
7080	-4346.065	-4894.929	548.8645	1.259208	4.895407	0.834115	2.316859
7086	-4334.854	-4884.022	549.1681	1.380154	3.796898	0.7683439	2.316859
7092	-4342.427	-4890.442	548.0159	1.480627	4.305871	1.247167	2.568482
7098	-4332.508	-4880.531	548.0225	1.359462	3.130541	1.180401	2.932054
7104	-4342.655	-4890.721	548.066	1.373791	3.130541	1.297807	2.836632
7110	-4338.771	-4886.898	548.1271	1.279451	3.287365	1.261734	2.836632
7116	-4347.542	-4896.45	548.9087	1.261138	3.120889	1.165347	2.458728
7122	-4329.537	-4879.183	549.6464	1.396513	3.450875	1.126409	1.825757
7128	-4340.989	-4890.827	549.8388	1.476668	3.450875	0.8566162	1.825757
7134	-4327.955	-4877.553	549.5986	1.435897	3.450875	0.9283809	1.96356
7140	-4324.579	-4872.746	548.1672	1.400018	3.468444	1.557106	2.555005
7146	-4321.277	-4870.647	549.3691	1.4374	3.141581	1.033503	2.124542
7152	-4324.509	-4874.102	549.5931	1.413096	3.910584	0.8877361	1.900279
7158	-4329.739	-4879.302	549.5632	1.449211	3.177954	1.005117	1.997263
7164	-4338.822	-4888.004	549.1825	1.44188	3.422118	1.001252	2.191601
7170	-4337.395	-4885.983	548.588	1.377202	3.024556	1.023683	2.692842
7176	-4341	-4889.448	548.4482	1.367166	4.178754	1.174514	2.434032
7182	-4340.783	-4890.139	549.3564	1.30083	2.84105	0.8455371	2.428815
7188	-4328.192	-4877.758	549.566	1.422837	3.418247	0.8455371	2.062474
7194	-4337.487	-4885.787	548.3001	1.374138	4.035005	0.8737068	2.735002
7200	-4353.731	-4902.342	548.6113	1.190607	3.530084	0.8454724	2.785087
7206	-4351.565	-4899.261	547.6957	1.33131	3.64692	1.348109	2.941193
7212	-4335.829	-4884.46	548.6311	1.314666	3.745199	0.9583664	2.573499
7218	-4347.649	-4896.182	548.5333	1.147741	3.745199	1.060905	2.674092
7224	-4350.145	-4899.206	549.0608	1.284166	2.935809	1.260394	2.345509
7230	-4328.25	-4877.258	549.0085	1.230031	2.935809	1.03144	2.542615
7236	-4327.523	-4876.02	548.4964	1.182741	3.308326	1.03144	2.792446
7242	-4351.504	-4898.92	547.4162	1.059674	3.706572	0.8959066	3.502462
7248	-4341.483	-4889.142	547.6586	1.048998	2.816331	1.130778	3.438387
7254	-4342.685	-4890.926	548.2406	1.176304	2.735728	0.8190057	3.230485
7260	-4315.627	-4863.871	548.2446	1.136649	3.477013	0.9038992	3.012279
7266	-4302.12	-4850.444	548.3239	1.177913	2.952948	0.9038992	3.06636
7272	-4311.562	-4859.625	548.0629	1.133642	3.734456	0.9038992	3.06636
7278	-4293.982	-4842.144	548.1615	1.154167	3.262442	0.9590562	3.06636
7284	-4288.23	-4836.632	548.4026	1.16531	3.473294	0.8672803	2.924963
7290	-4300.968	-4849.299	548.3316	1.19345	3.53477	0.8852624	2.924963
7296	-4307.08	-4855.736	548.6564	1.385049	2.656806	1.481446	2.506026
7302	-4306.57	-4855.914	549.3442	1.341697	3.189601	0.7987491	2.351585
7308	-4320.022	-4869.84	549.8179	1.425129	2.818942	1.014493	1.938784
7314	-4306.409	-4855.638	549.229	1.310038	3.110846	1.014493	2.317315
7320	-4334.456	-4883.278	548.8224	1.347768	2.890774	0.9345736	2.657825
7326	-4318.439	-4866.894	548.4549	1.24114	3.188646	1.248435	2.69084
7332	-4342.371	-4891.458	549.0869	1.469156	3.110846	1.026718	2.29878
7338	-4351.289	-4900.34	549.0512	1.393052	3.414326	1.026718	2.293157
7344	-4343.059	-4891.739	548.6799	1.384619	3.718003	1.026718	2.462534
7350	-4336.575	-4885.118	548.5432	1.283674	2.70902	0.9860986	2.884717
7356	-4351.509	-4900.835	549.3262	1.380879	2.846804	1.034648	2.269424
7362	-4319.157	-4867.895	548.7381	1.277213	3.42853	1.062942	2.538182
7368	-4308.603	-4857.552	548.9485	1.284201	2.99898	0.9446875	2.583797
7374	-4315.296	-4864.512	549.2164	1.428142	3.247449	0.8750809	2.307625
7380	-4310.603	-4859.231	548.6278	1.365731	3.301777	0.9396946	2.658353
7386	-4323.175	-4871.788	548.6134	1.213635	3.119705	1.03481	2.746497
7392	-4314.644	-4863.082	548.4372	1.389004	2.980202	1.276932	2.649362
7398	-4308.744	-4857.523	548.779	1.254019	2.980202	0.9663944	2.698066
7404	-4322.77	-4871.826	549.0554	1.445495	2.980202	0.8481223	2.487077
7410	-4342.906	-4892.72	549.8135	1.382552	3.45899	0.6309526	2.093424
7416	-4344.235	-4893.546	549.3108	1.377718	3.067856	0.6769257	2.477785
7422	-4320.706	-4869.887	549.1808	1.390339	3.378476	0.7850062	2.38734
7428	-4317.184	-4865.844	548.6595	1.290063	3.017766	0.7850062	2.861581
7434	-4331.133	-4880.278	549.1453	1.406203	3.017766	1.080803	2.293309
7440	-4333.7	-4883.456	549.7553	1.497571	2.945129	0.8446142	2.015419
7446	-4320.099	-4869.494	549.3951	1.356381	2.945129	0.8446142	2.340985
7452	-4327.7	-4877.022	549.322	1.534014	3.608577	0.8446142	2.103744
7458	-4325.876	-4875.742	549.8665	1.569191	3.871634	0.8446142	1.6437
7464	-4322.786	-4872.978	550.1923	1.555288	3.173111	0.8796838	1.578704
7470	-4329.699	-4879.979	550.2803	1.664741	3.069036	0.733567	1.59113
7476	-4341.223	-4890.744	549.5206	1.550962	3.8159	0.733567	1.999773
7482	-4340.81	-4890.826	550.0163	1.550962	3.163558	0.8035657	1.771773
7488	-4326.142	-4876.231	550.0892	1.555897	3.604993	0.7619159	1.631373
7494	-4326.725	-4876.319	549.5937	1.459735	3.360372	0.7619159	2.099391
7500	-4322.903	-4872.548	549.6444	1.472373	3.360372	0.8395293	1.996904
7506	-4315.349	-4864.947	549.5982	1.549389	3.063078	0.8395293	2.055905
7512	-4319.727	-4869.698	549.9707	1.549389	3.824446	0.8225221	1.61293
7518	-4308.366	-4857.929	549.5634	1.406365	4.242106	0.769339	1.942722
7524	-4310.612	-4859.755	549.1429	1.361713	4.242106	0.769339	2.248344
7530	-4309.226	-4857.866	548.6397	1.278804	3.439101	0.769339	2.789292
7536	-4324.262	-4873.906	549.6439	1.3821	3.155249	0.769339	2.164722
7542	-4322.366	-4872.315	549.949	1.480322	4.400173	0.769339	1.586803
7548	-4319.185	-4868.247	549.0616	1.310818	4.378208	0.9014012	2.20836
7554	-4353.383	-4903.287	549.9036	1.463052	3.35199	0.8656493	1.809707
7560	-4314.715	-4863.95	549.2354	1.419882	3.607164	0.8458105	2.233608
7566	-4317.869	-4866.699	548.8307	1.319128	3.890569	0.7899066	2.531018
7572	-4316.126	-4865.817	549.6909	1.484623	4.007413	0.7108108	1.905204
7578	-4329.684	-4878.622	548.9377	1.321124	3.900033	1.0446	2.288074
7584	-4355.272	-4904.792	549.5199	1.472252	3.51763	0.996467	1.927943
7590	-4333.959	-4883.635	549.6755	1.479844	2.97098	0.996467	1.965143
7596	-4335.855	-4884.437	548.5822	1.368046	4.069561	1.178155	2.369466
7602	-4315.397	-4864.968	549.5711	1.417357	2.996176	0.7290697	2.26398
7608	-4312.991	-4862.371	549.3804	1.230873	3.735334	0.6957095	2.348832
7614	-4336.929	-4885.596	548.6677	1.280145	3.735334	0.7260695	2.737612
7620	-4341.874	-4890.821	548.9476	1.338452	3.520047	1.018199	2.373747
7626	-4313.508	-4862.786	549.2781	1.32076	3.391096	1.018199	2.204887
7632	-4310.207	-4859.041	548.8335	1.288582	3.197397	1.102154	2.505069
7638	-4313.63	-4862.296	548.6665	1.331959	3.197397	1.209425	2.522189
7644	-4350.996	-4899.844	548.8482	1.254891	4.153525	0.9351188	2.403206
7650	-4336.665	-4884.833	548.1674	1.314952	3.623966	1.047736	2.829912
7656	-4349.504	-4897.76	548.2565	1.238143	3.623966	1.034992	2.829912
7662	-4355.559	-4904.882	549.3234	1.32087	3.719154	0.8485253	2.212646
7668	-4358.136	-4907.709	549.5728	1.405159	2.922179	0.8485253	2.199278
7674	-4346.488	-4895.364	548.8752	1.315154	3.147333	0.815487	2.659653
7680	-4344.435	-4894.646	550.2109	1.568472	2.565302	0.8525071	1.769001
7686	-4343.367	-4893.39	550.0235	1.566229	2.669774	0.8742418	1.84906
7692	-4322.79	-4872.005	549.2145	1.453232	3.707281	1.001812	2.094147
7698	-4328.337	-4877.476	549.1389	1.359022	3.16624	0.7741581	2.494503
7704	-4334.801	-4883.039	548.2377	1.292373	3.170252	1.196699	2.823903
7710	-4331.65	-4880.212	548.5613	1.221481	3.295191	1.371414	2.54901
7716	-4340.297	-4887.847	547.5495	1.208594	3.859844	1.145834	3.15937
7722	-4341.92	-4889.956	548.0357	1.229637	3.22477	1.099701	3.023103
7728	-4311.181	-4859.269	548.0888	1.37699	3.577843	0.780614	3.023103
7734	-4328.387	-4876.539	548.1522	1.181509	3.267001	1.182535	2.926787
7740	-4329.976	-4878.876	548.8995	1.289755	2.863077	1.105801	2.549015
7746	-4338.224	-4887.077	548.8537	1.413591	3.740496	1.105801	2.281209
7752	-4328.927	-4877.627	548.7008	1.430547	3.13867	1.105801	2.51213
7758	-4326.363	-4875.642	549.2789	1.479061	2.972863	1.156704	2.127179
7764	-4316.985	-4866.668	549.6828	1.513854	3.35466	0.8859895	1.909845
7770	-4346.943	-4896.711	549.7678	1.479502	3.217625	0.7763303	1.996872
7776	-4342.635	-4891.764	549.1286	1.459391	3.256055	0.9923277	2.262564
7782	-4316.991	-4866.61	549.6197	1.511891	3.283255	0.9365614	1.936065
7788	-4298.913	-4848.103	549.1901	1.361965	3.283255	0.8973165	2.341978
7794	-4320.896	-4869.577	548.6814	1.269323	3.283255	1.315907	2.474816
7800	-4334.847	-4883.277	548.43	1.269323	2.947969	1.315907	2.716199
7806	-4329.293	-4877.749	548.4564	1.252684	2.915041	1.319245	2.71729
7812	-4342.666	-4891.483	548.8168	1.238051	2.938526	0.9360254	2.714984
7818	-4319.445	-4868.171	548.7268	1.338202	2.938526	0.9360254	2.708773
7824	-4338.981	-4888.606	549.6245	1.453722	3.674621	0.9568378	1.857704
7830	-4348.149	-4898.406	550.2571	1.511197	2.700875	0.7159976	1.845667
7836	-4346.581	-4896.661	550.0804	1.514847	2.657688	0.7159976	1.976482
7842	-4318.196	-4867.882	549.6854	1.514847	3.441541	0.8473501	1.913961
7848	-4310.752	-4860.312	549.5604	1.434929	3.441541	0.8473501	2.050998
7854	-4302.362	-4851.424	549.0618	1.372676	3.775685	0.8965254	2.300354
7860	-4323.795	-4872.589	548.7934	1.263785	3.18409	0.8077611	2.737747
7866	-4331.325	-4879.685	548.3599	1.236659	3.383486	0.8077611	2.969261
7872	-4300.265	-4849.193	548.9282	1.237303	3.188376	0.8436994	2.644724
7878	-4308.467	-4857.181	548.7143	1.260936	3.503208	0.8436994	2.686367
7884	-4306.461	-4855.378	548.917	1.275739	4.098847	0.5245944	2.686367
7890	-4319.999	-4867.916	547.9172	1.126288	3.365584	1.191404	3.07308
7896	-4317.688	-4865.856	548.1684	1.194793	3.04374	0.8469862	3.163381
7902	-4351.085	-4899.729	548.6437	1.337336	2.770186	0.8963277	2.831285
7908	-4364.955	-4914.032	549.0775	1.312234	2.770186	0.8963277	2.580572
7914	-4328.041	-4877.016	548.9747	1.313326	3.158176	0.8324058	2.584536
7920	-4304.979	-4854.162	549.1827	1.340611	3.929103	1.060506	2.100372
7926	-4326.256	-4875.818	549.5624	1.46806	2.921857	1.060506	2.020781
7932	-4313.637	-4863.159	549.5223	1.453765	2.921857	1.060506	2.056825
7938	-4328.978	-4878.451	549.4726	1.428613	3.681043	0.8661518	2.040637
7944	-4328.855	-4878.528	549.6733	1.358803	3.258791	0.8828973	2.047431
7950	-4321.187	-4870.857	549.6703	1.43564	3.022746	0.8828973	2.062524
7956	-4325.32	-4874.915	549.595	1.509954	2.958808	0.9088986	2.062524
7962	-4328.645	-4878.012	549.3673	1.479404	3.628254	0.9529444	2.027658
7968	-4329.832	-4879.603	549.771	1.467899	3.628254	0.9529444	1.761095
7974	-4339.405	-4888.545	549.1392	1.341389	3.026584	1.289833	2.218202
7980	-4341.879	-4891.075	549.196	1.378263	3.026584	0.9059863	2.388355
7986	-4335.669	-4884.817	549.1482	1.336623	3.383683	0.9927944	2.296298
7992	-4342.63	-4892.296	549.6663	1.375497	3.629688	0.6155233	2.1671
7998	-4342.251	-4892.309	550.0575	1.431278	2.788868	0.6785965	2.039722
8004	-4315.49	-4864.859	549.3688	1.362005	3.407088	0.6440297	2.393955
8010	-4321.154	-4871.225	550.0707	1.476874	3.407088	0.6440297	1.859141
8016	-4320.016	-4869.982	549.9659	1.479465	3.212791	0.9492665	1.730507
8022	-4320.823	-4870.042	549.2195	1.401891	2.793467	0.9492665	2.393818
8028	-4324.126	-4873.839	549.7125	1.545762	2.890107	1.002206	1.915553
8034	-4347.162	-4896.312	549.15	1.440618	2.53179	1.228979	2.323965
8040	-4325.058	-4874.224	549.1655	1.285347	3.538843	0.6194282	2.559734
8046	-4337.042	-4886.07	549.028	1.335124	3.271347	0.7641884	2.559734
8052	-4330.174	-4879.831	549.6567	1.29751	3.151669	0.8258293	2.168875
8058	-4311.985	-4861.783	549.7987	1.491521	3.40457	0.8258293	1.879147
8064	-4319.77	-4869.686	549.9157	1.484634	3.40457	0.7707761	1.848345
8070	-4336.297	-4885.658	549.361	1.331434	3.315967	0.7919612	2.320527
8076	-4338.817	-4887.993	549.1761	1.360896	3.156339	0.6947718	2.534918
8082	-4330.274	-4879.781	549.5066	1.445538	3.6128	0.9526733	1.961266
8088	-4327.811	-4877.438	549.6277	1.427297	3.556302	1.009156	1.866946
8094	-4330.74	-4879.838	549.0982	1.305993	3.326286	1.102018	2.294608
8100	-4314.365	-4863.335	548.97	1.331802	3.445122	1.021735	2.379437
8106	-4325.896	-4874.596	548.6997	1.307205	3.445122	1.112727	2.510306
8112	-4338.038	-4886.897	548.8595	1.358242	2.746342	1.02374	2.612399
8118	-4369.585	-4917.789	548.2039	1.14397	3.54526	1.02374	2.942869
8124	-4343.588	-4892.76	549.1719	1.300265	3.02964	0.8858087	2.465614
8130	-4344.145	-4892.797	548.6526	1.104856	3.715116	0.9090899	2.728134
8136	-4345.238	-4893.569	548.3315	1.125404	3.178837	0.9090899	3.03346
8142	-4337.136	-4885.867	548.7308	1.22233	2.806175	1.061388	2.736035
8148	-4316.896	-4865.767	548.8713	1.245488	3.11005	0.8195277	2.711422
8154	-4306.232	-4855.492	549.2608	1.346984	2.724896	1.087008	2.335975
8160	-4330.635	-4877.142	546.5064	1.096976	3.010907	1.23886	3.972827
8166	-4343.493	-4891.203	547.7104	1.132736	3.010907	1.082964	3.335215
8172	-4326.162	-4873.717	547.5551	1.327829	3.454346	1.760099	2.892988
8178	-4320.089	-4869.084	548.9954	1.2248	3.31473	1.012181	2.468509
8184	-4340.289	-4889.554	549.2653	1.296571	2.753687	1.062584	2.371451
8190	-4325.528	-4875.001	549.4733	1.395172	2.534378	1.062584	2.241554
8196	-4325.523	-4874.408	548.8845	1.381263	2.304755	1.198048	2.616341
8202	-4333.842	-4882.291	548.4483	1.203835	2.593727	1.13238	2.938189
8208	-4336.062	-4884.605	548.5435	1.129715	2.931902	0.8177913	3.026849
8214	-4311.949	-4861.082	549.133	1.451765	2.598136	1.25725	2.291998
8220	-4315.672	-4864.389	548.7162	1.227302	2.895318	1.035069	2.733323
8226	-4321.172	-4869.434	548.2616	1.234296	3.286524	1.035069	2.906635
8232	-4324.043	-4872.249	548.2061	1.211253	2.610823	1.177163	3.050104
8238	-4304.904	-4853.027	548.1226	1.348625	2.79214	1.555058	2.7863
8244	-4307.894	-4856.643	548.7491	1.327326	3.467027	1.555058	2.234353
8250	-4339.758	-4888.955	549.1971	1.403835	3.117655	1.006076	2.281354
8256	-4327.498	-4876.879	549.3804	1.468451	3.460965	0.8593153	2.133507
8262	-4325.679	-4875.071	549.3923	1.391402	3.460965	0.9190224	2.133507
8268	-4332.811	-4882.26	549.4487	1.376012	2.807982	0.9190224	2.280554
8274	-4311.612	-4861.151	549.5386	1.433396	2.670449	0.9190224	2.226316
8280	-4329.584	-4879.829	550.2453	1.473206	2.660406	1.171177	1.553006
8286	-4313.675	-4863.704	550.0289	1.567213	3.467746	1.041024	1.481789
8292	-4323.021	-4871.745	548.7237	1.231572	2.538853	1.104312	2.786134
8298	-4328.457	-4877.017	548.5593	1.269984	2.701794	1.001135	2.876108
8304	-4314.11	-4862.929	548.8181	1.362447	2.736083	1.282996	2.493245
8310	-4320.029	-4869.583	549.554	1.418418	2.490538	1.122488	2.151858
8316	-4317.098	-4866.455	549.3568	1.437901	3.247654	1.122488	2.048756
8322	-4305.548	-4854.666	549.1181	1.303283	2.829239	0.9796563	2.489885
8328	-4328.228	-4877.34	549.1123	1.299541	2.829239	1.180265	2.376499
8334	-4332.98	-4881.734	548.7542	1.26406	3.066525	1.037825	2.640796
8340	-4318.839	-4867.932	549.0934	1.262836	3.32881	1.037825	2.363412
8346	-4319.117	-4867.43	548.3125	1.267053	4.182775	0.695232	2.893264
8352	-4320.509	-4869.36	548.8515	1.188461	3.427257	0.8511032	2.659117
8358	-4337.789	-4886.86	549.0715	1.303434	3.604159	0.8511032	2.409171
8364	-4327.585	-4876.155	548.5694	1.239929	3.642361	0.9334751	2.696507
8370	-4333.347	-4881.315	547.9681	1.350247	3.127245	1.261784	2.929019
8376	-4332.555	-4880.864	548.3089	1.212431	3.63843	1.221393	2.7064
8382	-4346.63	-4894.549	547.9184	1.176526	3.182865	0.9453885	3.225016
8388	-4335.77	-4884.213	548.4435	1.176044	3.182865	0.9453885	2.911602
8394	-4341.178	-4889.244	548.0659	1.109336	2.996653	0.8846669	3.261574
8400	-4346.644	-4893.218	546.5739	1.183613	2.996653	1.406526	3.809976
8406	-4338.777	-4884.83	546.0524	0.9947091	3.015065	1.067502	4.37537
8412	-4340.775	-4889.669	548.8936	1.206432	2.828326	1.100317	2.617056
8418	-4341.635	-4890.381	548.7456	1.170061	3.036541	1.155846	2.643893
8424	-4310.146	-4859.209	549.0631	1.254783	2.846505	1.050527	2.505985
8430	-4313.478	-4862.878	549.3997	1.393923	3.1511	0.9125108	2.210668
8436	-4311.558	-4860.623	549.0649	1.39751	3.1511	0.9109073	2.422998
8442	-4320.904	-4869.37	548.4652	1.318781	3.567989	0.9109073	2.743383
8448	-4340.554	-4889.529	548.9752	1.208039	3.567989	0.7176077	2.636902
8454	-4351.106	-4900.571	549.4654	1.357944	3.092826	0.8317065	2.264631
8460	-4338.462	-4887.128	548.666	1.188718	3.611718	0.7880002	2.775242
8466	-4339.389	-4887.954	548.5658	1.214608	3.450283	0.8807825	2.792443
8472	-4323.238	-4872.189	548.9509	1.452179	3.718175	0.8193355	2.388318
8478	-4331.063	-4879.658	548.5954	1.379694	3.718175	0.8193355	2.655301
8484	-4324.703	-4872.849	548.1464	1.297365	3.449169	1.527849	2.648957
8490	-4312.027	-4859.865	547.8375	1.227173	3.449169	1.527849	2.880389
8496	-4306.74	-4855.071	548.3303	1.211449	3.78472	0.9213218	2.836575
8502	-4328.071	-4876.825	548.7542	1.269415	3.252954	0.7637754	2.773515
8508	-4324.435	-4873.093	548.6583	1.293115	3.175495	0.8973789	2.742834
8514	-4315.586	-4864.328	548.7417	1.204602	2.931588	1.210403	2.623008
8520	-4324.894	-4873.853	548.9589	1.241193	3.761013	0.8973789	2.451493
8526	-4325.399	-4874.981	549.5824	1.387036	3.761013	0.7944195	2.031094
8532	-4319.226	-4867.972	548.7453	1.271329	3.447016	0.8492224	2.670161
8538	-4308.124	-4857.345	549.221	1.245627	3.447016	0.9248989	2.33712
8544	-4317.346	-4866.505	549.1591	1.28309	3.582432	0.9248989	2.320455
8550	-4304.465	-4854.101	549.6359	1.597583	3.095142	1.169343	1.764588
8556	-4315.764	-4865.378	549.6138	1.596796	3.283211	1.398301	1.591391
8562	-4317.369	-4866.507	549.138	1.546781	3.626156	0.9289723	2.151104
8568	-4322.967	-4872.422	549.4548	1.417227	3.626156	0.9370322	2.022417
8574	-4313.328	-4862.641	549.3128	1.412965	3.483585	0.9491941	2.14502
8580	-4311.285	-4860.787	549.5017	1.46744	3.731879	0.6935439	2.120884
8586	-4316.435	-4865.823	549.3877	1.363433	3.332814	0.6935439	2.357082
8592	-4340.525	-4889.102	548.5765	1.258257	3.747037	0.7897796	2.756356
8598	-4328.7	-4877.381	548.6804	1.162746	3.747037	0.7827638	2.756356
8604	-4338.884	-4887.382	548.4981	1.13906	3.829327	0.8770755	2.798173
8610	-4340.679	-4889.808	549.1287	1.214785	3.1116	0.8770755	2.530715
8616	-4325.263	-4874.111	548.8487	1.225386	3.031967	1.027363	2.621607
8622	-4323.518	-4872.117	548.599	1.398825	2.552878	1.252447	2.675779
8628	-4304.1	-4852.717	548.6169	1.232554	3.509676	1.102551	2.598926
8634	-4315.783	-4864.586	548.8029	1.386977	3.269064	0.7941771	2.645221
8640	-4330.776	-4879.31	548.5342	1.329723	3.620757	0.949408	2.657523
8646	-4331.892	-4880.818	548.9265	1.431783	3.681199	0.949408	2.334581
8652	-4316.418	-4865.813	549.3954	1.492825	4.257908	0.7859514	1.980656
8658	-4326.424	-4876.14	549.716	1.396198	3.571733	0.7859514	1.988334
8664	-4336.369	-4885.418	549.049	1.301941	3.886324	0.8210827	2.382669
8670	-4307.147	-4855.705	548.5589	1.33416	3.468313	0.8785048	2.720985
8676	-4310.947	-4859.535	548.5883	1.195899	3.617503	0.8785048	2.753654
8682	-4318.051	-4867.069	549.0181	1.388689	3.009098	0.8785048	2.516962
8688	-4316.501	-4865.635	549.1335	1.261473	3.895052	0.8785048	2.311581
8694	-4321.57	-4870.809	549.2384	1.461321	3.465942	0.7869994	2.282737
8700	-4321.11	-4870.067	548.9573	1.286997	3.465942	0.7869994	2.569679
8706	-4321.971	-4870.24	548.2689	1.283177	3.624747	0.7643771	2.972844
8712	-4317.437	-4866.672	549.2347	1.36543	3.788849	0.8642235	2.213812
8718	-4336.915	-4885.223	548.3083	1.323938	4.731291	1.089658	2.490458
8724	-4319.585	-4868.919	549.3341	1.49154	3.623001	0.8856681	2.090181
8730	-4310.362	-4860.223	549.8614	1.473979	3.543706	0.8856681	1.765505
8736	-4304.382	-4853.622	549.2396	1.301456	3.543706	0.8956379	2.286533
8742	-4316.67	-4865.645	548.975	1.384875	4.008153	0.8956379	2.297504
8748	-4308.732	-4858.031	549.2989	1.356218	3.867798	0.8872174	2.143792
8754	-4320.821	-4869.937	549.1159	1.309269	3.867798	0.8868352	2.2925
8760	-4327.923	-4876.714	548.791	1.208239	3.25147	0.9942293	2.632635
8766	-4339.863	-4888.662	548.7984	1.200824	3.25147	0.9942293	2.632635
8772	-4333.847	-4882.635	548.7882	1.305513	2.998174	0.7822576	2.781025
8778	-4325.378	-4874.435	549.0567	1.293091	3.30303	1.021452	2.384015
8784	-4332.811	-4881.264	548.4533	1.240301	4.172664	0.9001165	2.677547
8790	-4308.118	-4856.529	548.4114	1.266248	3.471962	0.9819711	2.784956
8796	-4327.918	-4877.881	549.9631	1.553703	3.513056	0.9819711	1.571596
8802	-4322.158	-4871.789	549.6312	1.396586	3.679174	0.9503472	1.895533
8808	-4330.711	-4880.447	549.7365	1.503678	3.358247	1.029597	1.777126
8814	-4338.855	-4888.561	549.7067	1.503414	3.387723	1.029597	1.790136
8820	-4331.337	-4881.538	550.2016	1.536449	2.798268	0.9841243	1.621856
8826	-4330.203	-4879.924	549.7208	1.559007	3.209093	0.9971524	1.812767
8832	-4345.966	-4894.185	548.2191	1.5111	3.378203	1.268732	2.613109
8838	-4329.277	-4878.371	549.0933	1.427902	3.378203	1.150316	2.17784
8844	-4314.076	-4863.673	549.5972	1.490702	2.971092	1.131312	1.923763
8850	-4321.29	-4870.159	548.8694	1.44812	2.942599	1.184267	2.402498
8856	-4320.647	-4869.874	549.2269	1.33743	2.966315	1.119556	2.276067
8862	-4320.442	-4869.425	548.9831	1.372976	3.169766	1.243033	2.285282
8868	-4323.11	-4871.891	548.7816	1.389799	2.924661	1.039513	2.582413
8874	-4335.026	-4883.853	548.827	1.270152	2.924661	1.039513	2.628396
8880	-4327.745	-4875.344	547.5988	1.21641	2.924661	1.247879	3.286789
8886	-4331.14	-4878.679	547.5394	1.076407	2.924661	1.247879	3.404016
8892	-4331.774	-4880.105	548.3301	1.285337	2.719378	0.7689289	3.15248
8898	-4330.687	-4878.91	548.223	1.243091	2.791564	1.061864	3.034326
8904	-4349.756	-4898.668	548.9121	1.3098	2.791564	1.285758	2.450108
8910	-4341.908	-4891.437	549.529	1.381815	3.526301	0.960071	2.005167
8916	-4327.768	-4876.742	548.9738	1.216268	3.10363	1.165488	2.45041
8922	-4330.636	-4879.358	548.7223	1.269618	3.517798	0.9762146	2.584879
8928	-4321.855	-4870.999	549.1438	1.400971	3.034699	1.010763	2.336252
8934	-4330.07	-4879.368	549.2976	1.464772	3.623734	0.6341586	2.33119
8940	-4320.44	-4869.451	549.0115	1.290012	3.430481	1.032833	2.376255
8946	-4319.225	-4867.882	548.6569	1.351018	3.430481	1.032833	2.56041
8952	-4320.463	-4869.35	548.8868	1.349653	3.679019	1.106167	2.314749
8958	-4309.508	-4858.62	549.1124	1.371054	2.976638	1.108005	2.331679
8964	-4309.861	-4859.208	549.3468	1.428555	3.557016	1.108005	1.991524
8970	-4317.979	-4867.099	549.1192	1.359829	3.81893	0.9214885	2.2449
8976	-4313.717	-4863.233	549.5157	1.429475	3.409287	0.9214885	2.038512
8982	-4330.898	-4879.599	548.7006	1.316659	3.497208	0.8892838	2.630663
8988	-4314.815	-4863.868	549.053	1.301232	2.746471	1.050063	2.511595
8994	-4317.812	-4867.647	549.8353	1.376603	3.899121	0.7163768	1.900705
9000	-4325.344	-4874.208	548.8634	1.221566	3.656594	1.015639	2.470416
9006	-4322.983	-4871.492	548.5085	1.297418	3.925265	0.7834805	2.740641
9012	-4323.465	-4872.474	549.0088	1.242451	3.645142	0.7834805	2.526629
9018	-4343.168	-4892.26	549.0917	1.298519	3.645142	0.9951417	2.292785
9024	-4311.415	-4860.438	549.0228	1.316362	3.254175	0.875091	2.498707
9030	-4306.242	-4855.949	549.7074	1.334061	3.525291	0.875091	1.978702
9036	-4299.395	-4848.267	548.8714	1.299978	2.736672	1.086679	2.606366
9042	-4319.332	-4868.366	549.0342	1.290502	3.062729	0.6825128	2.699961
9048	-4312.382	-4861.166	548.7844	1.200851	4.448357	0.6182526	2.658568
9054	-4323.861	-4872.898	549.0369	1.273734	4.440865	0.7012091	2.386723
9060	-4326.909	-4875.635	548.7267	1.366013	2.763478	1.099656	2.639943
9066	-4341.441	-4890.225	548.784	1.326258	2.725038	1.099656	2.639943
9072	-4328.418	-4877.385	548.9669	1.26357	3.301062	0.8553045	2.568587
9078	-4313.853	-4863.007	549.1537	1.332613	3.615804	0.8553045	2.332892
9084	-4332.076	-4880.641	548.5655	1.197266	3.695745	1.012729	2.663553
9090	-4319.703	-4869.274	549.5709	1.347436	4.52798	0.7087303	1.968216
9096	-4308.021	-4857.699	549.6776	1.36329	3.895446	0.6177679	2.104144
9102	-4322.824	-4872.447	549.6223	1.367993	3.537377	0.7973234	2.068678
9108	-4316.604	-4865.953	549.3493	1.419424	3.537377	0.9632446	2.09425
9114	-4316.345	-4865.499	549.1539	1.330656	3.357115	0.9137809	2.355182
9120	-4314.708	-4863.356	548.6484	1.236326	3.357115	0.7509622	2.842708
9126	-4311.248	-4859.98	548.7318	1.347036	3.357115	0.7509622	2.724357
9132	-4313.155	-4861.545	548.39	1.31737	3.985026	0.8787701	2.721554
9138	-4305.331	-4854.232	548.901	1.273218	3.5106	0.8787701	2.537356
9144	-4311.03	-4860.221	549.191	1.432564	3.569218	0.7767415	2.31466
9150	-4310.427	-4859.538	549.1114	1.271596	3.694863	0.9510367	2.31466
9156	-4308.166	-4856.484	548.3178	1.183801	4.34663	0.9404223	2.734901
9162	-4318.798	-4866.957	548.159	1.180005	3.882685	0.9404223	2.92642
9168	-4306.534	-4855.354	548.8207	1.238773	3.99513	0.679881	2.650653
9174	-4313.139	-4861.895	548.7564	1.313277	4.60574	0.679881	2.524075
9180	-4329.817	-4879.196	549.3794	1.354788	3.34894	0.7970239	2.281803
9186	-4323.787	-4872.32	548.5329	1.190001	3.859172	0.9034374	2.721929
9192	-4337.612	-4886.63	549.0181	1.297752	3.923806	0.9239855	2.324414
9198	-4318.874	-4867.213	548.3394	1.285781	3.923806	1.112742	2.64018
9204	-4313.942	-4862.162	548.2209	1.232368	3.923806	1.112742	2.745734
9210	-4335.707	-4884.382	548.6756	1.345942	3.426671	1.025628	2.557186
9216	-4333.368	-4881.898	548.5303	1.327359	3.065787	1.152596	2.673889
9222	-4333.942	-4882.067	548.1252	1.386452	2.923744	1.703017	2.663537
9228	-4352.973	-4901.217	548.2441	1.343631	2.923744	1.859713	2.554169
9234	-4330.438	-4878.965	548.5271	1.416124	2.923744	1.821891	2.345704
9240	-4318.485	-4866.737	548.2519	1.235669	3.567142	1.063065	2.830446
9246	-4311.69	-4859.815	548.1251	1.252167	2.981905	1.037556	3.051596
9252	-4325.276	-4873.138	547.8627	1.435064	3.367934	1.814457	2.638678
9258	-4318.116	-4866.88	548.7636	1.352386	3.356321	1.190776	2.419264
9264	-4334.801	-4883.403	548.6019	1.259439	3.547178	0.697987	2.853904
9270	-4335.648	-4883.339	547.6909	1.19296	3.620942	1.355512	3.029318
9276	-4327.4	-4874.7	547.3005	1.178235	2.812547	1.026889	3.629824
9282	-4339.479	-4888.758	549.2793	1.363187	3.005307	1.110678	2.220357
9288	-4326.979	-4876.45	549.4716	1.379796	3.005307	0.9013438	2.220357
9294	-4336.519	-4885.78	549.2601	1.41017	3.035846	0.9013438	2.328171
9300	-4326.649	-4875.45	548.8008	1.475919	3.360768	1.210897	2.305105
9306	-4324.82	-4873.53	548.7095	1.421224	3.008412	1.250791	2.466221
9312	-4315.503	-4864.201	548.6986	1.368729	2.641474	1.271765	2.596814
9318	-4313.925	-4862.188	548.2636	1.434075	2.843278	1.271765	2.767391
9324	-4338.716	-4887.533	548.8177	1.369242	3.607346	1.093225	2.370436
9330	-4319.242	-4867.765	548.5233	1.299505	2.998036	1.168896	2.703892
9336	-4323.843	-4872.153	548.3099	1.278171	3.455304	1.168896	2.735281
9342	-4317.663	-4866.844	549.1805	1.308724	3.455304	0.8698387	2.358696
9348	-4311.192	-4859.834	548.6418	1.362059	3.432986	1.40803	2.358696
9354	-4311.11	-4860.036	548.9269	1.291242	3.140177	1.319064	2.340738
9360	-4306.13	-4854.572	548.4416	1.343854	3.747791	1.086625	2.594049
9366	-4313.025	-4862.014	548.9887	1.314355	3.330714	0.9283736	2.466415
9372	-4331.069	-4879.824	548.7549	1.394134	2.900278	0.9283736	2.672291
9378	-4331.908	-4881.188	549.2803	1.376156	3.488406	0.9283736	2.20304
9384	-4329.817	-4877.546	547.7294	1.295889	3.255932	1.48673	2.967565
9390	-4314.406	-4862.774	548.3677	1.356531	3.255932	1.117724	2.72767
9396	-4341.197	-4889.56	548.363	1.282606	3.917891	1.117724	2.625978
9402	-4309.717	-4859.072	549.3557	1.50439	3.117313	1.063707	2.076741
9408	-4320.397	-4869.858	549.4616	1.351049	3.117313	1.125479	2.069995
9414	-4321.7	-4871.139	549.439	1.381743	3.117313	1.041355	2.116738
9420	-4324.894	-4874.015	549.1213	1.450453	3.380406	0.9464516	2.271836
9426	-4320.8	-4870.553	549.7526	1.451398	3.380406	0.9464516	1.854124
9432	-4320.18	-4868.695	548.5147	1.216124	3.487818	0.864712	2.824811
9438	-4312.013	-4860.798	548.7851	1.216556	3.274308	0.8418715	2.725519
9444	-4319.67	-4868.111	548.4407	1.206717	3.662734	1.017473	2.738709
9450	-4320.232	-4869.28	549.0481	1.24424	3.125223	1.038665	2.454654
9456	-4324.216	-4873.235	549.0187	1.211214	3.768126	0.8244293	2.482357
9462	-4328.257	-4877.194	548.937	1.319997	3.265473	0.725337	2.656725
9468	-4318.982	-4868.058	549.0756	1.349438	2.863568	0.725337	2.656725
9474	-4314.748	-4864.47	549.7228	1.486715	3.210349	0.8006738	2.004615
9480	-4311.704	-4860.953	549.2494	1.44098	2.888004	1.22953	2.153646
9486	-4326.172	-4874.224	548.0521	1.29347	3.544851	1.441939	2.726256
9492	-4352.04	-4899.667	547.6275	1.211127	2.782616	1.441939	3.218395
9498	-4333.801	-4882.522	548.7207	1.220237	3.352666	0.9582121	2.666604
9504	-4327.699	-4876.603	548.9043	1.331876	2.98573	1.025488	2.534386
9510	-4323.869	-4871.645	547.7768	1.283116	2.729896	1.326793	3.154771
9516	-4310.989	-4860.013	549.0242	1.242464	3.534817	1.046765	2.364885
9522	-4296.357	-4845.481	549.1241	1.334707	3.722323	0.8019926	2.364885
9528	-4328.801	-4877.941	549.1403	1.318594	3.722323	0.8019926	2.364885
9534	-4329.425	-4878.013	548.5888	1.314463	3.315835	1.075214	2.627427
9540	-4332.783	-4880.866	548.083	1.291592	2.858184	1.44953	2.87411
9546	-4322.278	-4871.259	548.9805	1.43572	2.523365	1.44953	2.324979
9552	-4323.028	-4871.829	548.8011	1.380149	3.023902	1.116449	2.504628
9558	-4322.8	-4871.341	548.5411	1.220948	2.476336	1.116449	2.915109
9564	-4314.361	-4863.18	548.8196	1.318739	3.23431	0.9913243	2.552502
9570	-4323.426	-4871.845	548.4187	1.23787	4.149276	0.9913243	2.646447
9576	-4325.113	-4873.738	548.6254	1.326887	4.149276	1.038697	2.433165
9582	-4321.44	-4870.38	548.9408	1.192461	3.882905	0.7554336	2.568941
9588	-4328.98	-4877.991	549.0109	1.403889	3.814546	0.8616632	2.328668
9594	-4317.166	-4866.038	548.8725	1.394323	3.814546	1.065601	2.289016
9600	-4328.825	-4877.221	548.3957	1.33191	3.215963	1.283588	2.646583
9606	-4323.245	-4871.533	548.2883	1.324128	2.853631	1.280326	2.812207
9612	-4317.025	-4866.34	549.315	1.419724	2.831177	0.9173727	2.332517
9618	-4314.209	-4863.66	549.4517	1.473605	3.325225	0.9173727	2.07601
9624	-4328.072	-4878.379	550.307	1.491684	3.032926	0.8245398	1.628811
9630	-4330.404	-4878.546	548.142	1.171484	3.841709	0.9950072	2.916568
9636	-4321.359	-4870.493	549.1346	1.301428	3.09903	0.9950072	2.398153
9642	-4334.205	-4883.793	549.5877	1.318786	3.220275	0.845992	2.166845
9648	-4341.789	-4890.292	548.5027	1.326432	3.220275	1.066424	2.701511
9654	-4316.381	-4865.131	548.7506	1.231826	3.412246	0.9397391	2.638731
9660	-4323.392	-4871.949	548.5565	1.189718	3.412246	0.9397391	2.783566
9666	-4329.74	-4878.326	548.5863	1.247021	3.38602	0.9397391	2.73652
9672	-4326.251	-4874.945	548.6932	1.223944	2.857326	0.9397391	2.818271
9678	-4318.733	-4867.339	548.6052	1.261817	3.40872	1.186845	2.56456
9684	-4344.671	-4893.102	548.431	1.350442	3.482796	1.248809	2.567043
9690	-4340.775	-4889.781	549.0059	1.2081	3.338842	0.9437855	2.510027
9696	-4334.306	-4882.991	548.6847	1.345639	3.551818	1.046038	2.510027
9702	-4319.231	-4868.188	548.9569	1.298742	3.551818	0.8980285	2.463745
9708	-4316.969	-4866.206	549.2368	1.449947	3.551818	0.7992372	2.261143
9714	-4318.152	-4867.019	548.8674	1.290796	3.551818	0.9889791	2.465236
9720	-4298.717	-4848.114	549.3972	1.391218	3.55272	0.8948074	2.124967
9726	-4315.172	-4864.684	549.5125	1.395065	2.858052	1.052883	2.124967
9732	-4324.579	-4874.069	549.4891	1.395065	2.853779	1.17771	2.06603
9738	-4331.592	-4881.461	549.8689	1.509158	2.853779	0.9507885	1.880587
9744	-4316.163	-4864.702	548.539	1.237325	3.522453	1.062117	2.664662
9750	-4294.172	-4842.356	548.184	1.402616	3.499766	1.269394	2.672802
9756	-4297.561	-4845.911	548.35	1.434077	3.499766	1.298686	2.535598
9762	-4302.408	-4851.337	548.9284	1.269413	3.499766	0.8693582	2.531665
9768	-4319.683	-4868.932	549.2494	1.394765	3.784054	0.8693582	2.182661
9774	-4318.344	-4867.758	549.4139	1.409315	2.86719	0.8693582	2.299278
9780	-4332.717	-4882.597	549.8795	1.3478	2.875645	0.7587673	2.119001
9786	-4314.63	-4864.356	549.7255	1.468882	2.72156	1.112053	1.938542
9792	-4312.739	-4862.399	549.6591	1.446533	3.551682	0.9138963	1.900432
9798	-4314.522	-4864.624	550.102	1.509742	3.490758	0.9138963	1.560078
9804	-4320.315	-4869.777	549.4616	1.429133	3.690956	0.6904339	2.184149
9810	-4314.646	-4863.766	549.1197	1.316431	3.690956	0.8691935	2.337655
9816	-4321.851	-4870.987	549.1359	1.322721	3.690956	0.8691935	2.323327
9822	-4326.321	-4875.823	549.5021	1.383428	3.448564	0.8691935	2.105387
9828	-4338.927	-4888.14	549.2131	1.457519	3.448564	0.975291	2.172055
9834	-4343.999	-4893.248	549.2488	1.479059	3.464702	0.7884054	2.263959
9840	-4321.864	-4871.382	549.5178	1.367222	3.464702	0.8038329	2.150563
9846	-4308.478	-4857.945	549.4667	1.418318	3.464702	0.8038329	2.150563
9852	-4331.28	-4880.279	548.9987	1.318232	3.529076	0.7639854	2.527025
9858	-4347.204	-4895.428	548.2242	1.269939	3.529076	1.093552	2.817521
9864	-4338.176	-4886.918	548.7421	1.377916	3.529076	0.8758122	2.568808
9870	-4315.131	-4864.066	548.9346	1.361588	3.463399	0.8758122	2.47434
9876	-4316.869	-4865.647	548.7781	1.277034	3.539312	1.084734	2.47434
9882	-4335.697	-4884.357	548.66	1.352563	4.138565	1.134846	2.340144
9888	-4323.765	-4873.437	549.6725	1.594686	3.33705	0.8538798	1.890862
9894	-4330.984	-4880.813	549.8288	1.614555	3.677181	0.8538798	1.679867
9900	-4333.989	-4883.735	549.7464	1.633415	3.499746	0.8538798	1.770514
9906	-4326.478	-4876.474	549.9961	1.584809	3.309222	0.9709589	1.590074
9912	-4323.228	-4872.966	549.7376	1.483145	3.639984	1.026915	1.718539
9918	-4328.503	-4877.911	549.4083	1.47235	3.639984	1.026915	1.95238
9924	-4322.924	-4872.133	549.2096	1.407721	3.639984	1.092121	2.085861
9930	-4320.364	-4869.542	549.1784	1.359381	2.810304	0.7802071	2.559723
9936	-4323.468	-4871.867	548.3986	1.323598	2.849082	1.190263	2.793345
9942	-4338.271	-4887.128	548.8579	1.317857	2.849082	1.117635	2.554485
9948	-4317.788	-4866.502	548.7135	1.301826	2.914488	0.9626779	2.728607
9954	-4324.221	-4872.919	548.6975	1.282057	3.032877	1.064432	2.657592
9960	-4338.262	-4887.171	548.9087	1.399535	3.08681	1.209691	2.355712
9966	-4314.566	-4863.117	548.5505	1.399535	3.08681	1.049669	2.670551
9972	-4319.925	-4869.131	549.2054	1.29883	2.480702	1.056155	2.493092
9978	-4329.128	-4878.061	548.9329	1.317855	3.022664	0.7838252	2.677371
9984	-4309.979	-4858.545	548.5662	1.267812	3.138231	1.13931	2.677371
9990	-4313.472	-4862.246	548.7743	1.154993	2.869975	0.942168	2.805946
9996	-4312.335	-4861.039	548.7042	1.220698	3.017311	1.033766	2.713399
10002	-4336.255	-4885.3	549.0447	1.311221	3.876333	0.7936229	2.402053
10008	-4346.218	-4895.221	549.0028	1.398365	3.550669	0.7936229	2.446981
10014	-4328.165	-4876.271	548.1054	1.205726	3.699003	0.8939753	3.011806
10020	-4326.564	-4874.788	548.2241	1.192289	2.798818	1.167738	3.003711
10026	-4337.651	-4885.471	547.8205	1.340633	3.415203	1.167738	3.003711
10032	-4320.439	-4868.126	547.6868	1.283226	3.422108	1.530724	2.942482
10038	-4307.945	-4855.733	547.7881	1.257694	2.854849	1.530724	3.036826
10044	-4305.347	-4853.073	547.7256	1.211682	3.402527	1.313994	3.066216
10050	-4299.714	-4848.9	549.1853	1.427279	3.402527	0.9452334	2.240924
10056	-4313.179	-4862.18	549.0005	1.420095	3.696963	1.027105	2.240924
10062	-4333.846	-4882.716	548.87	1.337227	3.328969	0.721284	2.675166
10068	-4321.689	-4870.775	549.086	1.457675	3.701053	0.721284	2.378541
10074	-4332.351	-4881.968	549.6171	1.54176	3.701053	0.721284	1.979055
10080	-4321.443	-4871.05	549.6073	1.4693	3.701053	0.721284	2.033784
10086	-4334.151	-4884.208	550.0572	1.541222	3.223246	0.721284	1.803279
10092	-4319.548	-4869.391	549.8426	1.45681	2.891725	0.9569241	1.918333
10098	-4323.202	-4873.121	549.9186	1.486658	2.783854	0.9020718	1.918333
10104	-4310.647	-4859.97	549.3226	1.532023	3.478812	0.7839643	2.182177
10110	-4321.853	-4870.909	549.0565	1.272543	3.549146	0.7787319	2.50364
10116	-4324.991	-4873.54	548.5497	1.306172	3.549146	0.982184	2.658014
10122	-4330.864	-4879.213	548.3491	1.264881	2.688271	0.7569848	3.170539
10128	-4326.096	-4873.898	547.8017	1.132336	3.347744	0.7622127	3.402864
10134	-4336.419	-4884.644	548.2251	1.1406	2.815405	1.16098	3.033207
10140	-4326.842	-4876.134	549.2916	1.377187	3.132382	0.828607	2.355151
10146	-4327.656	-4877.351	549.6951	1.411618	3.132382	1.009867	1.94334
10152	-4339.01	-4888.369	549.3589	1.395175	3.489801	0.9866475	2.099875
10158	-4352.271	-4901.731	549.4602	1.388439	3.137873	0.9275204	2.168193
10164	-4340.53	-4889.425	548.8947	1.372116	3.1106	0.8899095	2.569925
10170	-4332.857	-4881.835	548.9774	1.194042	3.137873	0.8040366	2.681922
10176	-4317.37	-4866.848	549.478	1.3362	3.142535	0.7438652	2.324477
10182	-4324.411	-4873.927	549.5158	1.323394	2.832055	0.7438652	2.392657
10188	-4318.353	-4868.201	549.8477	1.485882	2.886377	0.7236459	2.074952
10194	-4304.1	-4854.261	550.1611	1.575151	2.886377	0.8211235	1.72102
10200	-4314.476	-4864.555	550.0791	1.53706	3.171032	0.8211235	1.72102
10206	-4329.769	-4878.578	548.8084	1.315283	3.171032	0.9007059	2.635928
10212	-4317.361	-4866.247	548.8859	1.296735	2.66582	1.058944	2.635928
10218	-4302.733	-4851.673	548.9393	1.37679	2.719394	1.058944	2.537831
10224	-4310.053	-4859.377	549.3239	1.400173	2.719394	1.058944	2.280311
10230	-4358.737	-4907.51	548.7733	1.377313	4.450591	0.6226357	2.551982
10236	-4371.098	-4920.55	549.4526	1.431992	4.450591	0.5796504	2.124523
10242	-4320.923	-4869.265	548.3425	1.304503	3.320277	0.9519623	2.85775
10248	-4315.159	-4863.966	548.8065	1.30722	3.093131	0.9519623	2.628324
10254	-4337.112	-4886.161	549.0498	1.235684	3.093131	0.939613	2.529754
10260	-4329.477	-4878.458	548.9807	1.304753	3.093131	0.939613	2.529754
10266	-4336.36	-4884.716	548.3561	1.340407	3.679325	1.17192	2.616047
10272	-4341.542	-4891.078	549.5358	1.46091	4.016345	0.7974455	1.951751
10278	-4337.555	-4886.701	549.1467	1.425549	3.387784	1.178264	2.125914
10284	-4338.032	-4887.825	549.7928	1.477207	3.420948	0.8450093	1.873676
10290	-4316.991	-4866.954	549.9632	1.450559	3.827834	0.771562	1.730999
10296	-4325.305	-4875.416	550.1106	1.514628	3.827834	0.8336442	1.52552
10302	-4316.165	-4866.2	550.0352	1.458934	3.441579	0.7833301	1.76324
10308	-4313.291	-4862.755	549.4639	1.315815	3.441579	0.8987902	2.155095
10314	-4304.048	-4853.641	549.5928	1.54527	3.194813	1.153199	1.812483
10320	-4333.18	-4881.773	548.5928	1.380672	3.206576	1.290738	2.492566
10326	-4336.727	-4885.774	549.0469	1.298371	3.327015	0.8527237	2.492566
10332	-4305.266	-4854.031	548.7647	1.277012	2.706724	1.000957	2.745636
10338	-4333.95	-4882.562	548.6117	1.296618	3.008443	1.000957	2.745636
10344	-4321.101	-4869.18	548.0783	1.143291	3.008443	0.9814931	3.170789
10350	-4310.058	-4859.243	549.1849	1.372157	3.886236	0.8754724	2.211674
10356	-4320.364	-4869.118	548.7535	1.25819	3.542235	1.047974	2.522729
10362	-4307.517	-4855.852	548.3345	1.262536	3.591124	0.9163682	2.848476
10368	-4310.102	-4859.004	548.902	1.390274	2.725582	0.9163682	2.640094
10374	-4302.041	-4850.938	548.8977	1.278331	3.163793	0.9748984	2.557126
10380	-4312.098	-4861.492	549.3937	1.330503	3.163793	0.9748984	2.210093
10386	-4321.759	-4870.498	548.7386	1.294713	3.163793	0.9694327	2.648874
10392	-4317.7	-4866.973	549.2733	1.393313	3.163793	0.9694327	2.250791
10398	-4319.731	-4868.388	548.6574	1.352904	3.698419	1.034122	2.496329
10404	-4310.316	-4859.702	549.3859	1.274729	3.309025	0.9139393	2.254684
10410	-4317.103	-4866.672	549.5686	1.391525	2.573386	0.9139393	2.266981
10416	-4328.612	-4877.662	549.0497	1.325993	2.846272	0.832849	2.611973
10422	-4338.857	-4887.958	549.1011	1.274662	2.846272	0.832849	2.611973
10428	-4324.319	-4873.119	548.8001	1.34854	3.591634	1.096889	2.39617
10434	-4331.907	-4881.176	549.2691	1.372101	3.852419	0.8950162	2.150771
10440	-4332.374	-4881.323	548.949	1.391489	2.922067	0.9333766	2.544756
10446	-4321.644	-4870.638	548.9945	1.380682	2.693648	1.317127	2.365381
10452	-4310.317	-4858.95	548.6328	1.379243	2.693648	1.317127	2.592855
10458	-4303.34	-4852.8	549.4597	1.389121	3.031448	0.8105001	2.280465
10464	-4319.646	-4869.276	549.6295	1.338638	3.491343	0.8105001	2.084459
10470	-4326.242	-4875.487	549.2455	1.312823	3.137625	1.020595	2.294145
10476	-4343.681	-4893.378	549.697	1.33705	2.937609	0.9172078	2.109324
10482	-4338.428	-4887.105	548.6764	1.390865	2.937609	1.440219	2.430012
10488	-4337.866	-4885.301	547.4348	1.247826	3.248243	1.384123	3.220262
10494	-4354.075	-4902.016	547.9405	1.174026	3.173367	1.395649	2.975341
10500	-4343.405	-4892.423	549.0181	1.315579	3.369041	1.139086	2.307281
10506	-4324.507	-4873.752	549.2453	1.287077	4.097535	0.888987	2.171877
10512	-4324.218	-4872.931	548.7127	1.205734	3.761375	0.8926156	2.630005
10518	-4320.312	-4869.318	549.0054	1.267685	3.592155	0.9936914	2.38048
10524	-4339.975	-4888.967	548.9927	1.293398	3.592155	0.9808067	2.38048
10530	-4354.755	-4904.137	549.3815	1.504919	3.021385	0.8869951	2.203393
10536	-4344.89	-4894.649	549.7591	1.50099	3.021385	1.055161	1.840507
10542	-4346.51	-4895.985	549.4756	1.56351	2.94124	1.055161	2.012844
10548	-4356.941	-4906.415	549.4738	1.447897	2.942992	1.111537	2.054991
10554	-4335.111	-4884.017	548.9061	1.20601	2.820371	0.9677949	2.69149
10560	-4318.693	-4867.823	549.1303	1.299227	2.820371	1.043632	2.447464
10566	-4321.947	-4870.548	548.6012	1.33585	2.722118	1.318711	2.630374
10572	-4320.945	-4869.199	548.2538	1.233112	3.367517	1.419342	2.691369
10578	-4316.198	-4864.88	548.6812	1.283146	3.367517	1.419342	2.394141
10584	-4319.402	-4868.382	548.98	1.24707	3.367517	1.126152	2.382945
10590	-4309.161	-4858.088	548.9274	1.263333	3.9963	0.8646007	2.428969
10596	-4313.734	-4862.449	548.715	1.267977	3.610736	1.085463	2.502553
10602	-4338.971	-4887.984	549.0133	1.287232	3.131876	0.7741336	2.625872
10608	-4325.941	-4875.209	549.2679	1.321061	2.908224	0.9273047	2.396746
10614	-4299.964	-4848.339	548.3751	1.171671	3.629703	0.9273047	2.863346
10620	-4337.226	-4887.081	549.8542	1.567164	3.094862	0.9508043	1.779795
10626	-4330.514	-4880.536	550.0223	1.529091	2.773953	0.8881579	1.83204
10632	-4305.175	-4853.924	548.7489	1.360268	2.958082	1.20702	2.516573
10638	-4306.524	-4854.99	548.4658	1.143667	3.132845	1.20702	2.779438
10644	-4305.445	-4853.968	548.5227	1.224506	3.602587	0.8459235	2.801728
10650	-4331.371	-4881.069	549.698	1.451734	4.123161	0.9189497	1.728715
10656	-4316.504	-4865.937	549.4323	1.491905	3.327078	0.8886359	2.096689
10662	-4327.011	-4876.083	549.0725	1.241132	3.768669	0.9255849	2.359031
10668	-4328.793	-4877.559	548.7662	1.253036	3.832749	0.7886752	2.625331
10674	-4347.773	-4897.213	549.4398	1.441962	3.970101	0.9037629	1.958825
10680	-4343.132	-4893.381	550.2489	1.725179	3.299692	0.7658557	1.47053
10686	-4338.91	-4889.077	550.1671	1.658376	3.863958	0.7658557	1.425092
10692	-4339.584	-4888.802	549.2185	1.424076	2.94292	1.221724	2.173539
10698	-4332.516	-4880.581	548.0658	1.285573	3.73486	0.8774143	2.990845
10704	-4324.696	-4874.574	549.8785	1.556294	3.907188	0.877806	1.608753
10710	-4329.016	-4877.648	548.6318	1.282964	3.907188	0.9239737	2.57995
10716	-4324.885	-4873.559	548.6741	1.296387	3.402603	0.9239737	2.65863
10722	-4328.102	-4876.791	548.6891	1.260062	3.326157	0.9728888	2.65863
10728	-4337.341	-4885.234	547.8927	1.325139	3.111576	1.379987	2.93578
10734	-4323.376	-4872.15	548.7747	1.195277	3.347451	0.944626	2.658693
10740	-4323.729	-4873.049	549.3196	1.292276	3.09622	0.5953166	2.589133
10746	-4350.592	-4898.934	548.3424	1.212022	2.89126	0.9748507	3.006379
10752	-4334.12	-4883.168	549.0476	1.284604	3.758579	0.9748507	2.316952
10758	-4332.284	-4881.576	549.2919	1.310103	3.758579	0.7637184	2.294791
10764	-4304.156	-4853.475	549.3192	1.401662	3.434782	0.7637184	2.294791
10770	-4328.968	-4878.899	549.9314	1.366355	3.803755	0.7637184	1.824169
10776	-4319.536	-4869.561	550.0253	1.488838	3.602918	0.7637184	1.723671
10782	-4330.699	-4880.277	549.5778	1.461875	3.342271	1.071212	1.891698
10788	-4330.51	-4880.167	549.6572	1.450447	3.299323	0.8952581	1.977561
10794	-4313.497	-4863.103	549.6059	1.431133	3.299323	0.962051	1.977561
10800	-4317.998	-4867.085	549.0874	1.340208	3.299323	0.9645835	2.371892
10806	-4335.208	-4885.111	549.9023	1.479289	2.702544	0.9645835	1.91495
10812	-4331.803	-4880.862	549.0592	1.365756	3.241903	1.027326	2.348082
10818	-4339.701	-4888.081	548.3806	1.315277	3.303595	1.09712	2.745133
10824	-4343.169	-4892.522	549.3529	1.258553	3.303595	0.8210276	2.353455
10830	-4332.356	-4881.325	548.9696	1.410041	3.142865	1.325498	2.233381
10836	-4319.522	-4867.954	548.4319	1.27757	3.302315	0.9240853	2.841872
10842	-4321.43	-4870.428	548.9978	1.365501	2.869774	0.8420214	2.606754
10848	-4315.604	-4865.211	549.6075	1.336714	3.405812	0.8636538	2.081608
10854	-4319.638	-4869.18	549.5415	1.395589	2.841115	0.8636538	2.237713
10860	-4322.121	-4871.039	548.9181	1.324487	3.356709	1.096527	2.393036
10866	-4314.536	-4863.668	549.1321	1.264138	3.435866	1.096527	2.275912
10872	-4321.912	-4870.735	548.8232	1.335758	3.435866	0.8520936	2.582849
10878	-4331.828	-4881.839	550.0104	1.533259	3.6439	0.8650758	1.607402
10884	-4329.878	-4878.955	549.0769	1.38545	3.170956	0.8355874	2.470323
10890	-4321.217	-4870.296	549.0784	1.360937	3.421875	0.965452	2.333695
10896	-4300.944	-4850.118	549.1742	1.278113	3.387893	0.965452	2.333695
10902	-4317.102	-4865.36	548.2575	1.168189	3.170956	0.9290639	3.04128
10908	-4343.998	-4892.414	548.4164	1.25037	3.66596	0.9961616	2.739136
10914	-4311.044	-4860.418	549.3744	1.401671	3.301475	0.9138673	2.182071
10920	-4333.098	-4882.637	549.5385	1.413285	3.253734	1.062093	1.980272
10926	-4325.269	-4874.55	549.2805	1.389048	3.04	1.031433	2.241973
10932	-4313.328	-4862.838	549.5098	1.35913	3.187242	0.823439	2.216502
10938	-4316.448	-4866.264	549.816	1.462256	3.066807	0.8719491	1.943436
10944	-4322.758	-4872.189	549.4315	1.356222	3.065279	0.8442267	2.28565
10950	-4316.178	-4865.58	549.4022	1.42622	3.243983	1.009805	2.098313
10956	-4323.578	-4872.926	549.3478	1.411381	3.421396	1.009805	2.098313
10962	-4335.178	-4884.56	549.3817	1.283418	3.33913	1.023447	2.17164
10968	-4339.468	-4889.342	549.8738	1.441759	3.096488	0.719686	2.031051
10974	-4352.267	-4901.715	549.4476	1.470574	2.665036	1.160148	2.110355
10980	-4330.69	-4880.316	549.6258	1.530661	3.130132	1.160148	1.813719
10986	-4308.971	-4858.318	549.3472	1.412487	3.209153	1.160148	2.059563
10992	-4324.473	-4873.472	548.9988	1.340598	2.770241	1.071956	2.501091
10998	-4338.353	-4887.467	549.1133	1.304297	3.550828	0.8892648	2.367899
11004	-4345.353	-4895.18	549.8266	1.410558	2.986377	0.6993677	2.130334
11010	-4352.299	-4901.878	549.5788	1.441722	2.986377	0.8303202	2.167248
11016	-4329.394	-4878.959	549.5642	1.490312	3.008873	0.9316497	2.06577
11022	-4316.352	-4865.728	549.3764	1.293556	3.225759	0.868664	2.301429
11028	-4320.735	-4869.629	548.8939	1.356006	3.225759	0.868664	2.565844
11034	-4304.732	-4853.76	549.0277	1.284758	3.094264	0.8370144	2.582394
11040	-4324.922	-4873.886	548.9638	1.347128	2.927057	0.8417167	2.623877
11046	-4324.299	-4872.423	548.1238	1.228884	2.811699	1.354282	2.944307
11052	-4328.831	-4876.43	547.5994	1.237557	3.435347	1.213145	3.16879
11058	-4305.629	-4854.209	548.5798	1.328627	3.25453	1.23499	2.550325
11064	-4309.616	-4857.986	548.3706	1.227957	3.394316	0.8304451	2.949754
11070	-4304.951	-4853.634	548.683	1.268755	3.149178	1.111581	2.617679
11076	-4306.985	-4855.968	548.9833	1.28161	3.2236	0.8494594	2.570412
11082	-4319.075	-4868.104	549.0282	1.406384	3.34958	0.9007507	2.397555
11088	-4314.968	-4864.15	549.1818	1.376249	3.280785	0.9007507	2.336437
11094	-4320.019	-4869.679	549.6599	1.394016	3.314614	0.9007507	2.005439
11100	-4351.394	-4901.159	549.7647	1.482738	2.849647	0.9007507	2.005439
11106	-4354.829	-4904.368	549.5393	1.368936	2.790468	0.9596393	2.20453
11112	-4325.667	-4874.672	549.0045	1.237109	3.578112	0.8238574	2.518327
11118	-4344.346	-4893.228	548.8819	1.237109	3.029468	0.8838375	2.686184
11124	-4354.506	-4903.383	548.8766	1.466264	3.093442	1.156192	2.361842
11130	-4341.95	-4890.562	548.6121	1.311269	3.049511	1.247845	2.586289
11136	-4341.341	-4888.695	547.3538	1.267815	3.049511	1.247845	3.36942
11142	-4351.073	-4899.263	548.1906	1.159871	2.610079	1.012425	3.181933
11148	-4352.859	-4901.218	548.359	1.272744	2.610079	1.186573	2.916586
11154	-4349.67	-4897.736	548.0662	1.249847	3.073822	1.260395	2.944409
11160	-4351.259	-4899.895	548.6356	1.471595	3.157309	1.260395	2.437056
11166	-4351.325	-4900.377	549.0523	1.485606	3.078846	1.257687	2.184243
11172	-4351.677	-4900.473	548.7962	1.547739	3.01026	1.257687	2.32737
11178	-4346.154	-4894.638	548.4845	1.380966	2.720183	1.257687	2.705957
11184	-4328.431	-4877.651	549.2202	1.422937	3.302744	0.9723484	2.228248
11190	-4326.798	-4876.623	549.8249	1.525408	3.302744	0.9551897	1.767669
11196	-4330.051	-4880.55	550.4993	1.681448	3.237123	0.798234	1.297598
11202	-4329.329	-4879.812	550.4836	1.677053	3.237123	0.798234	1.313892
11208	-4326.619	-4876.325	549.7064	1.785462	3.237123	1.338261	1.430211
11214	-4320.7	-4869.304	548.6039	1.190917	3.198023	0.8521854	2.862957
11220	-4316.254	-4864.641	548.3876	1.34323	3.198023	0.9104392	2.862957
11226	-4308.537	-4857.669	549.1321	1.319823	2.757599	0.9104392	2.536027
11232	-4323.894	-4873.397	549.5028	1.409935	2.705922	1.037591	2.175987
11238	-4332.924	-4882.254	549.3301	1.377661	2.705922	0.9458991	2.366626
11244	-4316.91	-4866.149	549.2397	1.422923	3.269436	0.7555884	2.37902
11250	-4317.631	-4866.975	549.344	1.477648	3.203382	1.089248	2.063092
11256	-4330.753	-4879.536	548.7826	1.460627	3.815584	1.271505	2.185903
11262	-4319.176	-4867.487	548.311	1.25574	3.857385	1.001496	2.755586
11268	-4328.611	-4877.338	548.7266	1.345866	3.857385	1.067594	2.401829
11274	-4336.25	-4885.654	549.404	1.31595	3.038048	0.9111103	2.28913
11280	-4337.204	-4886.774	549.5693	1.408359	3.038048	0.9209772	2.115608
11286	-4322.085	-4871.691	549.6052	1.456427	3.038048	1.229677	1.863384
11292	-4327.959	-4877.126	549.1673	1.341688	3.038048	1.229677	2.229312
11298	-4327.054	-4876.536	549.482	1.306912	3.046755	0.8767869	2.266551
11304	-4321.235	-4870.696	549.4609	1.335379	3.292711	0.9611669	2.138875
11310	-4319.596	-4868.141	548.5458	1.407201	3.465164	1.247609	2.464785
11316	-4321.206	-4870.221	549.0144	1.401319	3.465164	1.247609	2.169623
11322	-4305.908	-4855.143	549.235	1.251888	3.275222	1.14815	2.227322
11328	-4320.141	-4869.065	548.9242	1.399726	2.892743	0.9586525	2.546589
11334	-4328.073	-4877.016	548.9426	1.352899	3.756174	1.043896	2.297125
11340	-4318.744	-4867.532	548.7883	1.338389	3.821631	0.8798652	2.496106
11346	-4323.809	-4872.784	548.9745	1.353317	3.821631	0.805587	2.422856
11352	-4336.092	-4884.859	548.7671	1.24301	4.111429	0.742234	2.607688
11358	-4347.216	-4896.143	548.9273	1.319456	3.330361	0.9159887	2.509976
11364	-4317.044	-4866.207	549.1629	1.325181	3.235098	0.9277586	2.374026
11370	-4314.966	-4863.66	548.6941	1.42865	3.501312	1.190175	2.380419
11376	-4325.891	-4875.026	549.1343	1.493124	3.214909	1.190175	2.127466
11382	-4355.831	-4903.692	547.8615	1.104188	3.414266	0.847457	3.310292
11388	-4333.162	-4881.505	548.3431	1.183153	3.070061	0.9146932	3.015101
11394	-4361.84	-4911.355	549.5148	1.368401	3.435309	0.8861614	2.09794
11400	-4332.674	-4882.188	549.5148	1.412225	3.549057	0.9222274	2.015086
11406	-4322.043	-4871	548.9563	1.372679	3.549057	0.9222274	2.401874
11412	-4307.217	-4855.618	548.4013	1.259828	3.336257	0.9222274	2.864349
11418	-4307.643	-4856.71	549.0667	1.25571	3.481761	0.9222274	2.421907
11424	-4301.736	-4850.759	549.0235	1.329347	3.481761	0.7754414	2.506975
11430	-4311.399	-4860.091	548.692	1.329347	3.481761	1.124564	2.485807
11436	-4306.941	-4855.774	548.8331	1.41769	3.000278	1.084777	2.485807
11442	-4299.801	-4849.45	549.6489	1.434477	2.897725	0.9536348	2.06309
11448	-4308.702	-4858.134	549.4315	1.393411	2.587431	0.9536348	2.322463
11454	-4307.357	-4856.055	548.6976	1.361277	3.200143	1.039772	2.580598
11460	-4301.911	-4850.972	549.0605	1.323187	2.824248	1.039772	2.477513
11466	-4305.812	-4854.85	549.0384	1.362801	2.824248	0.9921353	2.496012
11472	-4343.493	-4892.426	548.9321	1.393314	3.228037	1.136439	2.349461
11478	-4339.111	-4887.996	548.8851	1.440306	3.228037	1.136439	2.349461
11484	-4349.714	-4898.232	548.5179	1.199621	2.833044	0.6915986	3.119284
11490	-4328.666	-4877.577	548.9109	1.324843	2.833044	0.9587958	2.617519
11496	-4340.827	-4889.529	548.7013	1.23051	2.699206	0.9587958	2.840765
11502	-4352.962	-4901.452	548.4896	1.234403	2.699206	1.028632	2.924009
11508	-4348.558	-4897.726	549.168	1.412366	2.779508	1.076927	2.343625
11514	-4345.032	-4893.986	548.9549	1.301044	2.890461	1.006532	2.55931
11520	-4344.183	-4893.58	549.397	1.360133	3.260947	0.8763141	2.231045
11526	-4338.909	-4887.927	549.018	1.275588	2.884023	1.181634	2.435092
11532	-4326.717	-4876.882	550.165	1.515336	2.884023	0.9420291	1.667143
11538	-4343.833	-4893.679	549.8462	1.40047	2.884023	1.000431	1.926393
11544	-4349.104	-4898.616	549.5118	1.467683	2.884023	1.111163	2.033956
11550	-4356.187	-4905.892	549.7056	1.47468	2.758724	1.12302	1.929766
11556	-4342.058	-4891.942	549.8844	1.476177	3.339211	0.8027891	1.86668
11562	-4341.58	-4891.221	549.6412	1.533897	3.747231	0.8027891	1.88974
11568	-4326.69	-4875.992	549.3019	1.359076	3.747231	0.8082614	2.225272
11574	-4358.442	-4908.156	549.7136	1.385713	2.90515	1.058364	1.981059
11580	-4329.434	-4877.657	548.2231	1.184219	3.460704	0.8082614	3.064625
11586	-4329.687	-4878.237	548.5499	1.171296	3.448512	0.9461533	2.786296
11592	-4329.198	-4878.463	549.2652	1.388071	2.769666	1.022312	2.333562
11598	-4323.743	-4873.345	549.6025	1.475584	2.769666	1.171891	1.965527
11604	-4326.964	-4876.729	549.7649	1.449641	2.769666	1.025521	1.965527
11610	-4334.521	-4883.241	548.7193	1.330064	3.393374	0.7799659	2.712167
11616	-4349.943	-4898.321	548.3771	1.388231	3.270572	0.8852198	2.840997
11622	-4340.125	-4889.389	549.2633	1.518154	3.396879	1.060138	2.057552
11628	-4327.533	-4876.654	549.1209	1.361132	3.396879	0.7412223	2.4727
11634	-4324.648	-4874.009	549.361	1.413973	4.539717	0.8464785	1.950496
11640	-4325.396	-4875.033	549.6364	1.44334	4.892208	0.7082481	1.78545
11646	-4320.98	-4870.712	549.732	1.422806	4.079261	0.7082481	1.905265
11652	-4333.98	-4883.354	549.3734	1.486944	3.118212	0.7082481	2.33016
11658	-4325.081	-4874.473	549.3923	1.404049	3.118212	0.747939	2.338955
11664	-4328.988	-4878.321	549.3326	1.387894	3.250284	0.7661192	2.338955
11670	-4337.301	-4887.309	550.008	1.533453	3.522408	0.7707474	1.71934
11676	-4339.905	-4889.634	549.7287	1.486922	3.565894	0.9446899	1.799147
11682	-4342.726	-4892.508	549.7819	1.367071	3.534482	0.6702497	2.070291
11688	-4339.418	-4888.818	549.4001	1.411853	3.204258	0.7974015	2.268351
11694	-4334.499	-4883.62	549.1205	1.217675	3.041184	0.8926703	2.541651
11700	-4341.322	-4891.01	549.6878	1.318574	2.891509	1.04043	2.058262
11706	-4332.648	-4882.398	549.7502	1.470648	3.124187	0.7532957	2.058262
11712	-4351.13	-4901.202	550.0721	1.437688	3.124187	0.9293916	1.72513
11718	-4345.537	-4895.302	549.765	1.463566	3.157899	0.9347879	1.905825
11724	-4332.261	-4881.042	548.7814	1.333681	3.267554	0.9413314	2.590542
11730	-4351.739	-4900.621	548.8826	1.298233	2.933252	0.9498266	2.630003
11736	-4340.859	-4890.291	549.4324	1.374873	2.968565	0.9442324	2.229536
11742	-4336.724	-4884.818	548.0939	1.266369	3.394711	1.062589	2.946983
11748	-4319.128	-4867.317	548.1891	1.348423	3.294194	0.9252578	2.946983
11754	-4323.988	-4873.148	549.1606	1.298161	3.029605	0.9977783	2.400349
11760	-4330.633	-4879.544	548.9109	1.303337	3.029605	1.117089	2.482093
11766	-4326.58	-4876.393	549.8135	1.370175	3.029605	0.9631421	1.952086
11772	-4324.491	-4874.513	550.0223	1.537304	2.896756	0.9085837	1.773262
11778	-4299.138	-4849.198	550.0599	1.527072	3.370228	0.9085837	1.615839
11784	-4309.263	-4859.44	550.177	1.564946	3.606301	0.845872	1.486952
11790	-4325.283	-4875.387	550.1037	1.611727	4.236296	0.845872	1.340405
11796	-4330.331	-4880.608	550.2768	1.440309	3.63331	0.6653031	1.661313
11802	-4325.15	-4874.037	548.8868	1.412776	3.003267	1.310956	2.329459
11808	-4321.763	-4871.318	549.5551	1.428393	3.135752	0.7497853	2.212942
11814	-4357.679	-4907.465	549.7864	1.50623	3.763288	0.7873005	1.81788
11820	-4333.396	-4882.88	549.4843	1.386868	3.754526	0.7078236	2.167424
11826	-4364.727	-4913.424	548.6978	1.398383	3.049231	0.5474932	2.959629
11832	-4340.365	-4889.169	548.8042	1.38774	3.757098	1.062297	2.351588
11838	-4331.239	-4880.206	548.9663	1.329946	3.207599	1.062297	2.416799
11844	-4332.874	-4882.291	549.4174	1.436176	3.656514	0.8897689	2.060784
11850	-4314.784	-4864.912	550.1279	1.589171	3.5898	0.7734434	1.572943
11856	-4329.182	-4879.113	549.9314	1.411891	3.205997	0.7717804	1.939298
11862	-4327.042	-4876.029	548.9868	1.167753	3.205997	0.9281168	2.589984
11868	-4338.842	-4887.833	548.9913	1.280138	3.667925	0.7754233	2.514984
11874	-4328.36	-4876.365	548.0043	1.302612	3.310457	0.5588683	3.355267
11880	-4308.422	-4857.476	549.0541	1.321652	3.065707	0.8041255	2.574137
11886	-4321.172	-4870.404	549.2322	1.339217	3.666292	0.8041255	2.304456
11892	-4316.508	-4865.47	548.9613	1.26815	3.232818	1.127237	2.41425
11898	-4325.192	-4874.076	548.8844	1.272698	3.232818	0.9685197	2.555602
11904	-4334.185	-4883.254	549.0692	1.345908	3.231072	0.9685197	2.394336
11910	-4318.52	-4867.867	549.347	1.345908	3.524117	0.9227767	2.174581
11916	-4306.286	-4854.461	548.1751	1.155048	3.774939	0.9649948	2.93904
11922	-4314.64	-4863.012	548.3722	1.265059	3.377657	0.8178322	2.93904
11928	-4345.705	-4894.239	548.534	1.251614	3.377657	0.6972352	2.93904
11934	-4318.672	-4867.629	548.9566	1.301473	3.123289	0.9837776	2.510688
11940	-4333.58	-4883.6	550.0209	1.554062	3.410659	0.7395937	1.752462
11946	-4335.047	-4884.637	549.5905	1.472302	3.213312	0.7234453	2.162575
11952	-4328.199	-4877.62	549.4214	1.416473	3.856626	0.7619236	2.121514
11958	-4354.725	-4904.035	549.3103	1.50312	3.394347	0.9429365	2.114191
11964	-4348.042	-4897.585	549.5426	1.529741	3.263522	0.7863088	2.092596
11970	-4317.795	-4867.265	549.4703	1.391762	3.263522	0.7863088	2.229389
11976	-4318.663	-4868.565	549.9021	1.449886	3.218011	0.6593703	2.026666
11982	-4330.677	-4879.721	549.0438	1.440255	3.239128	1.331958	2.137023
11988	-4319.076	-4867.699	548.6231	1.191548	2.985446	0.9010766	2.871717
11994	-4323.252	-4871.53	548.2775	1.270061	3.955576	1.106224	2.684976
12000	-4361.194	-4911.463	550.2691	1.579249	2.936128	1.04297	1.451815
12006	-4347.346	-4896.229	548.8828	1.367835	2.936128	1.078659	2.506705
12012	-4327.806	-4876.332	548.5267	1.183859	3.133091	0.7162868	3.027803
12018	-4332.207	-4880.777	548.5695	1.33401	3.407626	0.8591457	2.741884
12024	-4324.725	-4874.598	549.8734	1.480647	3.136994	0.8905368	1.858482
12030	-4342.09	-4891.588	549.498	1.480851	3.625012	0.876001	1.995307
12036	-4337.503	-4887.037	549.5342	1.614459	3.114956	0.876001	2.013815
12042	-4336.981	-4886.363	549.3824	1.460116	3.156056	0.876001	2.203463
12048	-4352.228	-4901.259	549.031	1.440135	3.156056	0.8977481	2.42515
12054	-4361.697	-4911.597	549.8999	1.579838	2.930801	0.8595012	1.855315
12060	-4354.464	-4902.523	548.0594	1.215542	2.606478	1.064706	3.197594
12066	-4361.555	-4909.256	547.7009	1.254459	3.042923	1.059117	3.274482
12072	-4332.806	-4881.728	548.9219	1.328957	3.704388	0.6475767	2.621824
12078	-4336.28	-4886.078	549.7976	1.382705	2.987921	0.8175347	2.071941
12084	-4324.134	-4873.355	549.221	1.355146	2.987921	0.8354778	2.446842
12090	-4334.07	-4881.532	547.4621	1.257553	3.893719	1.265396	3.113517
12096	-4315.906	-4863.489	547.5833	1.264679	3.893719	1.163261	3.089642
12102	-4305.774	-4854.472	548.6977	1.320027	3.502855	0.9868521	2.565623
12108	-4322.684	-4870.658	547.9741	1.250586	3.031623	0.9868521	3.15989
12114	-4337.179	-4886.97	549.7918	1.364642	3.11687	0.8234597	2.047472
12120	-4331.478	-4880.203	548.725	1.254687	3.12977	1.128991	2.595403
12126	-4324.762	-4873.224	548.4624	1.391935	3.12977	1.157034	2.657164
12132	-4317.209	-4866.428	549.2184	1.390341	3.098475	1.064769	2.244688
12138	-4329.09	-4878.579	549.4886	1.501659	2.434045	0.9252193	2.283849
12144	-4328.924	-4878.353	549.4295	1.560819	2.434045	0.9252193	2.283849
12150	-4332.892	-4882.011	549.1189	1.344677	2.879426	1.316058	2.256123
12156	-4339.265	-4889.066	549.8006	1.439542	2.879426	1.047802	1.900658
12162	-4357.014	-4905.308	548.2941	1.394161	3.81273	1.150154	2.603905
12168	-4328.228	-4877.09	548.8612	1.301469	3.81273	0.9796726	2.409224
12174	-4350.407	-4899.113	548.7066	1.304814	3.001815	0.921409	2.73445
12180	-4345.368	-4895.126	549.7578	1.522822	3.81273	0.724115	1.867595
12186	-4315.989	-4865.286	549.2961	1.399376	3.654249	1.091627	2.031118
12192	-4323.904	-4873.45	549.5456	1.326812	2.785749	0.8142058	2.331007
12198	-4304.909	-4854.209	549.3005	1.42156	3.659892	0.8111424	2.203896
12204	-4313.307	-4862.669	549.3627	1.398919	3.845985	0.9772256	2.016167
12210	-4297.832	-4846.646	548.8144	1.407166	4.017014	0.9772256	2.329158
12216	-4303.055	-4852.42	549.3659	1.475354	3.073382	1.050645	2.109343
12222	-4336.766	-4885.513	548.7465	1.350874	3.655325	0.8379964	2.580421
12228	-4322.967	-4871.392	548.4253	1.197233	3.453146	0.8897893	2.881625
12234	-4324.226	-4872.221	547.9946	1.195024	3.592129	0.9388979	3.079003
12240	-4320.128	-4869.017	548.8884	1.255816	3.463563	0.7674188	2.646731
12246	-4325.858	-4874.842	548.9844	1.220737	4.112521	0.7674188	2.466646
12252	-4317.111	-4865.898	548.7864	1.246676	3.419968	0.8454978	2.668923
12258	-4328.587	-4877.525	548.9382	1.310827	3.365896	0.8454978	2.548258
12264	-4331.527	-4880.661	549.1335	1.383256	4.545073	1.124363	1.933263
12270	-4327.205	-4875.59	548.3845	1.138448	3.844075	0.8454978	2.885779
12276	-4327.939	-4876.729	548.7903	1.154235	3.186112	0.8138136	2.801687
12282	-4321.102	-4868.647	547.5457	1.316641	3.186112	1.364696	3.137492
12288	-4327.181	-4876.078	548.8964	1.340707	3.096578	1.230091	2.387075
12294	-4332.484	-4881.473	548.9888	1.322992	4.344375	0.7142642	2.394361
12300	-4318.017	-4867.66	549.6427	1.391309	3.459604	0.7142642	2.126298
12306	-4315.395	-4864.927	549.5322	1.381	4.002702	0.7018169	2.08905
12312	-4334.687	-4883.506	548.8195	1.261029	3.419646	0.8885433	2.610205
12318	-4331.181	-4879.295	548.1147	1.398499	3.5018	0.8885433	2.937377
12324	-4315.941	-4865.652	549.7119	1.357528	3.422503	0.8885433	1.976061
12330	-4317.397	-4866.868	549.4714	1.445289	3.280717	0.8885433	2.113619
12336	-4311.281	-4859.241	547.9599	1.241005	3.472367	0.8885433	3.130961
12342	-4303.788	-4852.233	548.4456	1.361564	3.75519	1.155109	2.539904
12348	-4335.713	-4885.086	549.3735	1.377857	2.819916	0.9909929	2.276439
12354	-4319.235	-4868.228	548.9929	1.393496	3.421457	1.034658	2.323407
12360	-4321.182	-4870.477	549.2949	1.406952	3.55274	1.034296	2.087647
12366	-4332.968	-4882.198	549.23	1.452331	2.765642	1.008355	2.324999
12372	-4346.014	-4893.662	547.648	1.239564	2.93051	0.9360842	3.415014
12378	-4342.584	-4890.491	547.9066	1.28295	3.285994	1.232008	2.983188
12384	-4343.917	-4893.47	549.5531	1.450613	3.144971	1.103933	1.948461
12390	-4347.057	-4896.79	549.7331	1.50251	3.443384	0.8547369	1.883796
12396	-4341.359	-4891.013	549.6543	1.50251	3.443384	0.8547369	1.937186
12402	-4333.35	-4883.23	549.8802	1.50251	3.443384	0.9322721	1.723665
12408	-4349.183	-4899.354	550.171	1.50251	3.438155	0.768445	1.650023
12414	-4347.751	-4897.92	550.1694	1.506961	3.438155	0.7319453	1.680283
12420	-4359.591	-4909.484	549.8927	1.409309	3.171211	0.9357439	1.851378
12426	-4352.507	-4901.614	549.1071	1.398827	2.493226	1.24106	2.383206
12432	-4332.379	-4881.249	548.8693	1.36321	3.09992	1.24106	2.383206
12438	-4334.319	-4883.256	548.937	1.267337	3.09992	0.94436	2.575351
12444	-4335.887	-4884.855	548.9674	1.288402	3.637764	0.8246079	2.495322
12450	-4344.304	-4894.888	550.5841	1.781539	2.917327	0.8331476	1.221026
12456	-4325.26	-4875.813	550.5529	1.736888	2.917327	0.819471	1.297084
12462	-4335.95	-4885.875	549.9256	1.611913	3.004357	1.057786	1.649284
12468	-4326.91	-4876.843	549.9336	1.521157	3.464403	1.057786	1.575765
12474	-4331.798	-4881.657	549.8591	1.521157	3.464403	0.6705693	1.93335
12480	-4352.175	-4902.29	550.1144	1.603916	2.872189	1.018834	1.587188
12486	-4338.953	-4889.186	550.2331	1.603916	3.050711	0.9552266	1.489989
12492	-4332.882	-4882.085	549.203	1.462059	3.75984	1.054265	2.049723
12498	-4328.583	-4878.319	549.7364	1.481137	3.144617	0.8469389	1.981422
12504	-4318.874	-4868.85	549.9761	1.647303	3.557898	0.9311808	1.519296
12510	-4316.521	-4865.316	548.7947	1.282873	3.157551	1.097352	2.545711
12516	-4328.223	-4876.838	548.6148	1.273515	3.215142	1.328871	2.524231
12522	-4321.526	-4869.607	548.0804	1.216003	3.641744	0.9159727	3.018811
12528	-4305.383	-4853.824	548.441	1.216003	3.314599	1.004675	2.820514
12534	-4312.925	-4860.882	547.9578	1.180639	3.314599	1.046542	3.107764
12540	-4316.935	-4865.273	548.3383	1.280654	4.114605	1.046542	2.64312
12546	-4311.209	-4859.866	548.6573	1.451253	3.546793	0.9457831	2.525127
12552	-4314.62	-4864.213	549.5936	1.48316	3.546793	0.9526459	1.893565
12558	-4331.966	-4880.963	548.997	1.539258	3.217941	1.136045	2.217253
12564	-4341.177	-4890.377	549.1998	1.369518	3.736994	1.136045	2.067846
12570	-4323.857	-4873.784	549.9268	1.418465	3.162113	0.924917	1.832094
12576	-4312.659	-4861.771	549.1124	1.372414	3.143816	1.23124	2.215748
12582	-4320.602	-4869.238	548.6363	1.449989	3.945675	1.409549	2.186815
12588	-4307.432	-4855.407	547.9746	1.330703	3.945675	0.8997425	2.959774
12594	-4320.643	-4869.897	549.2543	1.338503	3.34566	0.9354661	2.274331
12600	-4331.791	-4880.045	548.2541	1.334073	3.34566	1.01324	2.849767
12606	-4331.714	-4880.108	548.3939	1.186064	3.518631	0.9733934	2.839058
12612	-4320.079	-4869.594	549.5151	1.369695	3.078687	1.181685	1.999324
12618	-4345.66	-4893.8	548.1405	1.34205	3.831173	1.249187	2.67357
12624	-4337.472	-4885.708	548.2357	1.339134	2.723877	1.207221	2.907954
12630	-4320.923	-4870.869	549.9463	1.602438	3.202894	1.035642	1.597258
12636	-4295.094	-4845.092	549.9983	1.598285	3.202894	1.061861	1.543616
12642	-4296.294	-4846.228	549.9335	1.478885	2.864115	0.9219419	1.874735
12648	-4314.043	-4863.957	549.9138	1.452001	2.864115	0.9303628	1.900366
12654	-4336.428	-4884.767	548.3385	1.159192	3.104403	0.9727084	2.987296
12660	-4330.211	-4879.163	548.9521	1.233878	2.989398	1.037806	2.557139
12666	-4331.687	-4880.901	549.214	1.295549	2.989398	1.075921	2.330706
12672	-4328.612	-4877.795	549.1833	1.320886	3.481888	0.8693456	2.343197
12678	-4335.382	-4884.4	549.0183	1.336964	3.344699	1.065452	2.343197
12684	-4318.654	-4867.843	549.1887	1.299253	3.008351	0.8092884	2.515551
12690	-4340.768	-4889.893	549.1249	1.317231	2.815551	0.9374142	2.507986
12696	-4324.81	-4873.157	548.3468	1.226272	2.963184	0.9374142	2.99971
12702	-4335.329	-4883.067	547.7385	1.128319	3.304657	1.011412	3.291385
12708	-4335.901	-4883.842	547.9413	1.160383	3.472073	0.9967229	3.122721
12714	-4319.842	-4867.552	547.7104	1.114275	3.472073	1.030158	3.267338
12720	-4328.47	-4876.89	548.4195	1.275496	3.331169	0.9848325	2.805579
12726	-4339.942	-4887.806	547.864	1.08613	3.382359	0.9848325	3.240044
12732	-4347.366	-4895.225	547.8582	1.140888	3.477446	0.8838013	3.252558
12738	-4333.097	-4881.573	548.4763	1.182722	3.292058	0.8838013	2.901152
12744	-4326.838	-4875.748	548.91	1.216853	3.874271	0.9472563	2.439352
12750	-4309.92	-4858.906	548.9865	1.358537	3.741134	0.8271305	2.414106
12756	-4316.648	-4865.319	548.671	1.310697	3.144101	1.135513	2.586818
12762	-4320.091	-4868.68	548.5888	1.286649	2.943173	1.218369	2.65936
12768	-4340.186	-4889.453	549.2669	1.343353	2.943173	0.9129807	2.383373
12774	-4339.839	-4889.358	549.5187	1.440887	2.943173	0.8622395	2.19535
12780	-4322.129	-4870.464	548.3342	1.347683	3.442904	1.211413	2.657687
12786	-4335.136	-4883.443	548.307	1.418548	3.442904	1.194168	2.640059
12792	-4329.58	-4878.999	549.4196	1.401334	3.319646	0.8250904	2.212239
12798	-4344.131	-4893.402	549.2711	1.279767	3.319646	0.8250904	2.384852
12804	-4339.577	-4887.655	548.0781	1.22721	3.161001	1.110829	3.008406
12810	-4343.847	-4893.884	550.0373	1.442146	3.562124	0.7408267	1.778222
12816	-4355.582	-4904.923	549.3407	1.395869	4.162614	0.8006629	2.089999
12822	-4346.22	-4896.202	549.9815	1.342202	2.844383	0.995861	1.889126
12828	-4329.314	-4879.379	550.0644	1.555448	2.887859	0.7164953	1.889126
12834	-4325.991	-4875.622	549.6314	1.511299	2.889664	0.7164953	2.204505
12840	-4324.506	-4874.083	549.5767	1.446662	3.126343	0.5854384	2.332156
12846	-4341.743	-4890.789	549.0456	1.456848	3.75792	0.8516063	2.292663
12852	-4347.27	-4895.652	548.3819	1.276463	2.999459	1.121343	2.830075
12858	-4352.97	-4901.511	548.5409	1.196112	3.093284	1.141	2.747244
12864	-4331.109	-4878.634	547.5256	1.268345	3.093284	1.141	3.312302
12870	-4329.694	-4878.235	548.5403	1.228495	3.493275	0.7518719	2.880743
12876	-4338.076	-4886.636	548.5604	1.254946	3.48567	1.231344	2.554521
12882	-4340.769	-4888.767	547.9984	1.226188	3.690367	1.106072	2.937911
12888	-4345.814	-4894.642	548.8279	1.352425	3.904716	1.106072	2.300014
12894	-4329.777	-4878.582	548.8044	1.368028	3.904716	1.106072	2.305062
12900	-4322.231	-4871.425	549.1934	1.425377	3.209726	1.106072	2.18379
12906	-4315.253	-4863.627	548.3738	1.269164	3.209726	1.106072	2.795145
12912	-4339.86	-4888.693	548.8333	1.217405	3.633403	1.000834	2.506319
12918	-4331.371	-4880.282	548.911	1.407319	3.343214	1.000834	2.406875
12924	-4323.525	-4872.906	549.3808	1.440962	3.940975	0.9234159	1.99159
12930	-4333.066	-4882.593	549.5275	1.321127	3.399306	0.6910708	2.280566
12936	-4329.267	-4878.533	549.2665	1.329661	3.909733	0.7437034	2.280566
12942	-4333.945	-4881.745	547.8004	1.263783	3.038492	1.233672	3.117589
12948	-4341.25	-4889.368	548.1178	1.215054	2.973075	1.233672	2.973504
12954	-4331.538	-4880.536	548.9978	1.2343	3.967114	0.6909278	2.540538
12960	-4325.028	-4873.793	548.7653	1.321291	3.237879	0.9374828	2.618017
12966	-4337.055	-4885.85	548.7955	1.32435	3.19027	1.178902	2.4648
12972	-4346.746	-4895.166	548.4193	1.394688	3.360037	1.026125	2.70091
12978	-4341.951	-4891.483	549.5321	1.387818	3.360037	0.7896423	2.164867
12984	-4331.785	-4880.525	548.7398	1.297118	2.280622	1.098583	2.819308
12990	-4343.644	-4892.521	548.8765	1.270803	3.986455	0.9305804	2.413343
12996	-4337.322	-4886.276	548.9545	1.218195	3.839113	0.8320808	2.497094
13002	-4335.734	-4883.58	547.8454	1.088885	3.495108	0.7353741	3.389182
13008	-4334.807	-4883.534	548.7268	1.153444	3.448809	0.9299156	2.699385
13014	-4329.293	-4877.901	548.6083	1.198918	2.610929	1.074416	2.872057
13020	-4323.867	-4872.5	548.6332	1.308636	3.503373	1.074416	2.559504
13026	-4325.991	-4875.171	549.18	1.233001	2.955801	1.074416	2.401917
13032	-4315.456	-4864.365	548.9093	1.187048	3.239652	0.9784493	2.585344
13038	-4315.255	-4863.74	548.4846	1.243068	3.239652	1.029028	2.78092
13044	-4330.185	-4878.481	548.2961	1.22339	3.645797	1.014252	2.822369
13050	-4294.31	-4843.84	549.5298	1.427747	3.909315	0.8315147	1.975756
13056	-4305.268	-4854.803	549.5351	1.414135	3.676076	0.9130678	1.975756
13062	-4323.922	-4873.449	549.5268	1.436195	3.790542	0.9130678	1.939161
13068	-4328.277	-4877.294	549.0166	1.383377	3.335543	1.106798	2.292168
13074	-4314.673	-4864.258	549.5855	1.408368	3.447671	0.866708	2.03601
13080	-4320.217	-4869.296	549.0796	1.408405	3.447671	0.8839915	2.351396
13086	-4314.834	-4863.737	548.9028	1.342771	4.081239	1.031628	2.265452
13092	-4319.831	-4868.06	548.2291	1.353649	3.938623	1.031628	2.710516
13098	-4319.35	-4868.249	548.8983	1.457187	3.71404	1.415273	2.06071
13104	-4340.211	-4889.311	549.0998	1.314706	3.149402	1.004128	2.392869
13110	-4330.828	-4879.958	549.1293	1.389692	3.442925	1.004128	2.252577
13116	-4346.176	-4894.959	548.783	1.277253	3.442925	0.8854637	2.619337
13122	-4344.233	-4892.299	548.0658	1.246297	3.442925	0.6656703	3.231717
13128	-4353.306	-4901.522	548.2162	1.185618	3.442925	0.6656703	3.17857
13134	-4323.838	-4872.188	548.3501	1.325816	2.825311	1.045294	2.908668
13140	-4309.48	-4857.843	548.3631	1.202592	3.680185	0.8964514	2.860835
13146	-4313.061	-4861.597	548.536	1.391549	3.231531	0.8964514	2.744227
13152	-4320.118	-4868.691	548.5737	1.251536	3.343261	0.8444968	2.814862
13158	-4331.928	-4880.665	548.7379	1.413147	3.665495	0.9932821	2.440882
13164	-4335.317	-4884.974	549.657	1.435954	3.064376	0.8659554	2.071929
13170	-4309.575	-4858.36	548.7851	1.352756	3.125143	0.8719067	2.658182
13176	-4311.184	-4860.212	549.0281	1.347027	3.349101	0.9818326	2.381645
13182	-4318.722	-4868.148	549.4255	1.437339	2.950874	0.8406968	2.271171
13188	-4299.225	-4848.238	549.0124	1.353683	3.162343	1.015569	2.41296
13194	-4298.14	-4847.59	549.4495	1.42199	2.902296	1.015569	2.159557
13200	-4323.482	-4872.237	548.7558	1.285965	3.441295	0.9118348	2.6135
13206	-4321.563	-4869.836	548.2731	1.288105	3.170757	1.100414	2.857529
13212	-4329.281	-4878.123	548.8426	1.412947	3.183231	1.155963	2.394006
13218	-4332.351	-4881.038	548.6871	1.419854	3.347389	0.8983259	2.604499
13224	-4309.681	-4857.668	547.987	1.404168	3.733351	0.8558168	2.981666
13230	-4327.604	-4877.116	549.5128	1.337336	3.196531	0.7623458	2.272914
13236	-4325.108	-4874.778	549.6692	1.469486	3.196531	0.7623458	2.085621
13242	-4321.051	-4870.577	549.5254	1.398888	3.196531	0.9282333	2.102738
13248	-4319.452	-4868.731	549.2796	1.408829	3.196531	0.9282333	2.255807
13254	-4313.306	-4862.476	549.1707	1.40521	3.013834	0.9282333	2.375732
13260	-4324.053	-4873.414	549.3609	1.533805	3.837874	0.9220942	1.967482
13266	-4320.621	-4870.268	549.6465	1.542348	3.981166	0.9004496	1.748364
13272	-4324.109	-4873.731	549.6223	1.489072	3.691566	0.9282333	1.851308
13278	-4312.342	-4861.346	549.0041	1.366868	4.276458	0.9064445	2.226535
13284	-4326.956	-4876.519	549.5628	1.40366	4.011844	0.7729108	1.992738
13290	-4324.433	-4873.945	549.5118	1.532178	4.603943	0.7729108	1.81271
13296	-4312.079	-4862.02	549.9403	1.399599	3.562156	0.7729108	1.847313
13302	-4324.972	-4874.633	549.6609	1.415181	3.222867	0.8516926	2.050791
13308	-4317.224	-4866.466	549.2419	1.403677	3.678015	0.8060834	2.25277
13314	-4327.936	-4877.038	549.1017	1.253125	3.678015	0.8060834	2.437547
13320	-4332.884	-4880.678	547.7935	1.124636	3.731888	1.056413	3.140441
13326	-4316.894	-4864.787	547.8933	1.152666	4.314403	1.056413	2.947052
13332	-4315.443	-4863.981	548.5386	1.289373	3.527695	0.8946218	2.736387
13338	-4319.367	-4868.249	548.8822	1.301103	3.337993	0.9791196	2.50664
13344	-4322.029	-4871.476	549.4469	1.373972	3.337993	0.9791196	2.099161
13350	-4334.65	-4883.224	548.574	1.359496	3.630861	1.135756	2.499862
13356	-4336.057	-4885.556	549.4999	1.475202	2.841882	1.135756	2.034235
13362	-4331.241	-4880.023	548.7826	1.378465	3.406605	0.8996748	2.555881
13368	-4338.171	-4886.193	548.0213	1.167727	3.494785	1.186894	2.958691
13374	-4339.361	-4888.244	548.8831	1.260493	3.401218	0.7233446	2.695453
13380	-4316.776	-4866.562	549.7855	1.54164	3.506013	0.8213248	1.831093
13386	-4335.402	-4884.454	549.0526	1.422694	3.580684	0.7821034	2.401965
13392	-4328.8	-4877.346	548.5464	1.331699	3.245434	0.985641	2.713926
13398	-4330.104	-4878.734	548.6297	1.194001	3.480899	0.7820165	2.828055
13404	-4333.007	-4881.619	548.6118	1.277664	3.480899	0.8193132	2.761171
13410	-4317.089	-4866.115	549.026	1.210648	3.446678	0.8891212	2.506384
13416	-4326.152	-4874.244	548.092	1.385112	3.446678	1.368693	2.702944
13422	-4323.946	-4871.618	547.6722	1.267884	4.045216	1.445008	2.864644
13428	-4312.172	-4861.089	548.9169	1.38857	4.045216	0.7872347	2.40256
13434	-4301.771	-4851.14	549.3685	1.478339	3.294836	0.9666466	2.101554
13440	-4318.471	-4867.807	549.3357	1.380756	3.294836	1.162733	2.064074
13446	-4313.959	-4863.473	549.5148	1.509402	3.294836	0.8545237	2.064074
13452	-4326.337	-4875.77	549.4332	1.518694	3.396111	0.8488715	2.089915
13458	-4334.052	-4881.692	547.6397	1.250408	3.574146	1.298815	3.063233
13464	-4337.896	-4886.509	548.613	1.29498	3.574146	0.8615475	2.699135
13470	-4304.384	-4853.365	548.9807	1.340282	3.638336	0.9924744	2.340174
13476	-4328.609	-4877.36	548.7512	1.272066	3.317214	0.8610142	2.688684
13482	-4327.765	-4876.567	548.8017	1.308966	3.381209	0.8610142	2.619514
13488	-4313.228	-4862.479	549.2506	1.33095	3.28285	0.9927781	2.259559
13494	-4315.704	-4864.517	548.8136	1.358519	3.250566	0.9927781	2.526542
13500	-4348.338	-4897.103	548.7647	1.366996	2.791624	1.049277	2.637504
13506	-4345.634	-4895.75	550.1163	1.57103	3.011908	1.049277	1.543801
13512	-4315.181	-4864.396	549.2149	1.341521	3.5858	0.9771767	2.211561
13518	-4312.268	-4860.894	548.6256	1.300109	3.5858	0.9698702	2.614277
13524	-4348.522	-4898.577	550.0542	1.612809	3.603284	0.737669	1.637632
13530	-4342.488	-4892.548	550.0602	1.697686	3.38778	0.737669	1.630508
13536	-4330.734	-4880.838	550.1042	1.691179	3.38778	0.7081879	1.630508
13542	-4312.624	-4861.177	548.5538	1.296932	3.311015	1.225335	2.577406
13548	-4303.197	-4851.963	548.7665	1.343511	3.335088	1.090412	2.485361
13554	-4318.148	-4867.057	548.9094	1.301073	3.085379	1.090412	2.485361
13560	-4317.364	-4866.454	549.0902	1.258948	3.692244	0.6386317	2.571323
13566	-4320.948	-4870.456	549.5078	1.363155	3.692244	0.925073	2.015561
13572	-4323.308	-4872.916	549.6081	1.4762	3.850731	0.7380558	1.979432
13578	-4314.942	-4864.413	549.4709	1.424643	3.754232	0.9444752	1.970813
13584	-4313.473	-4862.896	549.4233	1.327039	3.247822	0.9444752	2.191562
13590	-4315.636	-4865.501	549.8644	1.370955	2.88349	0.9444752	1.972592
13596	-4314.051	-4863.244	549.1932	1.32388	2.88349	0.85902	2.495424
13602	-4306.149	-4854.864	548.7156	1.476326	3.379951	1.002943	2.476082
13608	-4325.427	-4873.899	548.4718	1.390131	3.379951	1.15245	2.593513
13614	-4313.368	-4862.668	549.3002	1.411712	3.045054	0.9551274	2.262678
13620	-4313.555	-4862.921	549.3664	1.345589	3.045054	0.9551274	2.262678
13626	-4332.234	-4881.293	549.0592	1.307942	3.045054	0.9793115	2.465635
13632	-4311.578	-4860.908	549.33	1.374986	2.912105	0.9793115	2.287641
13638	-4327.304	-4876.598	549.2938	1.427546	2.542594	1.416412	2.138553
13644	-4326.959	-4875.176	548.2168	1.18675	3.022028	1.148349	2.96345
13650	-4343.652	-4892.526	548.8741	1.253318	2.977407	1.148349	2.532418
13656	-4343.393	-4891.633	548.2392	1.422659	2.993145	1.388979	2.691605
13662	-4339.853	-4889.891	550.0386	1.553027	2.704527	0.8622679	1.845856
13668	-4342.99	-4892.634	549.6432	1.369801	2.657752	1.036297	2.126075
13674	-4331.264	-4880.179	548.9148	1.275916	3.179393	1.036297	2.505928
13680	-4349.21	-4897.725	548.5147	1.207695	3.417237	0.9626427	2.782392
13686	-4339.738	-4887.782	548.0439	1.316247	4.293599	0.9626427	2.817294
13692	-4317.279	-4866.131	548.8519	1.250094	3.49923	0.8344122	2.615727
13698	-4337.618	-4886.282	548.6638	1.351005	3.444475	0.9110663	2.629948
13704	-4336.308	-4884.605	548.2966	1.198562	3.624696	0.9130364	2.904883
13710	-4326.521	-4875.599	549.0778	1.289479	3.973025	0.8762454	2.313909
13716	-4312.099	-4861.054	548.9546	1.328808	3.973025	0.9547238	2.313909
13722	-4337.127	-4886.37	549.2433	1.305225	3.381704	1.148304	2.160406
13728	-4339.167	-4888.503	549.3365	1.331384	3.33216	0.9830408	2.197792
13734	-4330.035	-4878.709	548.6747	1.434194	3.918225	0.798587	2.544196
13740	-4337.481	-4886.484	549.0031	1.331023	3.010749	0.9460668	2.516708
13746	-4313.458	-4862.605	549.1468	1.44927	3.209017	0.753075	2.438204
13752	-4350.896	-4899.258	548.3613	1.358754	4.27818	0.916588	2.629398
13758	-4359.241	-4907.908	548.6673	1.329028	3.481638	0.916588	2.629002
13764	-4338.313	-4887.986	549.6735	1.500386	3.326533	0.7589857	2.031033
13770	-4336.195	-4885.24	549.0449	1.202171	3.486729	0.916588	2.47186
13776	-4322.903	-4871.878	548.9743	1.307587	3.486729	0.8843498	2.47186
13782	-4327.132	-4875.952	548.8196	1.278287	3.642431	0.8739062	2.557982
13788	-4327.799	-4875.625	547.8263	1.186398	3.642431	0.9237652	3.182851
13794	-4344.885	-4893.697	548.8128	1.483826	3.944344	0.9714924	2.300672
13800	-4321.798	-4871.145	549.347	1.365933	3.328991	0.8398638	2.268551
13806	-4306.976	-4855.893	548.9172	1.393419	3.045572	0.8832561	2.564035
13812	-4306.34	-4855.235	548.8959	1.366165	3.016697	0.9556693	2.553838
13818	-4304.168	-4853.075	548.9073	1.366858	3.317888	1.193767	2.326927
13824	-4310.26	-4858.882	548.6212	1.282371	3.317888	0.9201681	2.722349
13830	-4306.801	-4855.435	548.6342	1.311692	3.439401	1.078769	2.569407
13836	-4315.139	-4864.207	549.0673	1.345273	3.652824	0.9698625	2.29307
13842	-4327.095	-4874.962	547.8668	1.256147	3.191121	0.9502467	3.20344
13848	-4328.129	-4877.103	548.9749	1.311688	3.113702	0.854315	2.581291
13854	-4334.057	-4882.654	548.597	1.253309	3.240399	0.9669907	2.743785
13860	-4326.453	-4874.483	548.0307	1.263396	3.240399	0.9669907	3.079657
13866	-4351.551	-4900.688	549.1371	1.371738	3.406665	0.925714	2.31955
13872	-4329.193	-4877.806	548.6124	1.286405	3.104768	1.103001	2.666473
13878	-4324.976	-4873.475	548.4994	1.441391	3.505067	0.9834794	2.614905
13884	-4351.111	-4900.412	549.3013	1.394186	3.349963	0.9834794	2.175075
13890	-4335.951	-4885.629	549.6779	1.544001	3.425172	0.9161823	1.851934
13896	-4340.221	-4889.797	549.576	1.601635	3.394825	0.9161823	1.890077
13902	-4307.327	-4856.569	549.2421	1.38499	3.228734	0.8680824	2.328406
13908	-4310.673	-4860.539	549.8661	1.466044	3.175177	0.9221136	1.839523
13914	-4315.379	-4865.092	549.7124	1.416163	2.712283	1.009393	2.050881
13920	-4311.385	-4860.885	549.5006	1.465863	3.143503	0.8560653	2.140647
13926	-4328.732	-4878.488	549.7567	1.401471	3.545595	0.7637623	1.982013
13932	-4312.852	-4861.347	548.4956	1.39089	3.931939	0.9706102	2.562095
13938	-4310.34	-4859.513	549.1738	1.392548	3.931939	0.9105186	2.170759
13944	-4315.728	-4865.404	549.6757	1.488417	2.955104	0.8489664	2.068143
13950	-4314.756	-4864.447	549.6917	1.47235	2.955104	0.8489664	2.068143
13956	-4308.136	-4857.579	549.4435	1.448143	2.907535	1.139399	2.068143
13962	-4315.671	-4863.747	548.0761	1.3019	2.853314	1.372748	2.909097
13968	-4317.468	-4866.75	549.2823	1.357475	2.853314	1.074646	2.28606
13974	-4296.209	-4844.895	548.6863	1.188812	3.202045	0.9891394	2.724281
13980	-4328.844	-4877.475	548.6307	1.304756	3.275713	0.9727073	2.679404
13986	-4330.148	-4878.735	548.5874	1.2854	3.57037	0.9727073	2.648663
13992	-4320.142	-4868.581	548.4392	1.17611	2.654662	1.339602	2.836107
13998	-4325.067	-4873.38	548.3136	1.207751	3.035327	1.296332	2.811886
14004	-4327.897	-4875.848	547.9514	1.239745	2.637818	1.224938	3.152531
14010	-4308.629	-4856.894	548.2653	1.389378	3.056479	0.9627475	2.910944
14016	-4314.867	-4863.892	549.0254	1.38123	3.19172	0.8363512	2.499403
14022	-4325.668	-4874.925	549.2564	1.362592	3.132507	0.7506901	2.445182
14028	-4300.359	-4849.707	549.3481	1.329282	3.207928	0.9128061	2.270473
14034	-4318.074	-4867.403	549.329	1.41053	3.747477	0.8941957	2.111157
14040	-4326.373	-4875.742	549.3688	1.428317	2.743328	0.9484147	2.29716
14046	-4343.126	-4891.951	548.8252	1.359407	2.617233	1.091865	2.629556
14052	-4343.85	-4893.335	549.4851	1.400081	2.617233	1.091865	2.187152
14058	-4320.248	-4868.89	548.6428	1.237177	2.752794	0.8820317	2.906696
14064	-4324.257	-4874.128	549.8712	1.56464	3.643568	0.8977802	1.659326
14070	-4334.142	-4884.181	550.0395	1.498626	2.893663	1.09665	1.656679
14076	-4313.753	-4863.189	549.4359	1.421111	4.003294	0.8293956	2.023123
14082	-4315.135	-4863.67	548.5352	1.421111	3.721749	1.187017	2.436262
14088	-4316.632	-4865.734	549.1022	1.440841	2.842818	1.137463	2.31366
14094	-4320.341	-4869.469	549.1281	1.436391	2.842818	1.137463	2.299924
14100	-4321.4	-4870.456	549.056	1.382198	4.00293	1.134159	2.094731
14106	-4340.653	-4889.81	549.1571	1.464507	4.169835	1.134159	1.936002
14112	-4327.25	-4874.819	547.5692	1.150895	3.255758	0.9080415	3.451525
14118	-4325.187	-4873.05	547.8623	1.199575	3.255758	0.9080415	3.250649
14124	-4316.394	-4864.992	548.5978	1.323065	3.255758	1.149951	2.588539
14130	-4311.878	-4859.782	547.9038	1.296449	3.56814	0.9164993	3.09204
14136	-4317.105	-4865.276	548.1709	1.272437	3.993219	0.8869067	2.875194
14142	-4310.659	-4859.24	548.5817	1.429458	3.264026	1.114674	2.550397
14148	-4319.741	-4868.634	548.8936	1.278324	4.055663	0.9867471	2.346341
14154	-4309.303	-4858.725	549.4229	1.47506	3.663712	0.8782989	2.038013
14160	-4301.314	-4850.46	549.146	1.363964	3.329188	0.8239214	2.409188
14166	-4306.203	-4854.914	548.7109	1.334121	2.798965	1.083596	2.668738
14172	-4316.466	-4864.515	548.0493	1.301874	3.085177	0.8645554	3.148514
14178	-4321.129	-4870.04	548.9113	1.289828	3.085177	0.7625479	2.707589
14184	-4322.184	-4871.172	548.9883	1.264259	4.049672	0.8082942	2.419238
14190	-4330.371	-4879.598	549.2266	1.326567	3.315846	0.9763715	2.280075
14196	-4329.715	-4879.078	549.363	1.298088	3.315846	0.7335304	2.385781
14202	-4324.14	-4872.801	548.661	1.351455	3.306548	1.072791	2.563471
14208	-4325.724	-4875.108	549.3841	1.30829	3.450934	1.072791	2.094632
14214	-4307.624	-4856.802	549.1782	1.279881	3.494749	0.8152395	2.408291
14220	-4298.698	-4847.865	549.167	1.314472	3.494749	0.7953119	2.408291
14226	-4322.463	-4871.756	549.2926	1.308596	3.288199	0.859893	2.33571
14232	-4309.79	-4859.577	549.7875	1.400272	3.584557	0.859893	1.876466
14238	-4324.234	-4873.66	549.4264	1.405057	3.237752	0.9618747	2.129671
14244	-4318.719	-4868.486	549.7669	1.379344	3.215269	0.6972357	2.129671
14250	-4320.877	-4869.758	548.8808	1.288788	4.06227	0.7613932	2.503949
14256	-4315.932	-4863.797	547.8643	1.221243	3.972557	0.8745464	3.102401
14262	-4306.765	-4854.848	548.0824	1.195074	2.949628	0.8745464	3.21963
14268	-4307.083	-4855.636	548.5526	1.327555	2.983551	1.034347	2.749161
14274	-4310.383	-4859.205	548.8223	1.316589	3.474839	1.073316	2.443719
14280	-4317.649	-4865.502	547.8529	1.29587	3.474839	1.277493	2.940833
14286	-4329.641	-4877.558	547.9173	1.197377	3.164145	1.145663	3.102589
14292	-4313.071	-4861.978	548.9072	1.327804	3.575611	1.008027	2.399356
14298	-4315.228	-4864.046	548.8178	1.225801	3.12119	0.7618383	2.795255
14304	-4311.359	-4859.591	548.2312	1.22493	3.60912	0.9468117	2.910321
14310	-4351.765	-4899.499	547.7341	1.167769	3.313975	1.246595	3.141109
14316	-4334.305	-4882.447	548.1423	1.167769	3.236596	1.050789	3.0212
14322	-4337.464	-4886.501	549.0365	1.256059	2.61316	1.232549	2.485547
14328	-4358.91	-4908.431	549.5206	1.317634	3.073501	1.017742	2.132285
14334	-4346.374	-4896.314	549.9394	1.523544	3.991196	0.8032506	1.629122
14340	-4346.409	-4896.245	549.836	1.478047	3.991196	0.9342597	1.631435
14346	-4328.767	-4878.908	550.1414	1.5135	3.888943	0.6752547	1.631435
14352	-4344.707	-4895.018	550.3108	1.627527	3.489006	0.5764296	1.631435
14358	-4339.491	-4889.78	550.2892	1.585932	3.489006	0.8696415	1.397968
14364	-4344.715	-4894.386	549.6709	1.459008	3.499939	0.8945026	1.911256
14370	-4346.382	-4896.097	549.715	1.495338	3.675047	0.8932141	1.813166
14376	-4338.642	-4887.967	549.3253	1.498676	3.219359	0.8932141	2.186657
14382	-4315.712	-4864.927	549.2152	1.33912	3.923111	0.7453387	2.303118
14388	-4326.599	-4876.188	549.5885	1.375132	3.766097	0.7299109	2.085875
14394	-4330.658	-4879.97	549.3121	1.419593	3.609584	0.8932141	2.149444
14400	-4337.429	-4886.909	549.4805	1.46449	3.609584	0.8045192	2.075393
14406	-4315.832	-4865.418	549.586	1.431941	3.609584	0.8045192	2.02718
14412	-4309.008	-4858.11	549.1028	1.339408	3.592155	0.8763184	2.35157
14418	-4307.047	-4856.592	549.545	1.572528	3.51046	0.8673844	1.937038
14424	-4323.688	-4873.517	549.8287	1.49818	3.28177	0.8673844	1.854645
14430	-4323.709	-4873.266	549.5569	1.511765	3.28177	1.177839	1.821243
14436	-4314.913	-4863.782	548.8697	1.249099	3.445789	1.003631	2.505655
14442	-4353.186	-4902.539	549.3527	1.342771	2.998041	0.8220218	2.378594
14448	-4343.69	-4892.322	548.6323	1.17289	3.106271	0.8924083	2.852365
14454	-4330.602	-4879.909	549.3073	1.439855	3.217585	0.998495	2.165651
14460	-4344.751	-4893.042	548.2911	1.191902	3.354036	0.8167746	3.037941
14466	-4324.901	-4873.081	548.1799	1.163081	3.941909	0.8167746	2.993825
14472	-4325.402	-4874.92	549.5181	1.368654	3.915809	0.6738247	2.149811
14478	-4319.531	-4867.327	547.7957	1.208539	3.570574	0.9706143	3.174516
14484	-4311.042	-4859.612	548.57	1.274886	3.392239	1.38385	2.480602
14490	-4329.591	-4878.403	548.8124	1.363217	2.886068	0.8113386	2.739526
14496	-4333.204	-4882.774	549.5703	1.474484	3.393928	0.8113386	2.05769
14502	-4351.74	-4900.099	548.3593	1.152837	3.545266	0.84179	2.959621
14508	-4328.651	-4876.71	548.0588	1.240464	3.545266	1.166904	2.89147
14514	-4337.056	-4885.062	548.0059	1.238155	3.002663	1.463461	2.908866
14520	-4324.529	-4872.324	547.7948	1.198767	3.232586	0.9874117	3.247629
14526	-4334.608	-4883.34	548.7326	1.177248	3.479356	0.7154511	2.826187
14532	-4339.758	-4889.033	549.2751	1.412174	3.974558	0.7214645	2.225852
14538	-4338.673	-4888.24	549.5668	1.375496	3.974558	0.7214645	2.05949
14544	-4323.378	-4872.057	548.6793	1.366709	3.375765	1.037839	2.546707
14550	-4318.884	-4868.172	549.2884	1.288718	3.052379	0.9172795	2.37202
14556	-4315.675	-4864.687	549.0123	1.429769	3.052379	0.9615397	2.428038
14562	-4309.176	-4858.512	549.3359	1.331274	3.052379	1.115758	2.188512
14568	-4318.941	-4868.358	549.4174	1.361556	2.958685	0.9790947	2.227344
14574	-4328.151	-4877.906	549.7544	1.372439	2.958685	0.9790947	1.999418
14580	-4326.054	-4875.396	549.3427	1.406907	3.181008	0.9790947	2.18635
14586	-4325.7	-4874.976	549.2759	1.425578	3.181008	1.303086	2.02473
14592	-4341.416	-4891.067	549.6504	1.362095	3.464952	0.9157879	1.983672
14598	-4330.288	-4879.597	549.309	1.344928	3.529479	0.9352935	2.189974
14604	-4312.297	-4862.062	549.7649	1.52013	2.824788	1.167771	1.810423
14610	-4356.098	-4905.398	549.3001	1.38313	3.101808	1.516756	1.948512
14616	-4333.192	-4882.572	549.3801	1.481128	3.101808	0.9518185	2.153093
14622	-4335.875	-4885.994	550.1193	1.610534	3.343391	0.7748845	1.630145
14628	-4333.29	-4882.844	549.5543	1.510793	3.343391	0.8980562	1.992422
14634	-4329.863	-4878.289	548.4267	1.237046	2.938089	1.109503	2.84938
14640	-4334.188	-4884.087	549.8995	1.393818	2.938089	0.7542687	2.061365
14646	-4327.296	-4876.14	548.8434	1.356625	3.102521	0.9672864	2.562626
14652	-4328.39	-4877.235	548.8453	1.317577	3.370148	0.8708617	2.583078
14658	-4336.863	-4886.034	549.1702	1.310749	4.177186	0.8708617	2.201228
14664	-4340.807	-4889.094	548.2878	1.177166	2.983275	0.895898	3.085752
14670	-4313.925	-4862.666	548.7414	1.295394	3.341317	0.895898	2.650907
14676	-4324.895	-4872.005	547.1106	1.182011	3.693023	1.070819	3.508735
14682	-4322.535	-4871.17	548.635	1.212323	3.304154	0.7250177	2.897528
14688	-4319.04	-4868.099	549.0583	1.212323	3.304154	0.8665745	2.53505
14694	-4316.141	-4864.897	548.7563	1.219834	3.698422	0.9471665	2.572188
14700	-4327.065	-4875.926	548.8609	1.290389	2.997773	0.9702038	2.618228
14706	-4330.601	-4879.37	548.7688	1.38462	2.997773	0.9702038	2.61686
14712	-4323.735	-4872.464	548.7283	1.402724	3.710961	0.8320345	2.551309
14718	-4330.672	-4879.234	548.5624	1.411601	3.046334	0.9612212	2.720359
14724	-4311.535	-4860.274	548.7393	1.412622	3.740216	0.8431162	2.523949
14730	-4326.899	-4875.848	548.9494	1.457178	3.757318	1.007938	2.248305
14736	-4323.843	-4872.612	548.7692	1.472831	3.757318	1.007938	2.353421
14742	-4334.354	-4883.761	549.4074	1.342848	3.412555	1.088295	2.056515
14748	-4334.353	-4884.071	549.7185	1.441339	2.749699	1.088295	1.967951
14754	-4330.069	-4879.735	549.6664	1.56467	2.987382	1.088295	1.848702
14760	-4333.692	-4883.29	549.5978	1.469049	2.987382	1.274283	1.848702
14766	-4328.832	-4878.635	549.8033	1.480935	2.987382	0.9561893	1.901157
14772	-4345.784	-4894.811	549.0266	1.301065	2.745512	0.8648838	2.64727
14778	-4354.629	-4902.777	548.1477	1.20754	2.708961	0.8933945	3.224829
14784	-4353.04	-4901.965	548.9249	1.292364	3.423847	0.9579367	2.478257
14790	-4330.779	-4880.33	549.5512	1.319843	3.252324	0.8181872	2.20219
14796	-4328.285	-4877.109	548.8239	1.279441	3.20028	0.9838039	2.587449
14802	-4328.633	-4877.418	548.7849	1.291515	3.20028	0.8484531	2.693266
14808	-4329.408	-4878.477	549.0688	1.26921	2.889116	1.067728	2.471284
14814	-4337.359	-4886.508	549.1493	1.294459	2.465105	0.8691753	2.65506
14820	-4327.86	-4876.467	548.6068	1.246151	2.96573	1.129057	2.71582
14826	-4323.069	-4871.731	548.6618	1.262215	2.96573	1.253027	2.60514
14832	-4334.448	-4883.369	548.9208	1.3559	2.96573	1.040419	2.505335
14838	-4315.646	-4864.062	548.416	1.421441	3.947173	0.8098249	2.697667
14844	-4337.674	-4885.492	547.8186	1.239565	3.342379	1.084713	3.127417
14850	-4339.001	-4889.028	550.0264	1.517404	3.089885	0.5444115	2.044891
14856	-4338.616	-4888.261	549.6447	1.453291	3.996451	0.7549734	1.922558
14862	-4343.392	-4890.906	547.5142	1.134437	3.666629	1.185853	3.243644
14868	-4339.679	-4887.643	547.9639	1.13235	3.314137	0.8663893	3.243644
14874	-4316.727	-4866.041	549.314	1.297972	3.120135	0.7873429	2.424793
14880	-4322.179	-4871.939	549.7595	1.557977	3.120135	0.7473645	2.000122
14886	-4331.785	-4881.43	549.6452	1.536907	2.901627	0.7473645	2.150312
14892	-4336.8	-4886.37	549.5696	1.408833	2.901627	0.6439611	2.368021
14898	-4324.467	-4873.875	549.4075	1.369844	3.75395	0.6618302	2.267429
14904	-4320.096	-4869.811	549.715	1.295909	3.383166	0.7614272	2.121918
14910	-4321.303	-4870.794	549.4905	1.356254	3.383166	0.8297018	2.176137
14916	-4323.026	-4873.032	550.0062	1.400632	3.421036	0.7669038	1.842793
14922	-4313.49	-4863.197	549.7068	1.36548	3.421036	0.7669038	2.067644
14928	-4314.068	-4863.59	549.5218	1.461274	3.421036	1.001838	1.955036
14934	-4320.446	-4869.99	549.5435	1.509348	3.299191	0.7264999	2.144296
14940	-4313.588	-4862.995	549.407	1.448457	3.299191	0.8492073	2.177264
14946	-4318.248	-4867.28	549.0316	1.299795	3.580497	0.9986289	2.343085
14952	-4339.586	-4887.626	548.0406	1.299795	3.894869	1.469763	2.639759
14958	-4345.43	-4893.054	547.6237	1.327909	3.894869	1.442669	2.889525
14964	-4347.437	-4895.643	548.2067	1.283435	2.792498	1.307042	2.889525
14970	-4336.679	-4885.703	549.0241	1.423454	3.471191	0.9717211	2.312444
14976	-4339.452	-4889.002	549.5507	1.332046	3.442501	0.660157	2.274587
14982	-4324.118	-4871.726	547.6076	1.245945	3.326091	1.062398	3.264993
14988	-4318.433	-4866.539	548.1064	1.31086	3.326091	1.062398	2.928788
14994	-4315.775	-4864.324	548.5488	1.259819	3.326091	1.166918	2.631446
15000	-4335.69	-4884.365	548.6746	1.287956	4.062416	1.166918	2.369507
15006	-4313.323	-4862.409	549.086	1.319839	4.042298	1.001958	2.189337
15012	-4335.038	-4884.311	549.2737	1.335236	2.983465	0.7692518	2.476383
15018	-4340.273	-4889.548	549.2757	1.346692	2.983465	0.7692518	2.467949
15024	-4346.851	-4895.875	549.0245	1.248092	3.252155	0.7884597	2.602479
15030	-4332.968	-4881.205	548.2365	1.434117	3.252155	0.9914042	2.835307
15036	-4317.617	-4866.421	548.8045	1.300546	3.410843	0.8140692	2.649017
15042	-4326.879	-4876.229	549.3501	1.379097	3.410843	0.5781842	2.45357
15048	-4322.738	-4871.843	549.1049	1.403841	3.410843	0.7399152	2.45357
15054	-4326.332	-4875.291	548.9588	1.290899	2.752742	0.9224997	2.654676
15060	-4323.683	-4873.109	549.4264	1.331072	3.208587	0.8025383	2.298251
15066	-4335.425	-4884.584	549.1589	1.398673	3.255951	1.131183	2.196511
15072	-4334.349	-4883.688	549.3394	1.265099	3.573825	0.8441514	2.275334
15078	-4325.632	-4874.678	549.046	1.258771	3.012986	0.9958861	2.502689
15084	-4333.773	-4883.065	549.2914	1.406345	3.123412	1.16033	2.123109
15090	-4341.243	-4889.845	548.602	1.309605	3.858093	1.16033	2.449121
15096	-4339.176	-4887.752	548.5756	1.334044	3.62368	0.9913206	2.602135
15102	-4332.105	-4880.864	548.7591	1.156224	4.129629	0.8690888	2.570272
15108	-4327.843	-4876.808	548.9651	1.238873	3.529652	0.8009586	2.569595
15114	-4315.73	-4865.283	549.5525	1.52655	2.920652	0.8021932	2.168837
15120	-4327.095	-4876.093	548.9984	1.424939	3.501016	1.050734	2.270624
15126	-4320.009	-4869.406	549.397	1.422038	3.223948	0.7263502	2.314404
15132	-4318.121	-4866.492	548.3703	1.250651	2.531537	1.204822	2.936199
15138	-4326.967	-4875.506	548.5396	1.188311	3.221899	0.8579781	2.893698
15144	-4328.074	-4876.607	548.5329	1.257047	2.793103	1.403405	2.659821
15150	-4348.318	-4896.2	547.8828	1.100358	3.3389	0.8797926	3.295934
15156	-4345.95	-4893.979	548.0282	1.256221	3.592902	1.119621	2.91564
15162	-4321.697	-4869.599	547.9025	1.220023	2.852975	0.7719991	3.405561
15168	-4332.857	-4882.329	549.4714	1.360691	2.852975	0.7002909	2.426234
15174	-4329.54	-4879.344	549.8034	1.412013	3.050354	0.7002909	2.126066
15180	-4323.08	-4872.144	549.0639	1.330674	2.753489	0.7863344	2.659649
15186	-4330.29	-4879.123	548.8331	1.234127	3.591541	0.9433963	2.542171
15192	-4327.71	-4875.887	548.1775	1.135599	3.114186	1.164415	2.986051
15198	-4311.328	-4859.922	548.5936	1.188491	2.985365	1.164415	2.734574
15204	-4328.037	-4876.791	548.7535	1.234869	2.985365	1.182155	2.597939
15210	-4334.044	-4883.191	549.1466	1.425742	3.775958	0.9189415	2.196126
15216	-4341.474	-4890.949	549.4756	1.347213	3.775958	0.7650298	2.147291
15222	-4329.122	-4877.837	548.7154	1.259119	3.775958	0.8293198	2.635867
15228	-4324.657	-4873.349	548.6924	1.196657	3.464293	0.7427897	2.821276
15234	-4313.619	-4862.372	548.753	1.213565	3.260126	0.8645475	2.734819
15240	-4320.916	-4870.388	549.4725	1.418765	2.895646	0.8746532	2.243828
15246	-4334.991	-4884.322	549.3319	1.237214	3.586986	0.7194307	2.390193
15252	-4330.768	-4879.875	549.107	1.338198	3.643705	0.8036626	2.390193
15258	-4329.419	-4879.119	549.7007	1.404445	3.233927	0.8036626	2.065209
15264	-4302.714	-4852.192	549.4789	1.407402	3.452227	0.8036626	2.152931
15270	-4317.924	-4867.751	549.8269	1.468854	3.452227	1.097022	1.667202
15276	-4316.15	-4865.751	549.6011	1.370019	3.462346	0.8399295	2.067342
15282	-4317.663	-4866.948	549.2849	1.467427	3.436555	0.9850634	2.115251
15288	-4339.009	-4888.237	549.2279	1.456764	3.436555	0.9219139	2.20187
15294	-4320.551	-4870.364	549.8128	1.509208	3.147541	1.083328	1.742554
15300	-4313.891	-4863.592	549.7003	1.514061	3.15817	0.8374851	1.986975
15306	-4339.335	-4889.16	549.8249	1.43329	3.214952	1.054115	1.78741
15312	-4314.857	-4864.01	549.1533	1.381994	3.518007	0.9790788	2.240134
15318	-4326.175	-4875.881	549.7053	1.425466	3.518007	0.9251228	1.883734
15324	-4340.935	-4890.467	549.5322	1.406602	3.564563	1.04976	1.91682
15330	-4325.447	-4875.337	549.8904	1.494237	3.130146	1.04976	1.726062
15336	-4320.648	-4870.914	550.2664	1.654363	3.227832	0.7805643	1.518616
15342	-4318.317	-4868.524	550.207	1.654363	2.860984	0.8898519	1.583919
15348	-4316.037	-4866.421	550.3842	1.729906	2.863443	0.8137955	1.458718
15354	-4325.219	-4875.622	550.4034	1.599308	2.863443	0.8677219	1.496493
15360	-4332.324	-4880.428	548.1037	1.183286	3.04559	0.8469359	3.208115
15366	-4334.605	-4883.218	548.6135	1.138534	3.04559	0.8469359	2.930287
15372	-4328.672	-4879.035	550.3634	1.659797	3.063294	0.7829433	1.4902
15378	-4329.158	-4879.504	550.3464	1.717997	3.165851	0.8430003	1.372127
15384	-4321.537	-4872.006	550.4687	1.717997	3.165851	0.7886735	1.325203
15390	-4321.683	-4871.936	550.2533	1.575574	3.165851	0.8728886	1.526436
15396	-4316.937	-4867.279	550.3418	1.586973	3.165851	0.7416242	1.566478
15402	-4328.577	-4878.733	550.1556	1.49365	3.165851	0.7416242	1.766287
15408	-4295.12	-4844.842	549.7228	1.450099	3.326942	0.7416242	2.045805
15414	-4312.397	-4862.072	549.6748	1.397312	3.326942	0.822233	2.048393
15420	-4314.791	-4863.828	549.0375	1.340041	3	0.827496	2.573337
15426	-4306.376	-4855.906	549.5309	1.398048	3	1.016399	2.093949
15432	-4343.663	-4892.518	548.8555	1.420333	2.7556	1.091336	2.533465
15438	-4347.098	-4896.622	549.5243	1.329139	3.421102	0.8017033	2.183487
15444	-4324.744	-4873.552	548.8075	1.318465	2.90885	1.007065	2.634536
15450	-4318.21	-4867.2	548.9898	1.346082	2.90885	0.9241228	2.55725
15456	-4324.668	-4873.66	548.9923	1.306798	3.37444	0.9241228	2.461076
15462	-4325.173	-4874.318	549.1453	1.264443	3.37444	0.8240887	2.461076
15468	-4316.721	-4865.614	548.8925	1.276228	3.37444	0.9810828	2.505684
15474	-4327.426	-4876.93	549.5035	1.42387	3.08013	0.8770968	2.167936
15480	-4320.631	-4869.967	549.336	1.284034	3.001346	0.8770968	2.386053
15486	-4302.072	-4850.666	548.595	1.342764	2.74441	1.091302	2.745208
15492	-4304.675	-4853.818	549.1431	1.395818	3.472504	0.9637202	2.258857
15498	-4315.395	-4865.015	549.6202	1.423449	3.472504	0.8907244	1.978976
15504	-4334.486	-4883.904	549.4174	1.394931	3.883744	0.9795537	1.972029
15510	-4325.832	-4875.674	549.8424	1.447516	3.098814	0.9435492	1.874356
15516	-4319.914	-4869.875	549.9603	1.45552	2.919139	0.8967978	1.874356
15522	-4315.111	-4864.802	549.6911	1.490357	2.919139	0.8967978	2.031943
15528	-4318.446	-4867.914	549.4685	1.466309	3.765414	0.821597	2.031943
15534	-4317.207	-4867.111	549.9039	1.592164	3.140229	0.8222871	1.812628
15540	-4314.21	-4863.852	549.642	1.438262	3.461246	0.8021639	2.024334
15546	-4314.131	-4864.061	549.9298	1.494077	3.461246	0.7572182	1.82875
15552	-4308.162	-4858.107	549.9459	1.477994	3.461246	0.7572182	1.82875
15558	-4315.054	-4864.654	549.5995	1.555383	3.614505	0.8753641	1.879697
15564	-4328.507	-4878.232	549.7252	1.460118	3.235173	0.8874576	1.948185
15570	-4327.09	-4876.523	549.4333	1.354954	3.235173	0.7385253	2.321369
15576	-4329.275	-4878.743	549.4678	1.321684	3.058346	0.7385253	2.366561
15582	-4332.226	-4881.461	549.2354	1.253178	4.191412	0.8470491	2.210557
15588	-4323.84	-4872.892	549.0526	1.506393	3.22212	1.120682	2.210557
15594	-4308.111	-4857.419	549.3081	1.355528	3.145894	1.042531	2.210557
15600	-4332.284	-4882.251	549.9672	1.517485	3.098605	0.9361998	1.745147
15606	-4347.76	-4897.745	549.9844	1.548091	3.034693	0.6971599	1.92254
15612	-4333.478	-4883.414	549.936	1.40353	3.474971	0.7277422	1.907896
15618	-4339.037	-4889.243	550.2059	1.423906	2.771365	0.7277422	1.907896
15624	-4333.241	-4882.059	548.8176	1.233279	4.318871	0.9562203	2.388748
15630	-4318.305	-4867.65	549.3448	1.336718	3.384052	0.8037594	2.301694
15636	-4323.655	-4873.046	549.391	1.405193	2.82793	0.9065499	2.301694
15642	-4317.274	-4867.007	549.7329	1.373809	3.366929	0.6617521	2.147193
15648	-4307.623	-4857.049	549.4255	1.409537	3.632416	0.8443311	2.111968
15654	-4317.125	-4865.627	548.5025	1.341321	3.534228	0.9408148	2.694987
15660	-4320.815	-4869.814	548.999	1.390761	3.376574	0.9880622	2.361636
15666	-4323.056	-4872.269	549.2127	1.543349	3.378372	1.101676	2.053124
15672	-4332.908	-4882.177	549.2693	1.4478	3.378372	1.155125	2.046597
15678	-4341.806	-4891.36	549.5541	1.393476	3.04133	0.8271734	2.20182
15684	-4343.117	-4892.348	549.2305	1.365501	3.030646	0.7242612	2.506905
15690	-4337.274	-4885.337	548.0632	1.141175	3.030646	0.9779083	3.177568
15696	-4323.609	-4872.198	548.5894	1.289911	3.288263	0.997177	2.695669
15702	-4319.787	-4869.07	549.2832	1.424186	3.172907	0.997177	2.203996
15708	-4333.9	-4883.655	549.7555	1.401599	3.024214	0.8586398	2.046124
15714	-4314.08	-4863.638	549.5582	1.455541	3.658599	0.8852378	1.956983
15720	-4308.311	-4857.177	548.8654	1.265321	3.388625	0.8852378	2.588766
15726	-4322.454	-4871.351	548.8967	1.371417	3.097509	0.8852378	2.575631
15732	-4334.885	-4883.467	548.5829	1.304864	3.851238	0.820171	2.679614
15738	-4338.914	-4888.16	549.2462	1.421505	3.851238	0.7852215	2.214973
15744	-4315.333	-4865.054	549.7206	1.470792	3.312292	0.8905061	1.921274
15750	-4310.222	-4859.748	549.5264	1.467945	3.604705	0.97222	1.921274
15756	-4303.904	-4853.892	549.9888	1.563187	3.889995	0.8096207	1.584091
15762	-4305.064	-4855.447	550.3833	1.603182	3.116226	0.7547442	1.526867
15768	-4323.577	-4873.757	550.1803	1.552892	3.171392	0.9019211	1.571992
15774	-4329.179	-4879.247	550.0673	1.615089	3.171392	1.010883	1.526229
15780	-4333.227	-4883.453	550.2262	1.671451	2.831386	1.30334	1.265973
15786	-4324.742	-4875.333	550.5914	1.797664	3.07072	0.7154953	1.265973
15792	-4316.105	-4866.585	550.4798	1.837111	3.413749	0.7154953	1.211562
15798	-4316.619	-4867.262	550.6427	1.784283	3.418955	0.7154953	1.11321
15804	-4345.666	-4895.975	550.3091	1.765576	3.319938	0.7154953	1.435696
15810	-4359.475	-4908.496	549.0211	1.301367	3.110105	0.7490829	2.636801
15816	-4332.903	-4881.697	548.7946	1.230663	3.424011	0.8028817	2.703024
15822	-4328.707	-4877.385	548.6776	1.341401	3.176176	0.8946881	2.703024
15828	-4328.808	-4876.326	547.5181	1.207053	3.527444	1.091272	3.279296
15834	-4318.907	-4868.747	549.8395	1.50922	2.886463	0.8812338	1.941006
15840	-4310.403	-4857.897	547.4945	1.160431	3.527444	0.8908097	3.439335
15846	-4321.955	-4870.277	548.3226	1.190678	3.828383	0.9069451	2.853906
15852	-4328.701	-4876.979	548.2781	1.34043	3.83762	0.6622592	2.966147
15858	-4331.149	-4879.885	548.7361	1.34043	4.277709	1.013125	2.344265
15864	-4326.722	-4874.515	547.7934	1.123368	4.21124	0.718149	3.265775
15870	-4344.714	-4893.123	548.4088	1.175365	4.21124	0.718149	2.866986
15876	-4345.142	-4893.333	548.1909	1.192415	4.21124	0.718149	2.988087
15882	-4347.953	-4896.803	548.8498	1.168556	2.775751	0.8411586	2.844301
15888	-4340.352	-4889.094	548.7426	1.266891	2.775751	0.8411586	2.849704
15894	-4336.573	-4885.332	548.759	1.421214	3.082701	0.8980973	2.625195
15900	-4336.322	-4885.039	548.7169	1.19832	3.707884	0.913991	2.629464
15906	-4329.734	-4877.709	547.9748	1.227696	3.707884	1.040995	2.984496
15912	-4314.469	-4862.989	548.52	1.135625	3.034048	0.9181529	2.944211
15918	-4316.529	-4864.392	547.8629	1.135625	3.034048	0.9181529	3.335072
15924	-4327.689	-4876.469	548.7801	1.271264	3.034048	1.092038	2.596799
15930	-4315.26	-4863.599	548.3381	1.173892	3.221096	1.092038	2.879766
15936	-4331.605	-4879.421	547.8156	1.26918	3.221096	1.000473	3.188567
15942	-4319.902	-4869.22	549.3179	1.398709	3.765219	1.000473	2.049243
15948	-4317.232	-4866.629	549.3973	1.403195	3.30541	1.097364	2.045216
15954	-4325.964	-4875.296	549.3321	1.403195	3.309823	1.097364	2.087059
15960	-4316.905	-4866.133	549.2281	1.310268	2.922654	0.8143272	2.503366
15966	-4315.088	-4864.259	549.1713	1.319193	3.42045	0.7636256	2.444302
15972	-4321.255	-4870.368	549.1129	1.291227	3.37047	0.7901364	2.490511
15978	-4323.201	-4872.136	548.9344	1.359629	3.37047	0.7901364	2.559115
15984	-4327.532	-4876.4	548.868	1.233742	3.710854	0.7901364	2.599888
15990	-4339.357	-4887.226	547.8695	1.281157	3.387838	0.973598	3.126619
15996	-4346.352	-4894.723	548.3708	1.336606	3.063318	0.973598	2.870595
16002	-4349.128	-4897.646	548.5174	1.391805	3.136041	1.109876	2.648231
16008	-4335.807	-4884.641	548.8343	1.320371	2.999671	1.109876	2.53139
16014	-4338.776	-4887.183	548.4066	1.327867	3.120137	1.326246	2.64483
16020	-4338.617	-4887.891	549.2733	1.416618	3.056295	1.163422	2.144589
16026	-4338.851	-4888.213	549.3619	1.376368	2.85669	1.124015	2.192088
16032	-4333.077	-4881.859	548.7824	1.346993	3.65548	1.124015	2.377725
16038	-4318.782	-4867.7	548.9182	1.351213	3.251885	1.233964	2.324457
16044	-4366.757	-4915.379	548.6226	1.222744	3.004506	1.248321	2.645952
16050	-4326.567	-4874.924	548.3572	1.313387	3.790395	1.118099	2.637665
16056	-4311.815	-4859.886	548.0708	1.239686	3.381514	1.183879	2.913038
16062	-4336.512	-4885.691	549.1796	1.337018	3.174227	1.178336	2.216923
16068	-4360.651	-4910.018	549.367	1.359207	4.647984	0.714734	2.066847
16074	-4331.831	-4881.272	549.4411	1.440043	3.461445	1.018554	2.00186
16080	-4329.397	-4878.799	549.4015	1.437691	3.461445	0.9890687	2.049216
16086	-4329.479	-4878.43	548.9511	1.303973	3.461445	0.8845389	2.49449
16092	-4314.633	-4864.245	549.6127	1.376675	3.449939	0.824425	2.070121
16098	-4335.107	-4884.877	549.7698	1.550066	3.449939	0.8799127	1.805087
16104	-4320.603	-4870.194	549.5911	1.378651	3.585763	0.8236866	2.050126
16110	-4316.814	-4866.129	549.3148	1.381254	3.789374	0.8236866	2.181363
16116	-4325.451	-4874.596	549.1445	1.440267	3.161821	0.7219572	2.4818
16122	-4315.562	-4865.427	549.8651	1.499752	3.777991	0.7512286	1.794689
16128	-4322.335	-4872.212	549.877	1.532069	3.287074	0.8697956	1.794689
16134	-4329.16	-4879.214	550.0533	1.57803	3.314969	0.8697956	1.629928
16140	-4310.297	-4860.287	549.9904	1.573373	3.109165	0.8697956	1.736916
16146	-4319.779	-4870.125	550.3466	1.577184	2.664334	0.8697956	1.619483
16152	-4321.592	-4871.403	549.8108	1.528716	2.606254	0.9821484	1.961623
16158	-4319.78	-4868.776	548.9963	1.334209	3.098351	1.062748	2.423062
16164	-4305.008	-4853.978	548.9703	1.360152	3.098351	1.062748	2.423062
16170	-4296.524	-4845.424	548.8993	1.222408	3.098351	1.062748	2.553696
16176	-4298.092	-4847.379	549.2869	1.322452	3.098351	1.130808	2.204603
16182	-4315.274	-4863.397	548.1232	1.187678	3.081129	0.7890167	3.224998
16188	-4306.41	-4855.29	548.8803	1.340795	3.081129	0.8345452	2.643992
16194	-4309.162	-4858.594	549.4322	1.352995	3.178306	0.8572937	2.247975
16200	-4300.393	-4848.863	548.4697	1.279411	3.081129	0.794059	2.960061
16206	-4289.893	-4838.485	548.5922	1.165827	3.476549	0.794059	2.860134
16212	-4297.558	-4846.671	549.1132	1.272594	3.207795	0.6636289	2.641349
16218	-4298.389	-4846.814	548.4247	1.272594	3.230286	0.7129181	3.014715
16224	-4305.804	-4854.868	549.0636	1.321625	3.277096	0.9668606	2.402736
16230	-4326.514	-4875.49	548.9762	1.237845	3.034886	1.029296	2.532821
16236	-4345.073	-4892.022	546.9492	1.134239	3.492488	1.029296	3.696216
16242	-4335.111	-4884.879	549.7686	1.484503	2.69787	1.094731	1.91709
16248	-4336.096	-4885.668	549.572	1.484503	2.876328	1.094731	1.99513
16254	-4333.914	-4882.497	548.583	1.27171	2.832305	0.8448582	2.925424
16260	-4324.611	-4874.101	549.49	1.561238	3.469352	1.152218	1.798998
16266	-4318.648	-4868.502	549.8536	1.601872	3.020791	0.9075041	1.809355
16272	-4344.806	-4894.628	549.8219	1.47543	3.210144	0.82585	1.926077
16278	-4334.395	-4883.538	549.1426	1.344369	3.210144	0.82585	2.45199
16284	-4323.661	-4872.431	548.7704	1.267531	3.459097	0.8869302	2.62833
16290	-4308.712	-4858.081	549.3692	1.35488	3.529565	0.8446355	2.208603
16296	-4322.118	-4871.713	549.5945	1.309354	3.416051	0.8446355	2.11953
16302	-4333.66	-4883.083	549.423	1.38955	3.416051	0.9280657	2.11953
16308	-4317.978	-4867.403	549.4244	1.51083	2.676722	1.060705	2.155697
16314	-4325.867	-4875.257	549.3897	1.420404	3.180375	0.6649379	2.38226
16320	-4330.335	-4879.557	549.2219	1.417498	3.123205	0.734249	2.447643
16326	-4328.734	-4878.945	550.2116	1.520924	3.165331	0.734249	1.714473
16332	-4358.065	-4908.074	550.0082	1.41535	3.24357	0.8689544	1.797267
16338	-4340.785	-4890.908	550.123	1.464501	3.242772	0.9214159	1.641726
16344	-4305.809	-4855.498	549.689	1.560431	3.518403	1.12266	1.665548
16350	-4321.479	-4871.819	550.3402	1.535519	3.109968	0.738601	1.624593
16356	-4308.538	-4858.443	549.9058	1.535519	3.109968	0.860602	1.828881
16362	-4334.36	-4884.504	550.1441	1.520143	3.037674	0.8869195	1.673531
16368	-4330.306	-4879.688	549.3817	1.374469	3.037674	1.166694	2.104505
16374	-4327.693	-4877.233	549.5399	1.503739	2.981928	0.731	2.230779
16380	-4323.793	-4872.49	548.6972	1.336449	2.981928	1.169337	2.577816
16386	-4317.149	-4866.403	549.2544	1.389773	2.981928	0.9331396	2.337685
16392	-4329.082	-4878.139	549.0567	1.36488	3.541444	0.9331396	2.337685
16398	-4345.045	-4894.344	549.299	1.314331	3.104151	0.8622962	2.373461
16404	-4335.3	-4885.295	549.9951	1.437112	4.092069	0.7126753	1.706527
16410	-4341.634	-4890.501	548.8678	1.343426	2.695418	1.212878	2.522804
16416	-4343.303	-4892.814	549.5114	1.367552	3.176461	1.145228	1.998105
16422	-4338.347	-4888.674	550.3269	1.659809	3.574887	0.7153947	1.428978
16428	-4327.589	-4877.908	550.3185	1.637695	3.574887	0.7153947	1.452362
16434	-4312.33	-4862.034	549.7037	1.411831	3.06191	0.834608	2.081045
16440	-4313.968	-4863.109	549.1408	1.35609	3.187683	0.9752274	2.349295
16446	-4303.464	-4852.984	549.5197	1.35609	3.387244	0.9752274	2.053017
16452	-4323.662	-4873.445	549.7834	1.480894	3.27507	1.070396	1.75567
16458	-4335.979	-4885.114	549.1342	1.482623	4.197083	0.8893653	2.095201
16464	-4365.15	-4914.624	549.4748	1.404692	3.59081	0.9013829	2.051175
16470	-4339.896	-4889.697	549.8016	1.465485	3.415768	0.9013829	1.834323
16476	-4339.176	-4888.078	548.9018	1.340204	3.415768	0.9013829	2.502067
16482	-4345.54	-4894.438	548.8977	1.589479	3.493017	1.537902	1.966346
16488	-4319.488	-4868.577	549.0896	1.601171	3.493017	1.239144	1.986351
16494	-4318.67	-4867.176	548.5068	1.378242	3.493017	1.239144	2.505247
16500	-4346.356	-4895.686	549.3299	1.396383	2.909237	0.7962879	2.402289
16506	-4346.337	-4896.249	549.9112	1.446321	2.909237	0.9362836	1.888336
16512	-4332.639	-4881.413	548.7742	1.255797	2.823471	0.9625435	2.74425
16518	-4323.403	-4872.366	548.9634	1.329583	2.823471	1.179493	2.453486
16524	-4320.13	-4868.227	548.0966	1.309697	3.703885	1.179493	2.784625
16530	-4301.208	-4849.948	548.7401	1.323582	2.980292	1.197341	2.54429
16536	-4304.432	-4852.135	547.7037	1.245114	3.765346	1.305315	2.983481
16542	-4307.055	-4855.181	548.1259	1.102089	3.326757	0.9967345	3.080701
16548	-4319.648	-4867.53	547.8812	1.165653	2.894722	1.354272	3.105515
16554	-4323.889	-4871.833	547.9434	1.260177	2.867388	1.089045	3.15541
16560	-4300.336	-4848.557	548.2212	1.241222	2.955938	1.089045	2.977755
16566	-4305.222	-4854.257	549.0348	1.270217	2.882485	1.060189	2.49831
16572	-4320.887	-4869.918	549.03	1.236684	2.605817	1.197061	2.523007
16578	-4329.061	-4878.066	549.0049	1.321451	2.669323	0.9282738	2.62732
16584	-4328.305	-4877.232	548.9272	1.378128	2.998222	0.9476566	2.536955
16590	-4318.904	-4867.565	548.6609	1.301422	3.957299	0.9476566	2.524302
16596	-4315.382	-4864.22	548.8382	1.277582	3.458087	1.096409	2.44856
16602	-4327.594	-4876.05	548.4555	1.210526	3.458087	0.9530553	2.813278
16608	-4328.638	-4876.942	548.3038	1.232515	2.930764	0.9472268	3.023944
16614	-4339.97	-4888.107	548.1365	1.229032	3.347368	0.9472268	3.023944
16620	-4338.464	-4887.427	548.9631	1.317493	2.897047	0.9018561	2.609489
16626	-4329.981	-4879.013	549.0328	1.231928	2.828282	1.001762	2.573886
16632	-4333.77	-4882.944	549.1743	1.342235	2.828282	1.001762	2.416385
16638	-4318.876	-4867.932	549.0559	1.349769	3.465402	1.001762	2.321157
16644	-4325.564	-4874.205	548.6413	1.40782	3.471994	1.042181	2.519268
16650	-4323.88	-4871.642	547.762	1.303362	3.332496	1.324758	3.000545
16656	-4324.774	-4872.756	547.9823	1.299494	3.332496	0.9336222	3.085997
16662	-4328.384	-4877.894	549.5102	1.451706	3.300167	1.079528	1.950053
16668	-4323.425	-4873.269	549.8437	1.493839	2.998191	0.7841846	1.990814
16674	-4332.355	-4881.938	549.5839	1.493839	2.998191	0.8146024	2.138523
16680	-4305.441	-4854.855	549.4144	1.493839	3.418926	0.8146024	2.138523
16686	-4327.298	-4877.296	549.9982	1.53388	2.60174	1.115919	1.742633
16692	-4323.484	-4873.255	549.7713	1.460753	3.295818	1.115919	1.742633
16698	-4309.501	-4859.218	549.7173	1.501337	3.295818	0.9842714	1.840072
16704	-4297.101	-4847.048	549.9472	1.483272	3.220725	0.816345	1.840072
16710	-4318.514	-4868.434	549.9193	1.508603	3.101776	0.8275281	1.86612
16716	-4338.189	-4887.365	549.176	1.445238	3.771232	0.8275281	2.230985
16722	-4312.154	-4860.59	548.4357	1.260271	3.104894	1.145218	2.767062
16728	-4311.931	-4859.793	547.8621	1.256454	3.104894	1.025561	3.181873
16734	-4316.711	-4865.72	549.0093	1.246078	3.086643	0.7423458	2.689253
16740	-4317.187	-4865.277	548.0901	1.109856	3.086643	0.7639391	3.307001
16746	-4313.454	-4862.504	549.0493	1.284934	3.021161	0.8499438	2.578777
16752	-4328.909	-4877.673	548.7634	1.307523	3.413868	0.8041487	2.676465
16758	-4329.315	-4878.09	548.775	1.282486	3.251015	0.8123025	2.717846
16764	-4325.706	-4873.963	548.2572	1.176598	3.075006	1.146163	2.933033
16770	-4327.831	-4876.905	549.0737	1.331847	3.075006	0.9932854	2.424753
16776	-4332.554	-4881.633	549.0794	1.326144	3.075006	0.9932854	2.424753
16782	-4330.857	-4879.812	548.9557	1.365258	2.644872	0.9932854	2.596329
16788	-4350.925	-4899.706	548.7811	1.286203	3.325139	0.9932854	2.573114
16794	-4323.689	-4872.48	548.7912	1.306725	3.423734	0.8123025	2.651643
16800	-4311.193	-4860.353	549.1606	1.355721	2.954128	0.9177794	2.436412
16806	-4314.008	-4862.683	548.6754	1.369316	3.448467	1.142863	2.468672
16812	-4332.83	-4882.314	549.4845	1.380398	3.170084	0.9613461	2.125989
16818	-4341.744	-4890.861	549.1172	1.33876	2.992199	1.177366	2.304997
16824	-4326.715	-4876.289	549.574	1.386378	3.077906	1.065853	2.019848
16830	-4330.358	-4879.886	549.5282	1.427836	3.266453	1.065853	1.971659
16836	-4325.142	-4873.909	548.7666	1.409945	2.957064	1.04493	2.567272
16842	-4329.91	-4878.559	548.649	1.291036	2.892683	1.177154	2.655248
16848	-4342.786	-4891.607	548.8212	1.400338	2.657056	1.008511	2.644796
16854	-4334.54	-4884.249	549.7089	1.469175	2.777721	0.9741869	2.021745
16860	-4335.306	-4883.745	548.4392	1.274018	3.279673	1.315134	2.623788
16866	-4331.245	-4880.396	549.1511	1.411941	3.55664	1.023892	2.184013
16872	-4324.874	-4873.739	548.8652	1.334758	3.919739	0.9898889	2.355693
16878	-4330.096	-4879.013	548.9172	1.294122	3.537312	0.9898889	2.434718
16884	-4346.138	-4895.071	548.9331	1.243529	3.088445	0.9244537	2.608432
16890	-4351.777	-4900.717	548.9399	1.39597	3.692415	0.9965325	2.315658
16896	-4335.818	-4884.984	549.1666	1.495048	2.87126	0.9965325	2.315658
16902	-4319.575	-4868.703	549.1275	1.312119	2.74701	0.992426	2.493563
16908	-4324.874	-4873.856	548.9821	1.244488	3.620363	0.992426	2.404156
16914	-4335.974	-4884.835	548.8609	1.277695	3.167937	0.8615783	2.65403
16920	-4319.72	-4868.573	548.8529	1.3024	3.451085	1.016557	2.473496
16926	-4319.546	-4868.655	549.1095	1.260319	2.955148	1.061091	2.437332
16932	-4330.586	-4878.423	547.8368	1.074707	3.272937	0.9131299	3.332067
16938	-4336.558	-4884.314	547.7563	1.163146	2.883692	1.071752	3.328815
16944	-4332.01	-4879.31	547.3002	1.111045	3.010185	1.071752	3.593952
16950	-4330.028	-4877.999	547.9708	1.195086	3.072858	1.071752	3.135173
16956	-4323.005	-4871.12	548.115	1.261573	3.605469	1.071752	2.884157
16962	-4338.155	-4886.862	548.707	1.366676	3.605469	1.112605	2.431019
16968	-4340.806	-4889.958	549.1523	1.318707	3.543107	0.759063	2.431019
16974	-4323.111	-4870.659	547.5485	1.21771	2.797704	1.275676	3.334942
16980	-4351.121	-4899.661	548.5403	1.1507	2.635463	1.036114	2.957408
16986	-4351.241	-4899.182	547.9413	1.195065	2.778494	1.155321	3.182797
16992	-4331.12	-4880.186	549.0663	1.288457	2.899645	1.001513	2.49834
16998	-4344.947	-4893.798	548.8511	1.298553	3.475257	1.128882	2.40426
17004	-4351.932	-4901.01	549.0786	1.246325	3.5227	0.7535132	2.531544
17010	-4346.2	-4894.712	548.5118	1.218022	3.292856	0.9641421	2.806381
17016	-4351.008	-4899.728	548.7199	1.206689	2.823074	0.9641421	2.806381
17022	-4341.546	-4888.605	547.0588	1.171255	3.411364	1.152648	3.561992
17028	-4345.156	-4893.048	547.8918	1.212745	3.027252	1.131411	3.150062
17034	-4318.515	-4867.667	549.1527	1.427493	2.67297	1.018284	2.410525
17040	-4340.873	-4889.3	548.4278	1.334693	2.811857	1.259535	2.742588
17046	-4330.969	-4878.762	547.7929	1.239449	2.788473	1.284861	3.175636
17052	-4324.123	-4874.131	550.0084	1.538078	3.541528	0.7594658	1.720485
17058	-4328.633	-4878.66	550.0268	1.538078	3.336198	0.8093489	1.720485
17064	-4327.094	-4875.745	548.6506	1.465303	3.067602	1.453034	2.358303
17070	-4318.589	-4867.485	548.896	1.515215	3.067602	1.453034	2.168718
17076	-4316.685	-4866.226	549.5413	1.440171	3.067602	1.068605	2.006985
17082	-4314.049	-4862.52	548.4712	1.43258	3.282056	1.259175	2.533667
17088	-4310.134	-4858.693	548.5588	1.408923	2.621749	1.544354	2.533667
17094	-4330.272	-4878.235	547.963	1.447972	2.587006	1.544354	2.88534
17100	-4323.071	-4872.203	549.1319	1.433745	2.211599	1.382445	2.364575
17106	-4303.641	-4852.437	548.7961	1.34486	2.901813	1.024315	2.61664
17112	-4327.785	-4876.818	549.0326	1.226261	2.639919	1.024315	2.617076
17118	-4329.043	-4878.566	549.522	1.382131	2.486764	1.024315	2.257439
17124	-4323.642	-4872.576	548.9343	1.407942	2.768365	1.392212	2.326678
17130	-4323.36	-4872.757	549.3968	1.360717	3.434533	0.9300677	2.149469
17136	-4320.683	-4870.049	549.3661	1.338036	3.390903	0.9024255	2.214099
17142	-4313.732	-4862.864	549.1322	1.221768	2.940692	0.9024255	2.551898
17148	-4330.102	-4879.027	548.9256	1.221768	2.782868	1.168118	2.562109
17154	-4342.459	-4891.808	549.3488	1.367466	2.860892	1.09983	2.219565
17160	-4351.731	-4898.74	547.0088	1.152363	3.190933	1.157428	3.649847
17166	-4348.69	-4895.423	546.7327	1.038916	3.233199	1.192763	3.846709
17172	-4337.926	-4887.289	549.3627	1.453562	2.702686	1.07493	2.216211
17178	-4353.664	-4902.946	549.2819	1.436569	2.702686	1.386495	2.105974
17184	-4341.952	-4891.854	549.9023	1.559412	2.412105	1.08186	1.877482
17190	-4348.391	-4897.135	548.7439	1.209501	3.15639	0.9696533	2.699747
17196	-4325.985	-4875.271	549.286	1.27911	3.121192	0.7008707	2.521411
17202	-4334.843	-4884.198	549.3549	1.292898	2.895822	0.710849	2.521411
17208	-4319.181	-4868.439	549.258	1.349898	2.895822	1.199743	2.221535
17214	-4330.357	-4879.983	549.6257	1.463147	2.892007	1.199743	1.905083
17220	-4316.831	-4866.117	549.2861	1.4696	2.892007	0.9709337	2.266224
17226	-4316.898	-4866.261	549.3631	1.368911	3.183857	0.9497916	2.216494
17232	-4329.147	-4877.821	548.6738	1.364281	3.183857	1.168351	2.523391
17238	-4325.874	-4874.258	548.3843	1.305583	3.183857	1.168351	2.738384
17244	-4319.262	-4868.46	549.1982	1.413937	3.183857	1.168351	2.158184
17250	-4319.774	-4868.251	548.4773	1.394945	3.183857	0.9130918	2.778739
17256	-4305.676	-4854.101	548.4253	1.364004	2.60882	1.665907	2.595715
17262	-4316.705	-4866.009	549.3046	1.372905	2.994396	1.253208	2.118935
17268	-4316.043	-4864.912	548.869	1.237133	2.73439	1.080267	2.651054
17274	-4312.088	-4860.582	548.4943	1.270656	3.290919	1.196017	2.651054
17280	-4325.752	-4874.317	548.5642	1.239793	3.290919	0.9555703	2.767024
17286	-4332.243	-4880.91	548.6669	1.26814	3.648571	0.941215	2.612676
17292	-4343.699	-4892.772	549.0726	1.296891	4.048317	0.941215	2.251569
17298	-4336.334	-4885.379	549.0449	1.334727	4.048317	0.8834662	2.284776
17304	-4325.153	-4873.814	548.6617	1.408001	3.15681	1.126022	2.534339
17310	-4325.51	-4874.155	548.6455	1.202404	4.406848	1.258364	2.321742
17316	-4341.823	-4889.365	547.5411	1.154913	3.064161	1.258364	3.316867
17322	-4325.518	-4873.488	547.97	1.372453	3.367372	1.486955	2.748755
17328	-4326.103	-4874.67	548.5672	1.34076	3.367372	1.385841	2.446051
17334	-4328.938	-4877.902	548.9642	1.192437	2.734809	0.8295685	2.779563
17340	-4335.764	-4883.798	548.0343	1.117787	2.647764	0.8579567	3.384357
17346	-4339.121	-4887.305	548.1836	1.246006	3.330634	1.109321	2.893661
17352	-4324.044	-4873.487	549.4428	1.397726	2.967368	1.054436	2.136689
17358	-4317.715	-4866.279	548.5633	1.31205	3.232109	1.054436	2.677275
17364	-4326.298	-4874.704	548.4064	1.31205	2.61304	1.054436	2.936625
17370	-4326.134	-4873.779	547.6452	1.310502	3.442238	0.8750812	3.291691
17376	-4324.7	-4872.822	548.122	1.230149	3.442238	1.098194	2.920724
17382	-4337.147	-4886.036	548.8889	1.269298	3.200285	1.063647	2.504472
17388	-4329.725	-4878.858	549.133	1.339779	3.581055	1.02646	2.23485
17394	-4326.786	-4875.642	548.8559	1.314855	3.180883	0.948943	2.572639
17400	-4319.77	-4868.501	548.731	1.166805	3.116717	0.7977174	2.858737
17406	-4321.741	-4870.442	548.7012	1.279713	3.600487	0.7353576	2.740004
17412	-4315.623	-4863.911	548.2881	1.275708	3.103432	0.8274571	3.042245
17418	-4335.411	-4883.447	548.0358	1.254629	3.364307	0.8965764	3.097028
17424	-4353.933	-4902.129	548.1967	1.251913	3.732341	0.7853729	2.996405
17430	-4346.028	-4894.965	548.9373	1.466338	2.861738	0.9517262	2.509894
17436	-4333.6	-4882.524	548.9234	1.338088	3.296083	0.9148345	2.509894
17442	-4334.594	-4882.689	548.0952	1.326459	3.399156	0.8548661	3.038143
17448	-4334.057	-4882.711	548.654	1.507367	3.399156	1.3217	2.310143
17454	-4349.979	-4898.427	548.4477	1.240354	2.770255	1.031769	2.924212
17460	-4328.149	-4877.354	549.2053	1.371714	2.43697	1.179281	2.389761
17466	-4334.343	-4883.638	549.2951	1.363385	2.976515	0.9871128	2.294575
17472	-4333.911	-4882.895	548.9835	1.455695	3.179518	1.260059	2.220068
17478	-4337.852	-4887.261	549.409	1.444745	3.003623	0.7923184	2.298595
17484	-4356.06	-4905.43	549.37	1.510254	3.003623	0.7923184	2.281589
17490	-4365.889	-4915.34	549.4514	1.384065	3.003623	0.8526461	2.265579
17496	-4346.186	-4894.617	548.4315	1.254244	3.108822	1.251345	2.715656
17502	-4338.171	-4886.266	548.0945	1.213233	3.915932	0.7552511	3.064306
17508	-4329.489	-4878.704	549.2149	1.347097	3.915932	0.7123029	2.326426
17514	-4337.146	-4886.043	548.8973	1.278664	3.606388	0.7966954	2.572477
17520	-4319.308	-4867.903	548.5946	1.282795	3.186708	0.7966954	2.854547
17526	-4332.968	-4881.205	548.2366	1.307969	3.186708	0.7991925	3.053064
17532	-4317.018	-4865.357	548.3389	1.36185	3.186708	0.947229	2.86037
17538	-4333.78	-4883.03	549.2498	1.347924	3.186708	0.8398319	2.377985
17544	-4330.115	-4878.739	548.624	1.347924	3.520987	0.8398319	2.687058
17550	-4315.694	-4864.316	548.6219	1.246753	3.228163	0.954517	2.743458
17556	-4333.533	-4882.087	548.5535	1.350556	3.228163	1.132602	2.615494
17562	-4330.109	-4878.586	548.4768	1.225656	3.43741	0.9137257	2.821126
17568	-4334.078	-4882.583	548.5055	1.244146	3.233213	0.9137257	2.840801
17574	-4366.255	-4915.082	548.8271	1.300489	3.72022	0.9325396	2.482518
17580	-4328.225	-4877.383	549.1572	1.389267	3.233213	0.8063892	2.422945
17586	-4315.261	-4864.646	549.3847	1.322767	3.201662	0.916437	2.250314
17592	-4315.347	-4863.815	548.4676	1.217399	3.201662	1.077497	2.787797
17598	-4329.286	-4877.424	548.1389	1.220162	3.23681	0.8718177	3.102244
17604	-4321.649	-4869.423	547.7736	1.162433	3.305258	1.03341	3.237598
17610	-4351.859	-4900.048	548.189	1.215209	4.030791	0.800481	2.950436
17616	-4335.28	-4883.498	548.2173	1.211548	3.996051	1.066111	2.772376
17622	-4340.794	-4888.987	548.1926	1.23885	3.523228	1.178113	2.810281
17628	-4344.053	-4892.538	548.4848	1.244958	3.156917	0.931905	2.859857
17634	-4318.724	-4866.423	547.6991	1.208455	3.24009	1.066111	3.251086
17640	-4320.708	-4869.253	548.5454	1.232535	3.24009	0.6936232	2.979011
17646	-4326.638	-4874.974	548.336	1.222288	3.24009	0.7764072	3.048328
17652	-4315.616	-4863.433	547.8174	1.194028	3.111869	1.134241	3.182833
17658	-4310.411	-4859.66	549.2497	1.370759	3.457405	0.8224466	2.308842
17664	-4319.024	-4866.593	547.5694	1.30232	3.994843	1.256948	3.006292
17670	-4332.593	-4881.186	548.5923	1.249335	3.726107	0.5381953	2.964237
17676	-4314.001	-4861.933	547.9322	1.216849	3.245307	1.016821	3.135021
17682	-4333.007	-4881.708	548.7002	1.244998	3.476265	0.7105431	2.809213
17688	-4338.287	-4887.057	548.77	1.234442	3.117389	0.9314998	2.702548
17694	-4333.781	-4881.817	548.0365	1.202357	2.76564	1.003416	3.210567
17700	-4346.469	-4895.347	548.8785	1.261085	3.502409	0.7504998	2.653395
17706	-4332.244	-4880.995	548.7514	1.192489	4.187706	0.7504998	2.626815
17712	-4318.423	-4866.939	548.516	1.246435	3.498298	0.7504998	2.884458
17718	-4318.734	-4867.07	548.3362	1.079028	3.498298	0.8888274	2.996868
17724	-4325.63	-4873.487	547.8564	1.113715	3.102667	0.8888274	3.353572
17730	-4333.513	-4881.599	548.0868	1.251392	3.404391	1.269933	2.846328
17736	-4335.092	-4884.008	548.9161	1.241014	3.172349	0.754737	2.718495
17742	-4338.205	-4886.142	547.9371	1.063183	3.172349	0.7672778	3.401298
17748	-4339.53	-4887.868	548.3381	1.147644	3.73625	0.7672778	2.986408
17754	-4340.33	-4889.405	549.0749	1.420257	3.757574	0.9441413	2.233027
17760	-4362.625	-4911.479	548.8536	1.138594	2.857575	0.9568815	2.761652
17766	-4346.938	-4895.597	548.6583	1.248309	3.086995	0.9446455	2.761652
17772	-4337.738	-4885.797	548.0584	1.231339	2.951266	0.832127	3.240195
17778	-4310.326	-4859.203	548.8772	1.27749	3.694847	0.8354531	2.537727
17784	-4333.364	-4881.667	548.3029	1.363887	3.694847	1.149958	2.643054
17790	-4322.032	-4870.769	548.7373	1.373415	3.326116	0.8460916	2.643054
17796	-4318.363	-4867.424	549.0615	1.40005	3.312606	0.7399857	2.506945
17802	-4322.931	-4871.982	549.0509	1.199358	3.105425	0.8799348	2.588246
17808	-4312.659	-4861.802	549.1433	1.324965	3.095605	0.9854919	2.384705
17814	-4333.881	-4883.207	549.3264	1.303218	3.764546	0.873931	2.193305
17820	-4321.021	-4869.435	548.4132	1.184414	2.787521	0.9854919	3.001621
17826	-4317.558	-4865.5	547.9414	1.174286	3.201758	0.780554	3.317033
17832	-4324.41	-4872.755	548.3452	1.31082	3.201758	0.8771474	2.92913
17838	-4327.826	-4876.482	548.6564	1.294128	3.317098	0.8771474	2.722335
17844	-4340.644	-4889.871	549.2267	1.366497	3.334171	0.8358108	2.346596
17850	-4353.868	-4903.126	549.2576	1.320548	3.611206	0.7600925	2.346596
17856	-4336.627	-4884.876	548.2492	1.255625	3.721712	1.055559	2.790215
17862	-4349.58	-4898.979	549.3987	1.53649	3.152435	0.9128945	2.118021
17868	-4339.893	-4889.275	549.382	1.443964	2.760209	0.8126009	2.369025
17874	-4337.807	-4886.688	548.8815	1.420061	2.760209	1.132348	2.492449
17880	-4330.796	-4880.337	549.5412	1.434204	3.573831	0.8113967	2.058718
17886	-4319.157	-4869.117	549.9603	1.515173	2.699918	0.8983533	1.89946
17892	-4355.586	-4905.079	549.493	1.463653	3.707698	0.8160242	2.035344
17898	-4359.236	-4909.151	549.9153	1.463653	3.170196	0.6441776	2.035344
17904	-4341.06	-4889.282	548.222	1.259619	3.731556	0.7471507	3.00475
17910	-4342.284	-4891.68	549.396	1.289368	3.430719	0.7471507	2.331444
17916	-4346.506	-4895.647	549.1411	1.322861	3.04309	0.9390893	2.431387
17922	-4332.502	-4881.432	548.9297	1.288698	2.35976	1.09686	2.684165
17928	-4348.27	-4896.929	548.6594	1.256227	2.941369	0.8709201	2.841962
17934	-4330.598	-4879.695	549.0969	1.397677	2.927472	1.072527	2.359158
17940	-4335.819	-4883.889	548.0696	1.212978	2.883962	0.895374	3.219988
17946	-4337.071	-4885.813	548.7413	1.246887	3.408183	0.6832394	2.82048
17952	-4336.482	-4886.239	549.7567	1.484411	4.028464	0.7657761	1.808399
17958	-4334.293	-4884.204	549.9112	1.523496	3.673341	0.6260051	1.88575
17964	-4345.15	-4894.452	549.3021	1.479731	3.342957	1.048726	2.078274
17970	-4325.236	-4873.873	548.6368	1.454881	2.678334	1.571342	2.42735
17976	-4325.707	-4874.187	548.4797	1.452678	3.038835	1.571342	2.42735
17982	-4337.046	-4885.506	548.4601	1.113017	3.038835	1.124913	2.869688
17988	-4335.855	-4883.604	547.7482	1.098868	2.97963	1.228875	3.263583
17994	-4342.899	-4891.399	548.4998	1.137957	2.97963	0.8194127	3.034676
18000	-4352.908	-4902.329	549.4215	1.365774	3.280163	0.9645494	2.14573
18006	-4330.799	-4880.379	549.5805	1.447016	3.076148	0.9645494	2.042278
18012	-4315.436	-4864.886	549.4505	1.426595	3.396545	0.9645494	2.057006
18018	-4327.827	-4877.578	549.7512	1.559739	3.213773	0.90954	1.852574
18024	-4336.737	-4885.784	549.047	1.282195	3.681791	1.01007	2.313773
18030	-4329.187	-4878.588	549.4008	1.445077	2.832588	1.061123	2.167426
18036	-4328.283	-4877.849	549.5666	1.422504	2.801816	0.9677713	2.143244
18042	-4325.613	-4875.576	549.9626	1.451665	2.801816	0.9677713	1.859741
18048	-4312.325	-4862.074	549.7489	1.539001	2.801816	0.9545044	1.954633
18054	-4319.603	-4869.474	549.8705	1.379658	3.072433	0.9545044	1.901111
18060	-4322.744	-4871.419	548.6754	1.356467	2.766783	1.076975	2.689561
18066	-4335.937	-4884.529	548.5923	1.204535	2.766783	1.271267	2.727978
18072	-4323.49	-4872.618	549.1282	1.371895	3.667712	0.9449415	2.24997
18078	-4342.551	-4891.174	548.6229	1.341958	2.989494	1.064307	2.67802
18084	-4336.087	-4884.5	548.413	1.308264	3.066973	1.303287	2.67802
18090	-4320.203	-4868.911	548.7077	1.229861	2.881602	0.8425744	2.863697
18096	-4314.749	-4864.578	549.8292	1.325369	2.881602	0.8425744	2.100169
18102	-4316.015	-4865.093	549.078	1.312008	3.780299	0.8108367	2.388889
18108	-4317.749	-4865.486	547.7371	1.302796	3.952335	1.237854	2.923526
18114	-4325.768	-4874.295	548.5277	1.301081	3.611208	0.9975291	2.651076
18120	-4337.112	-4885.929	548.8172	1.443105	4.054034	0.9730463	2.299263
18126	-4331.914	-4881.418	549.5037	1.341071	3.840727	0.8939537	2.020287
18132	-4322.394	-4871.052	548.6584	1.544403	3.681597	1.403407	2.174251
18138	-4325.366	-4874.065	548.6988	1.365714	3.446785	1.403407	2.319074
18144	-4333.301	-4881.708	548.4068	1.331141	3.505426	1.326011	2.549138
18150	-4332.67	-4880.174	547.5037	1.268971	3.040822	1.326011	3.24453
18156	-4306.883	-4855.223	548.3397	1.282221	3.532413	0.7566958	2.956914
18162	-4312.697	-4861.814	549.1169	1.353362	3.532413	0.7201075	2.464625
18168	-4307.329	-4856.667	549.337	1.343312	3.532413	0.7201075	2.331873
18174	-4329.813	-4878.588	548.7748	1.181867	3.012906	1.017844	2.704608
18180	-4320.375	-4869.075	548.6998	1.328211	3.287235	1.317783	2.424329
18186	-4319.055	-4867.993	548.9373	1.36383	3.931462	1.120108	2.208184
18192	-4335.781	-4885.382	549.6007	1.416381	3.388007	0.899029	2.012204
18198	-4325.282	-4875.102	549.8197	1.416381	3.328007	0.899029	1.880525
18204	-4323.18	-4872.857	549.6769	1.335337	3.328007	0.822832	2.087174
18210	-4319.045	-4868.578	549.5326	1.500497	2.961919	0.9106622	2.107684
18216	-4320.808	-4870.905	550.0972	1.536516	2.961919	0.7859908	1.798599
18222	-4333.167	-4882.681	549.5145	1.450025	2.839863	0.9490051	2.16084
18228	-4328.004	-4877.452	549.448	1.378609	3.102231	0.8921503	2.21654
18234	-4327.865	-4876.639	548.7744	1.354558	3.379116	1.050261	2.486684
18240	-4328.2	-4877.368	549.1678	1.451192	3.379116	1.050261	2.174612
18246	-4316.217	-4864.487	548.2706	1.357435	4.216659	1.050261	2.614745
18252	-4331.781	-4880.706	548.9243	1.402464	4.216659	1.050261	2.172818
18258	-4332.403	-4881.487	549.0836	1.492005	4.410797	1.050261	1.968195
18264	-4338.433	-4886.753	548.3199	1.237362	3.775435	1.022705	2.76608
18270	-4333.146	-4881.955	548.8089	1.280605	3.912845	0.8501222	2.520327
18276	-4326.543	-4875.365	548.8218	1.263291	3.912845	0.7870683	2.568635
18282	-4340.386	-4889.45	549.0637	1.306667	3.036939	1.028863	2.434677
18288	-4321.643	-4870.784	549.1415	1.326973	2.478993	0.947733	2.58336
18294	-4329.567	-4878.011	548.4443	1.286899	3.27827	0.9927223	2.791335
18300	-4320.25	-4870.5	550.2498	1.568382	2.901344	0.8747944	1.614482
18306	-4296.147	-4845.855	549.7081	1.542408	3.302384	0.8747944	1.895529
18312	-4313.34	-4863.306	549.9668	1.554472	3.354157	0.8747944	1.693791
18318	-4320.822	-4870.663	549.8416	1.557899	3.118304	1.060052	1.712059
18324	-4323.415	-4872.979	549.5642	1.385511	3.120198	1.060052	2.01899
18330	-4331.826	-4880.427	548.6006	1.297859	3.284191	0.8658355	2.76977
18336	-4334.344	-4882.171	547.8274	1.207969	2.88847	1.429538	3.079125
18342	-4341.94	-4889.796	547.8569	1.207969	3.330427	1.171111	3.079125
18348	-4348.392	-4895.94	547.5478	1.17204	3.468048	1.145147	3.266377
18354	-4318.257	-4867.358	549.1009	1.357909	3.424799	1.078388	2.249416
18360	-4308.766	-4857.831	549.0659	1.35524	3.424799	0.8629764	2.413927
18366	-4309.606	-4858.73	549.1243	1.362592	3.429067	0.8606811	2.372981
18372	-4322.439	-4871.591	549.1521	1.369066	3.524154	0.7996464	2.372981
18378	-4315.043	-4864.225	549.1819	1.324656	3.583125	0.8572391	2.326308
18384	-4312.743	-4861.306	548.5632	1.267297	3.169805	1.224112	2.625528
18390	-4321.694	-4871.267	549.573	1.534243	3.231184	0.944872	1.96058
18396	-4320.206	-4870.226	550.0203	1.553788	3.231184	0.8354797	1.721924
18402	-4327.556	-4876.714	549.1586	1.425363	3.271415	0.9861594	2.265201
18408	-4342.731	-4891.438	548.7065	1.246896	3.540636	0.9861594	2.597249
18414	-4326.536	-4875.606	549.0697	1.438838	3.669497	1.169587	2.103886
18420	-4342.802	-4891.768	548.9662	1.303526	3.352321	0.752091	2.60716
18426	-4346.234	-4894.981	548.7467	1.404964	3.185165	1.082561	2.501188
18432	-4347.636	-4896.331	548.6953	1.281631	2.922538	1.098233	2.668627
18438	-4344.499	-4893.49	548.9916	1.38722	3.209713	1.098233	2.342502
18444	-4349.282	-4898.056	548.7743	1.271263	3.399871	0.840093	2.669806
18450	-4344.038	-4891.928	547.8903	1.194095	3.348075	0.840093	3.260309
18456	-4328.637	-4876.824	548.187	1.23977	3.172093	1.122077	2.926398
18462	-4329.706	-4878.672	548.9663	1.225969	3.198231	0.9011966	2.586332
18468	-4324.04	-4873.421	549.3802	1.361164	3.277559	0.814455	2.282027
18474	-4328.456	-4877.735	549.279	1.480967	3.555209	0.9406289	2.111002
18480	-4346.604	-4895.444	548.8403	1.542758	3.516582	1.249371	2.177351
18486	-4340.407	-4889.923	549.5156	1.444932	3.020679	1.249371	1.925631
18492	-4367.523	-4916.913	549.3895	1.442318	2.823573	1.052794	2.184311
18498	-4336.648	-4886.037	549.3891	1.442318	3.131634	1.024629	2.116595
18504	-4322.365	-4871.655	549.29	1.448525	3.131634	1.22227	2.058388
18510	-4344.394	-4893.438	549.0443	1.359253	3.038668	1.103629	2.368295
18516	-4350.316	-4898.971	548.655	1.275826	3.038668	0.9579612	2.750778
18522	-4329.326	-4877.442	548.1159	1.164058	3.986213	0.7899148	3.041517
18528	-4326.892	-4875.385	548.4932	1.372695	2.889329	0.9863687	2.811733
18534	-4343.836	-4892.605	548.7696	1.26415	2.761527	0.977081	2.749903
18540	-4344.02	-4892.734	548.7141	1.192828	3.218503	0.9905604	2.699787
18546	-4358.396	-4907.42	549.0241	1.383153	2.935105	0.7678704	2.615825
18552	-4345.567	-4894.678	549.1106	1.279831	2.935105	0.7818582	2.615825
18558	-4338.992	-4887.363	548.3713	1.312771	3.416004	1.14251	2.700169
18564	-4323.111	-4872.221	549.1106	1.390154	3.956936	0.9720901	2.16599
18570	-4329.601	-4878.815	549.2139	1.30362	3.884751	0.9720901	2.171133
18576	-4320.794	-4869.649	548.8556	1.249588	3.384405	1.081177	2.4818
18582	-4320.547	-4869.776	549.2285	1.392422	3.126252	0.8884522	2.344536
18588	-4349.765	-4899.202	549.4364	1.474708	3.020322	1.143052	2.021043
18594	-4333.623	-4881.999	548.3757	1.258488	3.42979	0.9060411	2.869299
18600	-4322.323	-4871.033	548.7103	1.314787	3.897171	0.9060411	2.525454
18606	-4306.589	-4855.235	548.6458	1.301831	3.84156	0.9564067	2.552543
18612	-4342.083	-4891.389	549.3061	1.324343	3.151915	0.9114529	2.315906
18618	-4339.485	-4889.255	549.7705	1.388537	3.151915	0.9114529	1.970982
18624	-4314.032	-4863.147	549.1156	1.38077	3.268523	0.9114529	2.371328
18630	-4328.919	-4877.25	548.3313	1.114087	3.656702	0.7769894	3.020699
18636	-4327.615	-4876.355	548.7397	1.165748	3.68718	0.7701012	2.740671
18642	-4319.596	-4869.2	549.6047	1.549631	2.947182	1.001871	1.969034
18648	-4318.96	-4868.944	549.9839	1.4833	3.308036	1.001871	1.650036
18654	-4333.27	-4881.507	548.2372	1.388607	3.166387	1.490753	2.621945
18660	-4318.44	-4867.89	549.4499	1.432839	2.743016	0.8586859	2.304432
18666	-4309.649	-4858.469	548.8199	1.349781	2.684478	1.391112	2.460627
18672	-4317.933	-4867.077	549.1441	1.492948	2.947104	1.148699	2.217567
18678	-4305.014	-4854.284	549.2706	1.419931	2.947104	0.8030592	2.409451
18684	-4326.124	-4874.96	548.8365	1.439628	2.947104	1.247126	2.393139
18690	-4316.823	-4865.363	548.5399	1.375183	2.947104	1.247126	2.618706
18696	-4320.183	-4868.243	548.0601	1.371249	3.023221	1.391267	2.82357
18702	-4332.235	-4879.986	547.7507	1.131137	2.712087	1.391267	3.234897
18708	-4321.743	-4870.582	548.8385	1.405279	3.236477	0.9552222	2.509205
18714	-4331.212	-4879.232	548.0198	1.25527	3.236477	0.9552222	3.099182
18720	-4327.876	-4875.275	547.3991	1.303054	3.353908	1.207151	3.270213
18726	-4326.427	-4874.187	547.7606	1.243807	3.426137	1.230469	3.062322
18732	-4329.307	-4877.429	548.1214	1.235152	3.426137	1.031171	2.960288
18738	-4324.393	-4872.744	548.3509	1.252147	2.966602	1.003554	2.940105
18744	-4326.073	-4874.454	548.3813	1.286787	3.254656	0.9337818	2.872205
18750	-4330.751	-4879.137	548.3865	1.162662	3.192201	0.9337818	2.959063
18756	-4331.892	-4880.828	548.9356	1.220559	2.882415	0.9336906	2.669312
18762	-4336.712	-4884.627	547.9152	1.278963	3.71524	1.120588	2.94277
18768	-4342.258	-4891.275	549.0169	1.298401	3.71524	0.8078377	2.45272
18774	-4340.493	-4890.067	549.5736	1.388192	3.136835	0.7681103	2.212135
18780	-4329.72	-4879.17	549.4502	1.326143	2.900724	0.8078377	2.364379
18786	-4315.241	-4864.517	549.2766	1.290902	3.230693	0.897908	2.345016
18792	-4319.235	-4868.949	549.7137	1.338796	2.873164	0.847663	2.165458
18798	-4338.484	-4887.477	548.9922	1.245123	3.378001	0.847663	2.551081
18804	-4324.614	-4874.12	549.5061	1.475244	3.693468	0.8891396	1.967388
18810	-4318.495	-4868.097	549.6026	1.541633	3.610306	0.8028864	1.943892
18816	-4309.441	-4858.666	549.2245	1.408522	4.286772	0.8145161	2.121027
18822	-4307.808	-4857.642	549.8337	1.428446	3.351976	0.8145161	1.92083
18828	-4304.752	-4853.87	549.1179	1.323761	3.669716	1.115904	2.179156
18834	-4311.031	-4860.805	549.7739	1.450977	3.669716	0.750357	1.917695
18840	-4307.739	-4857.15	549.4115	1.484438	3.859452	0.9189448	1.963858
18846	-4304.516	-4853.683	549.167	1.387918	3.397301	0.9721809	2.26143
18852	-4324.711	-4873.637	548.9253	1.307836	3.306111	1.028184	2.452609
18858	-4328.128	-4877.272	549.1444	1.337177	3.496634	1.00141	2.265349
18864	-4321.336	-4870.382	549.0459	1.455914	2.776331	1.15578	2.348326
18870	-4320.116	-4869.679	549.5636	1.368901	3.170071	0.8779913	2.139858
18876	-4322.318	-4872.005	549.6865	1.475401	3.170071	0.8706659	1.993851
18882	-4314.638	-4864.162	549.5239	1.504843	2.940436	0.8706659	2.145105
18888	-4320.658	-4869.243	548.5851	1.335389	3.070298	1.110094	2.657912
18894	-4309.412	-4859.209	549.7969	1.515288	2.804753	0.8848161	1.987192
18900	-4309.203	-4858.625	549.4223	1.382766	3.346509	0.8848161	2.172288
18906	-4310.612	-4860.141	549.5291	1.372568	3.346509	0.8848161	2.109256
18912	-4320.302	-4869.216	548.9145	1.22489	2.775825	0.9143996	2.721303
18918	-4307.156	-4855.666	548.5106	1.272846	2.425646	0.9935228	2.988596
18924	-4315.404	-4864.273	548.8689	1.35598	2.537382	0.583006	2.988596
18930	-4316.554	-4865.443	548.8887	1.325246	3.433365	0.9178537	2.504385
18936	-4320.369	-4869.468	549.0996	1.324406	2.734746	0.9178537	2.554916
18942	-4313.924	-4863.277	549.3524	1.373872	3.540089	0.9438495	2.134519
18948	-4300.087	-4849.652	549.5648	1.373872	3.570553	0.8814448	2.031334
18954	-4307.274	-4855.686	548.4115	1.249851	3.360758	0.9427523	2.845303
18960	-4302.959	-4851.63	548.6707	1.186206	2.755282	1.016153	2.835447
18966	-4307.445	-4856.572	549.1267	1.391595	2.580268	1.306796	2.313719
18972	-4326.36	-4875.985	549.625	1.458215	2.707865	0.9105215	2.148902
18978	-4340.828	-4889.51	548.682	1.478351	2.707865	0.900604	2.736511
18984	-4331.458	-4879.947	548.4881	1.293628	2.705399	1.056498	2.871081
18990	-4329.687	-4877.94	548.2534	1.293696	2.848565	1.040833	2.982648
18996	-4329.331	-4878.024	548.6937	1.341944	2.599942	1.012705	2.77279
19002	-4324.341	-4872.892	548.5511	1.187947	2.987526	1.123298	2.782969
19008	-4333.709	-4882.508	548.7996	1.298181	2.732454	0.8779318	2.782969
19014	-4335.218	-4883.658	548.4398	1.225136	3.426546	1.007053	2.787878
19020	-4333.499	-4882.59	549.091	1.271117	3.370157	0.6947591	2.590815
19026	-4348.793	-4897.176	548.3833	1.281901	2.724396	1.096169	2.913552
19032	-4333.057	-4881.319	548.2619	1.186094	2.724396	1.096169	3.044079
19038	-4358.156	-4906.985	548.8296	1.168929	2.544394	1.096169	2.76277
19044	-4336.989	-4885.539	548.5498	1.241274	3.114821	1.046442	2.76277
19050	-4327.771	-4876.329	548.5581	1.230315	2.884509	1.115511	2.784374
19056	-4335.56	-4883.944	548.3843	1.252354	3.063746	1.285209	2.739899
19062	-4333.142	-4883.262	550.1194	1.511469	2.665665	0.8089225	1.873054
19068	-4336.17	-4886.17	550	1.405868	2.665665	0.8089225	2.024408
19074	-4320.916	-4870.141	549.2249	1.349583	2.620719	1.101842	2.379095
19080	-4319.939	-4869.561	549.6224	1.472886	2.430955	1.072576	2.121427
19086	-4311.101	-4860.284	549.1836	1.33466	3.10873	1.19293	2.224853
19092	-4324.215	-4873.709	549.4932	1.279584	3.503221	0.8228048	2.199613
19098	-4305.603	-4854.605	549.0015	1.368034	2.818711	0.965119	2.534449
19104	-4318.915	-4868.505	549.5905	1.365393	2.964268	0.965119	2.120143
19110	-4323.887	-4873.14	549.2528	1.45244	2.964268	1.233516	2.120143
19116	-4324.832	-4874.317	549.4843	1.557104	2.896796	1.08522	2.005132
19122	-4311.887	-4861.039	549.1515	1.372534	2.896796	1.094118	2.336058
19128	-4305.367	-4854.62	549.2533	1.285167	2.84673	0.8591872	2.49208
19134	-4305.8	-4855.036	549.236	1.390549	3.531846	1.176218	2.055589
19140	-4315.964	-4865.895	549.9318	1.494806	2.87578	0.7267554	2.01384
19146	-4319.287	-4867.834	548.5466	1.317549	3.426509	1.117992	2.600457
19152	-4321.011	-4870.343	549.3316	1.290387	3.255102	1.009935	2.229608
19158	-4311.442	-4860.359	548.9174	1.361064	3.197991	1.009935	2.462487
19164	-4311.015	-4860.067	549.052	1.35716	2.841456	1.06524	2.441314
19170	-4319.98	-4868.917	548.9372	1.29502	2.510822	1.042456	2.660827
19176	-4313.935	-4862.952	549.0172	1.345359	2.643885	1.042456	2.540654
19182	-4314.992	-4864.247	549.2551	1.490538	3.153742	1.209823	2.054798
19188	-4319.693	-4868.747	549.0543	1.429632	2.637038	1.300956	2.321471
19194	-4327.237	-4876.462	549.2255	1.429632	2.636921	1.033661	2.364284
19200	-4332.938	-4881.723	548.785	1.451786	3.326798	1.568532	2.159258
19206	-4330.353	-4878.024	547.6717	1.385856	3.887598	1.660666	2.731699
19212	-4342.31	-4890.94	548.6298	1.311655	3.517432	1.285118	2.440005
19218	-4345.386	-4893.823	548.4365	1.19725	3.638691	0.9402174	2.800298
19224	-4341.027	-4889.47	548.4431	1.417084	3.810331	1.239833	2.448323
19230	-4315.808	-4864.583	548.7749	1.333329	3.566619	0.9452396	2.521135
19236	-4310.916	-4859.304	548.3882	1.238603	3.566619	1.04133	2.758508
19242	-4314.731	-4863.126	548.3945	1.294635	2.795536	1.04133	2.911103
19248	-4313.933	-4862.508	548.5747	1.304912	3.615957	1.04133	2.59193
19254	-4311.554	-4860.477	548.9232	1.307636	2.906823	1.00876	2.569136
19260	-4313.693	-4863.024	549.3309	1.373814	2.906823	0.7676705	2.438214
19266	-4314.607	-4864.013	549.4059	1.379009	2.906823	1.036843	2.200933
19272	-4336.611	-4885.246	548.6349	1.268327	3.028816	0.8460766	2.843752
19278	-4325.512	-4874.741	549.2288	1.3497	3.316424	0.626219	2.527173
19284	-4310.15	-4859.092	548.9423	1.327569	3.343736	1.027612	2.420585
19290	-4316.937	-4866.12	549.1836	1.222266	3.084269	1.027612	2.400635
19296	-4327.41	-4876.976	549.5662	1.403374	3.490786	0.9821192	1.959647
19302	-4328.704	-4878.767	550.063	1.408443	3.156076	0.6223212	1.998053
19308	-4328.89	-4878.272	549.3817	1.497888	3.156076	0.6223212	2.381797
19314	-4301.589	-4849.871	548.283	1.366392	3.253624	1.169168	2.745579
19320	-4310.253	-4859.627	549.3745	1.400508	3.253624	1.085582	2.082791
19326	-4308.571	-4857.758	549.1865	1.418438	3.760576	0.9406843	2.163636
19332	-4333.982	-4882.524	548.5415	1.404509	3.785358	1.317214	2.359128
19338	-4334.208	-4882.949	548.741	1.287962	3.513252	1.006382	2.544042
19344	-4328.831	-4877.57	548.7387	1.403842	2.95533	1.121513	2.544042
19350	-4310.727	-4859.335	548.6088	1.244194	3.786147	1.03537	2.574176
19356	-4312.326	-4860.989	548.6639	1.268157	3.362943	1.116847	2.574176
19362	-4317.28	-4865.446	548.1658	1.305921	3.089249	1.116847	2.922724
19368	-4300.882	-4848.321	547.4395	1.244446	3.236469	1.620656	3.119194
19374	-4322.394	-4870.551	548.1566	1.122456	2.658678	1.388072	3.014671
19380	-4349.038	-4898.3	549.2617	1.294386	2.360664	1.008616	2.5275
19386	-4344.077	-4892.124	548.0469	1.301393	2.547032	1.192219	3.101709
19392	-4335.446	-4883.765	548.319	1.235359	2.436543	1.192219	3.0111
19398	-4330.29	-4878.728	548.4389	1.210839	2.965532	0.8485709	3.0111
19404	-4340.754	-4889.929	549.1751	1.371602	3.136544	0.8348133	2.426738
19410	-4323.802	-4872.482	548.68	1.371602	3.136544	1.234968	2.490755
19416	-4335.195	-4884.861	549.6658	1.496469	2.913807	0.7838589	2.130728
19422	-4336.938	-4884.975	548.037	1.071808	2.621886	1.010473	3.322559
19428	-4331.372	-4879.067	547.6949	1.23368	3.000145	1.021256	3.322559
19434	-4306.008	-4854.334	548.3257	1.189838	3.000145	1.021256	2.973616
19440	-4322.008	-4871.132	549.1241	1.358175	2.63102	0.815123	2.6196
19446	-4328.549	-4878.386	549.8367	1.495467	3.689352	0.8795829	1.735175
19452	-4318.145	-4867.026	548.8808	1.308308	3.038374	0.8085772	2.693168
19458	-4326.997	-4875.771	548.7733	1.390127	2.622939	1.078361	2.648799
19464	-4335.543	-4884.727	549.1838	1.423068	2.467069	0.9532161	2.497281
19470	-4334.136	-4883.524	549.3884	1.323338	2.467069	1.12292	2.326922
19476	-4334.676	-4884.221	549.5443	1.363169	2.467069	1.027788	2.25938
19482	-4326.668	-4875.47	548.8019	1.288055	3.083518	0.7636379	2.775196
19488	-4330.51	-4878.89	548.3797	1.195267	3.588097	0.7636379	2.967663
19494	-4319.687	-4868.452	548.7648	1.286383	3.261117	0.7636379	2.754783
19500	-4318.361	-4866.812	548.4511	1.260568	3.261117	1.066714	2.763234
19506	-4323.492	-4871.917	548.4252	1.219745	3.217089	0.9233694	2.901883
19512	-4329.29	-4878.338	549.048	1.214331	2.822391	0.9233694	2.626955
19518	-4318.123	-4866.652	548.5296	1.187301	3.062237	0.9233694	2.896735
19524	-4308.157	-4856.632	548.4748	1.19623	3.985642	0.9233694	2.714166
19530	-4314.619	-4862.796	548.1765	1.308491	3.348459	1.140839	2.838429
19536	-4314.737	-4863.111	548.3745	1.31029	3.291106	1.288976	2.651801
19542	-4332.474	-4880.803	548.329	1.226252	3.593403	0.9618043	2.844425
19548	-4337.317	-4885.231	547.9137	1.197142	3.252246	0.9765514	3.180069
19554	-4326.002	-4875.008	549.0056	1.508017	3.513692	1.088302	2.186344
19560	-4327.812	-4876.915	549.1026	1.54696	3.427079	1.329542	1.980525
19566	-4328.969	-4877.917	548.9476	1.57117	3.427079	1.329542	2.067383
19572	-4325.023	-4873.944	548.9209	1.329328	2.715692	1.329542	2.431537
19578	-4327.363	-4877.628	550.2643	1.539032	3.073601	0.8054426	1.629201
19584	-4329.009	-4878.93	549.9214	1.468136	3.004528	0.8335196	1.915218
19590	-4315.785	-4864.825	549.04	1.340547	3.004528	1.087721	2.401339
19596	-4291.198	-4840.573	549.3752	1.390828	2.90589	1.087721	2.181942
19602	-4312.571	-4861.495	548.9248	1.321856	3.402798	1.087721	2.38446
19608	-4319.82	-4868.536	548.7159	1.368623	2.794787	1.057106	2.661026
19614	-4343.67	-4892.748	549.0786	1.40711	2.745491	1.399062	2.238106
19620	-4338.329	-4886.488	548.159	1.35206	3.539844	1.293014	2.698008
19626	-4334.833	-4883.495	548.6628	1.303812	2.800177	1.293014	2.603149
19632	-4325.288	-4874.136	548.8482	1.356601	3.43712	1.334956	2.26621
19638	-4324.215	-4873.295	549.0798	1.379971	3.43712	0.875418	2.377882
19644	-4342.352	-4890.307	547.9553	1.333189	2.846297	1.263888	3.017943
19650	-4335.94	-4885.93	549.9902	1.507862	2.973215	0.875418	1.818023
19656	-4334.619	-4884.414	549.7952	1.391771	3.310696	0.875418	1.935855
19662	-4329.92	-4879.733	549.8132	1.397825	3.27127	0.875418	1.93012
19668	-4332.502	-4881.787	549.2855	1.288031	3.012523	0.8700898	2.417364
19674	-4343.244	-4892.518	549.2739	1.366233	3.012523	1.075593	2.241072
19680	-4336.999	-4886.104	549.1051	1.322838	3.202314	1.281323	2.209961
19686	-4346.872	-4896.244	549.3722	1.303839	3.352337	0.9490574	2.209961
19692	-4341.793	-4890.807	549.0139	1.385545	3.352337	1.285013	2.187997
19698	-4354.105	-4902.918	548.8128	1.392925	3.425676	1.040565	2.433151
19704	-4336.437	-4885.284	548.8473	1.285702	2.711755	1.051062	2.658039
19710	-4323.92	-4873.076	549.1564	1.355564	3.559935	0.8504007	2.333217
19716	-4330.492	-4879.446	548.9541	1.264694	3.559935	1.066373	2.377364
19722	-4329.172	-4878.001	548.8295	1.299219	3.388406	0.950543	2.546807
19728	-4348.7	-4895.879	547.1796	1.21005	3.388406	1.213317	3.442868
19734	-4345.498	-4894.292	548.7942	1.327512	3.332153	1.120935	2.460999
19740	-4334.521	-4883.859	549.3375	1.286379	3.332153	0.9438484	2.252124
19746	-4354.255	-4903.139	548.8844	1.228579	3.971697	0.9332305	2.436363
19752	-4342.399	-4891.43	549.0317	1.336792	3.945115	0.9608128	2.261467
19758	-4343.972	-4893.304	549.3324	1.342058	3.167214	0.8795984	2.305924
19764	-4342.279	-4890.276	547.9967	1.389194	3.837074	1.107838	2.807815
19770	-4325.351	-4873.304	547.9532	1.217522	3.784027	0.951364	3.041275
19776	-4325.699	-4874.378	548.6788	1.25324	3.409246	0.951364	2.66302
19782	-4324.823	-4874.015	549.1913	1.406758	3.371305	0.9710297	2.24091
19788	-4320.732	-4870.63	549.8984	1.429645	2.904171	0.9710297	1.885407
19794	-4315.167	-4864.301	549.1336	1.356233	3.446024	0.8468766	2.376871
19800	-4356.202	-4905.76	549.5583	1.391004	3.33638	0.7176585	2.209302
19806	-4342.755	-4891.667	548.912	1.419688	3.017812	1.199885	2.364577
19812	-4351.651	-4901.083	549.4328	1.496899	2.938191	0.7982985	2.26335
19818	-4324.369	-4873.708	549.3382	1.427809	2.761886	1.085074	2.224967
19824	-4315.036	-4865.042	550.0056	1.550759	2.772431	1.085074	1.689855
19830	-4330.1	-4879.97	549.8697	1.542555	2.772431	1.011127	1.840209
19836	-4315.219	-4864.392	549.173	1.492426	3.330182	1.163562	2.088042
19842	-4320.877	-4870.234	549.3562	1.388216	3.059941	1.066276	2.166393
19848	-4315.641	-4864.936	549.2952	1.449283	3.059941	1.066276	2.166393
19854	-4334.535	-4883.514	548.9797	1.41506	3.059941	1.066276	2.390448
19860	-4315.194	-4863.592	548.3976	1.217879	4.526361	0.893479	2.661628
19866	-4327.997	-4876.452	548.4546	1.265273	4.526361	0.893479	2.597163
19872	-4311.623	-4859.797	548.1743	1.241586	3.644402	0.893479	2.961057
19878	-4316.708	-4864.454	547.7461	1.217813	3.773166	0.893479	3.203319
19884	-4327.71	-4876.615	548.9049	1.314065	3.502605	1.127255	2.354798
19890	-4337.854	-4886.79	548.9367	1.355341	4.379587	0.8488922	2.297031
19896	-4354.899	-4904.164	549.2649	1.269721	3.295682	0.9763319	2.297031
19902	-4319.012	-4868.459	549.4467	1.373508	2.964053	0.9363377	2.227733
19908	-4337.411	-4887.03	549.6189	1.471723	2.955966	0.9775386	2.02537
19914	-4325.128	-4874.89	549.7614	1.485824	2.738898	0.8692334	2.061522
19920	-4332.537	-4881.725	549.1881	1.353329	3.216873	1.098989	2.236167
19926	-4342.771	-4891.645	548.8743	1.314737	2.82471	1.098989	2.563626
19932	-4346.158	-4894.999	548.8406	1.176749	3.320157	0.9312011	2.644758
19938	-4360.115	-4908.87	548.7554	1.405621	3.320157	0.9312011	2.555813
19944	-4356.431	-4904.987	548.5564	1.220529	3.021046	0.9596617	2.847914
19950	-4325.306	-4874.163	548.8576	1.243674	3.254425	1.203841	2.446538
19956	-4317.02	-4866.113	549.0936	1.398434	2.804938	1.203841	2.319322
19962	-4324.499	-4874.252	549.7529	1.442931	3.050525	0.8538334	2.016676
19968	-4317.064	-4866.814	549.7494	1.536289	2.57582	0.8742437	2.082869
19974	-4332.611	-4881.6	548.9888	1.327487	3.654132	0.9612504	2.359693
19980	-4323.68	-4872.203	548.5231	1.302475	2.952108	0.9612504	2.835232
19986	-4325.716	-4873.925	548.2096	1.319758	2.952108	1.242589	2.85576
19992	-4318.49	-4866.743	548.2536	1.30318	2.952108	1.271799	2.824169
19998	-4318.796	-4866.983	548.1873	1.179949	2.556985	1.271799	3.046929
20004	-4323.769	-4871.875	548.1055	1.261677	2.556985	1.271799	3.046929
20010	-4342.553	-4891.465	548.9114	1.413523	3.221399	1.095233	2.375499
20016	-4349.804	-4898.401	548.5966	1.413523	3.253781	1.175691	2.51923
20022	-4363.49	-4912.591	549.1011	1.411876	3.061672	0.7235778	2.551095
20028	-4340.863	-4890.183	549.3197	1.431867	2.896126	1.132262	2.167347
20034	-4340.479	-4889.931	549.4523	1.582069	3.033732	1.162647	1.922902
20040	-4330.801	-4880.225	549.4246	1.35705	3.648562	0.9068815	2.097821
20046	-4320.557	-4869.312	548.7548	1.255422	3.984175	0.9068815	2.515623
20052	-4308.388	-4857.187	548.7995	1.404608	3.53182	1.033369	2.413356
20058	-4305.98	-4855.187	549.2069	1.388305	3.53182	1.033369	2.163096
20064	-4336.087	-4884.994	548.9072	1.205664	3.336996	1.056953	2.502946
20070	-4337.185	-4885.476	548.2912	1.234339	3.204861	1.056953	2.895623
20076	-4347.106	-4896.453	549.3475	1.335747	3.204861	1.056953	2.173293
20082	-4335.386	-4885.199	549.8128	1.446871	2.983718	0.8968181	1.961207
20088	-4338.172	-4887.717	549.5452	1.333417	3.466391	0.8577565	2.113838
20094	-4331.961	-4881.02	549.0584	1.422322	3.466391	0.9426758	2.311562
20100	-4340.486	-4890.212	549.7257	1.482513	3.158039	0.9899729	1.880993
20106	-4324.928	-4874.421	549.4934	1.482689	3.158039	0.7749705	2.191928
20112	-4322.314	-4871.118	548.8041	1.326418	3.078356	0.9719699	2.608988
20118	-4313.013	-4860.947	547.9343	1.186187	3.078356	1.120516	3.133764
20124	-4308.697	-4857.449	548.752	1.316826	3.242131	1.120516	2.516565
20130	-4318.861	-4867.556	548.6945	1.286943	3.242131	0.9408112	2.679604
20136	-4321.926	-4871.024	549.0979	1.329257	3.242131	0.9408112	2.402088
20142	-4311.835	-4860.752	548.9172	1.271447	3.242131	0.9408112	2.5515
20148	-4320.636	-4869.55	548.9139	1.323795	3.416115	0.8165221	2.563933
20154	-4317.058	-4864.682	547.6238	1.244545	3.416115	1.161376	3.181518
20160	-4322.805	-4870.334	547.529	1.061388	3.27416	1.161376	3.378112
20166	-4325.71	-4873.235	547.5254	1.147042	3.288056	1.066512	3.378112
20172	-4332.32	-4880.237	547.917	1.117476	3.616945	1.066512	3.090089
20178	-4341.083	-4889.219	548.1359	1.114402	3.41457	1.066512	3.006247
20184	-4349.438	-4897.677	548.2398	1.304971	3.41457	1.246368	2.730156
20190	-4341.773	-4890.394	548.6214	1.300028	3.490675	1.048017	2.590763
20196	-4322.344	-4871.27	548.9262	1.23524	3.490675	0.981378	2.482322
20202	-4332.058	-4880.297	548.2396	1.167555	4.040663	0.8378542	2.920562
20208	-4352.776	-4901.407	548.6304	1.242779	4.510524	1.147519	2.34672
20214	-4356.533	-4905.62	549.0863	1.435738	4.060559	1.035264	2.088096
20220	-4342.921	-4891.087	548.1659	1.211417	4.060559	0.9048706	2.889674
20226	-4341.985	-4891.455	549.4695	1.398029	3.03921	0.8746715	2.219472
20232	-4335.924	-4884.957	549.0329	1.341795	3.472055	1.202667	2.219472
20238	-4339.397	-4887.757	548.3597	1.38871	3.798265	1.389324	2.444866
20244	-4316.196	-4866.158	549.9614	1.500008	2.989514	0.937208	1.792571
20250	-4339.009	-4886.724	547.7155	1.339411	3.468009	1.434359	2.923838
20256	-4337.733	-4885.539	547.8065	1.265734	3.037947	1.606549	2.941276
20262	-4338.649	-4887.651	549.0028	1.26045	2.43526	0.9452215	2.724811
20268	-4350.939	-4898.943	548.0039	1.243141	2.618284	1.089215	3.197075
20274	-4340.655	-4888.998	548.3429	1.378116	3.154095	1.118533	2.754252
20280	-4332.567	-4881.248	548.6805	1.233915	3.209034	1.118533	2.621777
20286	-4342.685	-4891.564	548.8785	1.289225	3.214279	1.118533	2.462807
20292	-4340.639	-4889.652	549.0128	1.317567	3.800873	0.7953929	2.433399
20298	-4345.823	-4894.707	548.8837	1.201204	3.800873	0.9564487	2.475698
20304	-4343.003	-4891.328	548.3251	1.285382	3.735716	0.8291954	2.86715
20310	-4336.898	-4884.863	547.9649	1.209611	4.818496	0.9098169	2.86715
20316	-4326.796	-4875.781	548.9848	1.286725	3.744982	1.044991	2.314266
20322	-4349.681	-4899.488	549.807	1.528457	3.613216	0.8507322	1.774662
20328	-4344.471	-4894.51	550.0394	1.465805	3.613216	0.7031486	1.78057
20334	-4326.339	-4875.538	549.199	1.371773	3.174172	0.9071074	2.351125
20340	-4332.769	-4881.446	548.677	1.264539	3.621481	0.9071074	2.637084
20346	-4339.212	-4887.962	548.7493	1.192213	3.621481	0.9071074	2.637084
20352	-4327.624	-4876.02	548.3953	1.147236	3.359735	0.8140439	3.002803
20358	-4349.46	-4898.064	548.6034	1.114181	3.241856	0.8140439	2.925407
20364	-4340.747	-4888.932	548.1841	1.252906	3.743718	0.8140439	2.980639
20370	-4344.326	-4892.765	548.4389	1.314618	3.778343	0.8931576	2.72734
20376	-4338.888	-4887.768	548.8791	1.272424	3.340748	0.8931576	2.581986
20382	-4337.612	-4886.639	549.0265	1.387576	3.228072	0.8216944	2.496135
20388	-4335.828	-4884.675	548.8475	1.405461	3.057914	1.039783	2.496135
20394	-4334.856	-4883.036	548.1801	1.281691	4.295344	0.9479027	2.764341
20400	-4319.925	-4868.843	548.9177	1.391412	3.510056	0.9479027	2.406542
20406	-4319.695	-4868.612	548.9176	1.354332	3.222094	0.7674189	2.625966
20412	-4326.74	-4875.402	548.6629	1.349916	3.144615	0.8406529	2.751507
20418	-4360.099	-4908.927	548.8274	1.222572	3.45937	1.174585	2.444929
20424	-4349.82	-4897.498	547.6781	1.130562	3.45937	0.8408853	3.396853
20430	-4342.267	-4891.084	548.817	1.300817	3.029704	1.00801	2.606996
20436	-4324.454	-4871.893	547.4387	1.230582	3.620188	1.365928	3.152595
20442	-4332.638	-4880.824	548.1867	1.229247	3.511511	0.9224343	2.971721
20448	-4330.965	-4879.991	549.026	1.30925	3.511511	1.069781	2.312757
20454	-4351.019	-4900.214	549.1945	1.436868	2.789008	1.069781	2.312757
20460	-4334.551	-4883.356	548.8047	1.142487	3.801218	0.9074112	2.593636
20466	-4324.193	-4873.183	548.9899	1.314514	3.910917	0.9074112	2.345759
20472	-4323.323	-4872.767	549.4432	1.359376	3.767557	0.8877254	2.069717
20478	-4336.543	-4885.653	549.1102	1.371245	3.033003	1.088328	2.329405
20484	-4324.407	-4872.409	548.002	1.092147	3.1476	1.041948	3.176461
20490	-4311.502	-4859.996	548.4946	1.175804	3.41334	1.041948	2.76673
20496	-4322.5	-4871.08	548.5805	1.174283	3.41334	0.9041343	2.801105
20502	-4313.883	-4863.088	549.2056	1.273883	3.776792	0.7712616	2.362832
20508	-4322.513	-4871.904	549.3915	1.365589	4.602814	0.8718924	1.930554
20514	-4299.469	-4847.848	548.379	1.281412	3.450974	0.9060489	2.848515
20520	-4315.208	-4863.647	548.4392	1.16609	3.43614	0.6801105	3.047331
20526	-4317.317	-4865.7	548.3831	1.171008	3.43614	0.9826666	2.867833
20532	-4331.55	-4880.546	548.9957	1.377854	3.43614	0.7855162	2.497308
20538	-4307.101	-4856.501	549.3996	1.454943	3.43614	0.92525	2.088918
20544	-4319.233	-4868.646	549.4125	1.497655	4.306497	1.042253	1.767365
20550	-4326.751	-4876.588	549.8367	1.456559	3.241243	0.9112871	1.855846
20556	-4316.36	-4866.312	549.9515	1.532642	3.2032	0.9284409	1.721258
20562	-4311.41	-4861.397	549.9863	1.575494	2.935421	0.9426908	1.734695
20568	-4313.126	-4862.831	549.7057	1.429458	2.956084	0.9426908	2.019609
20574	-4312.591	-4862.761	550.1694	1.55686	3.00367	0.8683204	1.65412
20580	-4327.801	-4877.759	549.958	1.551737	2.623854	0.9683365	1.850095
20586	-4331.741	-4881.043	549.302	1.388721	3.011887	0.9683365	2.276505
20592	-4311.441	-4860.011	548.5701	1.296206	3.011887	1.111005	2.705783
20598	-4310.052	-4858.793	548.7412	1.24067	3.011887	1.080637	2.652168
20604	-4309	-4857.872	548.8723	1.30749	3.011887	1.080637	2.529488
20610	-4323.645	-4873.053	549.4083	1.37555	3.266543	1.104874	2.061736
20616	-4302.538	-4851.81	549.2725	1.41726	3.375401	1.097763	2.099976
20622	-4317.313	-4866.641	549.3282	1.427612	3.20788	1.097763	2.099976
20628	-4333.503	-4882.956	549.4532	1.485404	3.636927	0.6968274	2.160356
20634	-4338.323	-4887.134	548.8103	1.256218	3.569058	0.6831168	2.7359
20640	-4338.294	-4886.254	547.9599	1.198744	3.569058	1.105844	3.004229
20646	-4340.393	-4888.907	548.514	1.259379	2.969088	1.258358	2.694348
20652	-4344.691	-4893.807	549.1155	1.352087	2.969088	1.167465	2.309473
20658	-4339.039	-4888.321	549.282	1.441946	3.070578	0.9856297	2.227999
20664	-4339.725	-4888.44	548.7142	1.312759	2.837006	1.133375	2.640964
20670	-4336.936	-4884.98	548.0443	1.260203	3.726179	1.133375	2.86675
20676	-4334.051	-4882.027	547.9758	1.267126	3.726179	1.133375	2.903943
20682	-4351.27	-4900.257	548.9876	1.390059	3.283577	1.253788	2.23631
20688	-4331.732	-4880.282	548.5505	1.481753	3.309491	1.253788	2.449395
20694	-4318.39	-4867.855	549.4656	1.444547	3.472582	0.9660729	2.014883
20700	-4318.203	-4867.72	549.5169	1.425019	3.472582	0.8385943	2.084984
20706	-4346.778	-4896.528	549.7499	1.411336	3.18241	0.8385943	2.014965
20712	-4337.74	-4887.144	549.4042	1.350103	3.18241	1.052787	2.135564
20718	-4322.097	-4871.501	549.4042	1.433176	3.512693	0.8406696	2.142019
20724	-4325.583	-4874.975	549.3919	1.420575	3.512693	0.8406696	2.158278
20730	-4313.03	-4862.5	549.4703	1.329543	3.862388	0.7020928	2.194015
20736	-4328.113	-4877.484	549.371	1.332789	3.153578	0.8093639	2.34153
20742	-4316.221	-4865.882	549.6613	1.40222	2.451417	1.163049	2.08093
20748	-4317.3	-4865.799	548.4991	1.498274	3.086582	1.163049	2.576446
20754	-4333.003	-4881.988	548.9847	1.362184	3.5511	1.360569	2.133352
20760	-4320.711	-4870.38	549.6692	1.389733	2.973254	1.162592	1.923695
20766	-4328.208	-4877.943	549.7353	1.515651	2.923783	1.028556	1.892864
20772	-4345.358	-4894.662	549.3039	1.417228	2.929506	1.09347	2.200871
20778	-4347.109	-4896.357	549.2482	1.335506	3.236896	1.09347	2.207036
20784	-4310.108	-4859.252	549.1444	1.360467	3.816412	0.9279062	2.224394
20790	-4297.499	-4846.873	549.3737	1.340704	3.816412	0.7205418	2.244186
20796	-4322.79	-4871.555	548.7649	1.257231	3.724402	0.9869949	2.512398
20802	-4312.195	-4860.239	548.0441	1.257231	3.130554	1.344476	2.897627
20808	-4307.136	-4855.518	548.3824	1.176176	2.748752	1.110243	2.963227
20814	-4295.862	-4844.076	548.2139	1.221655	3.139353	1.110243	2.93571
20820	-4316.051	-4864.538	548.4872	1.237733	3.352748	1.214603	2.650858
20826	-4305.006	-4853.885	548.8791	1.292912	2.800902	0.937709	2.679192
20832	-4316.543	-4865.404	548.8609	1.311065	2.800902	0.937709	2.679192
20838	-4332.368	-4881.56	549.192	1.3586	2.800902	1.078808	2.35528
20844	-4324.973	-4873.814	548.8407	1.279505	2.800902	1.167734	2.57414
20850	-4312.479	-4861.79	549.3116	1.441198	3.718532	0.825049	2.159783
20856	-4297.12	-4846.434	549.314	1.441198	3.261734	1.345242	1.944383
20862	-4328.338	-4877.361	549.0232	1.321718	3.701203	1.001892	2.30443
20868	-4318.518	-4868.354	549.8357	1.422668	3.32681	1.001892	1.792028
20874	-4330.641	-4879.91	549.269	1.340287	3.32681	1.086499	2.171678
20880	-4335.256	-4883.399	548.143	1.265188	4.147254	1.16092	2.700824
20886	-4329.027	-4878.001	548.9733	1.329404	3.214142	1.16092	2.353434
20892	-4321.251	-4870.055	548.8044	1.288136	3.117976	1.109953	2.539178
20898	-4317.441	-4866.315	548.8733	1.230145	2.94181	1.109953	2.578579
20904	-4307.91	-4856.413	548.5029	1.283301	3.495969	1.145957	2.616669
20910	-4321.249	-4870.257	549.0079	1.439191	3.898059	0.9274692	2.243684
20916	-4301.824	-4851.299	549.4749	1.480451	3.734714	0.9274692	1.947277
20922	-4311.019	-4859.981	548.9627	1.257565	3.769289	0.903727	2.432672
20928	-4315.169	-4864.87	549.7009	1.367691	3.324966	0.903727	1.990801
20934	-4336.994	-4885.782	548.7884	1.355518	2.83784	1.480547	2.390171
20940	-4323.637	-4872.264	548.6267	1.168272	3.566569	0.9045596	2.741155
20946	-4309.104	-4857.762	548.6577	1.207924	3.145852	0.9938366	2.741155
20952	-4314.058	-4862.057	547.999	1.29917	2.878096	0.9938366	3.151296
20958	-4301.203	-4849.661	548.4578	1.178374	2.878096	0.9938366	2.949174
20964	-4326.921	-4875.817	548.8962	1.322909	3.421466	1.043343	2.424046
20970	-4316.733	-4864.93	548.1967	1.30618	3.377345	1.099781	2.843694
20976	-4329.563	-4878.24	548.6764	1.228726	3.499707	0.7755201	2.778936
20982	-4343.387	-4891.885	548.4988	1.184869	3.088353	0.917595	2.91398
20988	-4318.542	-4867.408	548.8659	1.168969	3.508382	0.8677539	2.63181
20994	-4330.696	-4879.167	548.4717	1.302563	3.96185	0.9814587	2.618477
21000	-4326.138	-4875.807	549.6682	1.510183	3.398819	0.880793	1.914569
21006	-4330.324	-4880.185	549.8613	1.510183	3.762799	0.6547919	1.879843
21012	-4329.273	-4878.091	548.8185	1.268334	3.976657	0.9179797	2.46188
21018	-4330.211	-4879.13	548.9192	1.279896	3.206675	0.9179797	2.568821
21024	-4322.919	-4872.48	549.5612	1.425827	3.364791	1.100411	1.902863
21030	-4312.729	-4861.579	548.8503	1.312806	3.32825	1.048055	2.478984
21036	-4311.185	-4859.334	548.1492	1.217228	2.656084	1.048055	3.138873
21042	-4314.016	-4861.908	547.892	1.225233	2.656084	1.048055	3.286416
21048	-4311.241	-4859.825	548.584	1.176596	2.989599	1.048055	2.812408
21054	-4329.733	-4878.435	548.7023	1.251613	3.207766	1.292125	2.503783
21060	-4324.651	-4872.594	547.9429	1.113662	3.436294	1.086837	3.10565
21066	-4332.069	-4881.057	548.988	1.287261	3.045112	0.9567184	2.537483
21072	-4339.126	-4887.205	548.0787	1.336679	2.975606	1.374814	2.853334
21078	-4353.105	-4901.916	548.8119	1.309717	2.873906	1.455578	2.405978
21084	-4332.079	-4880.649	548.5693	1.433722	3.0375	1.185607	2.57326
21090	-4339.963	-4887.617	547.6538	1.315475	2.873906	1.41555	3.128677
21096	-4338.822	-4886.739	547.9179	1.330071	3.370188	1.244416	2.921839
21102	-4328.217	-4876.563	548.3459	1.262053	2.803664	1.257354	2.840075
21108	-4327.11	-4876.158	549.0484	1.326126	2.803664	1.257354	2.365331
21114	-4324.356	-4873.013	548.6563	1.23897	3.288292	0.947577	2.71691
21120	-4329.69	-4879.429	549.7389	1.457452	2.551143	1.163106	1.960028
21126	-4320.816	-4870.968	550.152	1.465296	3.007974	1.016683	1.619491
21132	-4322.795	-4872.684	549.8889	1.637027	3.229865	1.016683	1.619491
21138	-4321.836	-4871.343	549.5076	1.373499	3.514225	1.016683	1.989886
21144	-4337.23	-4886.047	548.8171	1.283144	3.514225	0.6736706	2.735436
21150	-4322.793	-4871.455	548.662	1.357242	3.443278	0.8859366	2.644231
21156	-4310.8	-4859.774	548.9745	1.193664	3.834185	0.9075883	2.448472
21162	-4309.217	-4858.268	549.0514	1.238898	3.327998	0.9075883	2.488939
21168	-4324.04	-4872.912	548.8714	1.418454	3.863155	0.9075883	2.365306
21174	-4314.747	-4864.187	549.4399	1.502176	3.627325	0.9046788	1.998361
21180	-4331.973	-4881.02	549.0472	1.436565	4.032711	1.013626	2.133241
21186	-4336.285	-4885.178	548.8938	1.43574	3.45999	1.013626	2.363344
21192	-4323.731	-4872.825	549.0935	1.343137	3.689144	1.099043	2.188014
21198	-4332.187	-4881.24	549.0532	1.381849	3.689144	1.047542	2.220644
21204	-4343.049	-4891.153	548.1033	1.19275	3.136678	1.108738	3.021046
21210	-4321.841	-4870.329	548.488	1.284348	3.428288	1.033863	2.705659
21216	-4317.989	-4867.353	549.3642	1.384563	3.665824	0.7846325	2.205526
21222	-4325.959	-4875.73	549.7706	1.52624	3.86001	0.8024207	1.779158
21228	-4320.296	-4869.818	549.5216	1.448618	3.272771	1.015453	1.993208
21234	-4327.691	-4877.391	549.6996	1.475812	3.402625	0.6398757	2.112917
21240	-4325.875	-4875.083	549.2079	1.277267	3.402625	0.8375831	2.396971
21246	-4330.141	-4878.049	547.9079	1.189081	3.675903	0.8375831	3.181896
21252	-4336.024	-4884.629	548.6053	1.122994	2.915558	0.8339924	2.986896
21258	-4339.6	-4887.833	548.2325	1.186448	2.813649	0.8228763	3.205758
21264	-4310.46	-4860.398	549.9383	1.548734	3.102152	0.8565741	1.802696
21270	-4334.428	-4882.965	548.5377	1.424875	3.896271	1.221212	2.374968
21276	-4315.957	-4865.415	549.4587	1.281745	3.967834	0.6598555	2.245201
21282	-4324.016	-4873.217	549.2012	1.331504	3.886451	0.7998231	2.282763
21288	-4322.456	-4872.105	549.649	1.274914	3.720162	0.8705405	2.013027
21294	-4321.508	-4871.334	549.8256	1.412124	2.727419	0.9671188	2.002064
21300	-4312.507	-4861.617	549.1097	1.344258	3.134011	0.8181537	2.497619
21306	-4314.416	-4863.927	549.5103	1.357504	3.134011	0.9600751	2.134627
21312	-4331.394	-4880.58	549.1861	1.278108	3.134011	0.9600751	2.393671
21318	-4345.088	-4894.507	549.4189	1.295061	3.361004	0.7615009	2.319048
21324	-4346.101	-4895.347	549.2462	1.351667	2.862384	0.7615009	2.52205
21330	-4340.337	-4890.202	549.8642	1.45136	3.067398	1.136121	1.736057
21336	-4334.777	-4884.038	549.2613	1.247188	3.067398	0.73343	2.544637
21342	-4315.3	-4862.597	547.2971	1.066793	3.25046	1.263695	3.464449
21348	-4336.235	-4884.388	548.1527	1.145115	3.25046	1.213227	2.936217
21354	-4325.062	-4873.23	548.1681	1.240905	2.972784	1.213227	2.938324
21360	-4310.983	-4859.446	548.4625	1.359446	3.693589	1.075353	2.590018
21366	-4306.091	-4854.95	548.8589	1.321951	3.693589	0.7566095	2.579863
21372	-4321.008	-4869.615	548.6073	1.148167	3.497672	0.7566095	2.884293
21378	-4317.976	-4866.786	548.8098	1.137547	3.497672	0.7566095	2.767686
21384	-4321.605	-4870.837	549.2327	1.266167	4.281634	0.7019649	2.298162
21390	-4342.982	-4892.376	549.3942	1.470472	3.129101	1.14795	2.018819
21396	-4331.532	-4880.955	549.4226	1.454647	3.098811	1.14795	2.018819
21402	-4320.782	-4870.62	549.8381	1.45596	3.744489	0.8678805	1.757119
21408	-4315.05	-4864.746	549.6959	1.551677	3.574912	0.9689881	1.757119
21414	-4310.533	-4859.251	548.7178	1.401342	3.574912	0.9823315	2.48857
21420	-4313.75	-4861.894	548.1436	1.27073	3.574912	0.9823315	2.921105
21426	-4332.03	-4879.943	547.9133	1.27073	3.574912	1.251521	2.910156
21432	-4328.485	-4876.855	548.3692	1.254658	3.114173	1.251521	2.752071
21438	-4324.275	-4872.991	548.7158	1.272896	3.491333	1.037117	2.555412
21444	-4333.051	-4881.604	548.5533	1.312211	2.828904	1.520874	2.548697
21450	-4317.989	-4867.261	549.2718	1.463636	3.827765	0.8693799	2.11322
21456	-4320.615	-4869.976	549.3605	1.471306	3.827765	1.012815	1.949613
21462	-4320.097	-4869.025	548.9282	1.384837	3.827765	1.021621	2.283689
21468	-4321.546	-4870.701	549.1548	1.501932	3.827765	0.984859	2.084586
21474	-4334.754	-4883.586	548.8326	1.227641	3.825983	0.8347902	2.5681
21480	-4339.336	-4888.363	549.0266	1.270881	3.559864	0.8347902	2.479773
21486	-4316.313	-4865.093	548.7804	1.21266	4.229054	0.9085314	2.474814
21492	-4317.754	-4867.811	550.057	1.496397	3.222238	0.7289828	1.827884
21498	-4320.704	-4870.231	549.5267	1.455058	3.607958	0.7781502	2.07228
21504	-4332.616	-4881.972	549.3561	1.394964	3.57042	0.9559171	2.102728
21510	-4330.197	-4879.815	549.6186	1.459526	3.329949	0.9559171	1.946189
21516	-4329.756	-4878.973	549.2168	1.467605	4.217054	0.9559171	1.999415
21522	-4324.662	-4873.999	549.3369	1.347497	4.217054	0.9559171	1.999415
21528	-4316.289	-4864.931	548.6419	1.358094	3.57357	0.9559171	2.579983
21534	-4329.604	-4878.202	548.5982	1.263439	3.57357	0.9559171	2.665426
21540	-4335.545	-4885.11	549.5651	1.403971	3.068606	0.9961777	2.061797
21546	-4334.378	-4883.99	549.6124	1.407254	3.068606	0.9466984	2.061797
21552	-4312.798	-4862.673	549.8748	1.429488	3.068606	0.881151	1.918529
21558	-4327.299	-4877.01	549.7107	1.492855	3.099148	0.9522548	1.926723
21564	-4326.346	-4874.838	548.4925	1.214753	4.012091	0.8125059	2.761984
21570	-4317.981	-4867.343	549.3619	1.414554	3.409176	0.8125059	2.227991
21576	-4327.607	-4877.004	549.3964	1.565829	3.409176	0.8125059	2.10728
21582	-4330.756	-4880.015	549.2584	1.450061	3.922369	0.9140083	2.077515
21588	-4328.916	-4878.298	549.3816	1.393372	4.038353	0.8190547	2.077515
21594	-4317.752	-4867.329	549.5771	1.467187	3.157392	0.8682421	2.077036
21600	-4329.523	-4878.703	549.1796	1.556009	4.14381	0.8235929	2.077036
21606	-4315.825	-4865.079	549.2546	1.488522	3.461434	1.00985	2.098849
21612	-4329.38	-4877.623	548.2431	1.349106	3.69756	1.189027	2.667017
21618	-4327.233	-4876.359	549.1261	1.306722	2.73558	1.189027	2.385128
21624	-4328.027	-4877.052	549.025	1.443427	3.356452	0.9365492	2.350302
21630	-4342.427	-4891.374	548.9463	1.384879	3.28147	1.167472	2.314504
21636	-4357.818	-4907.021	549.2023	1.323318	3.538373	1.167472	2.125395
21642	-4357.025	-4906.111	549.0852	1.358913	3.043633	0.9280075	2.451082
21648	-4340.952	-4889.465	548.5136	1.300025	3.348354	1.261387	2.572428
21654	-4330.22	-4878.439	548.2191	1.267253	3.492757	1.257678	2.741939
21660	-4327.774	-4876.489	548.7154	1.316709	3.333697	1.127897	2.51266
21666	-4323.793	-4872.813	549.0206	1.257587	3.007326	1.008897	2.51266
21672	-4306.142	-4855.617	549.4745	1.44205	3.568671	0.7034756	2.185268
21678	-4323.155	-4872.618	549.4635	1.428431	2.812773	0.7034756	2.397169
21684	-4328.191	-4876.617	548.426	1.340662	3.298157	1.167307	2.663811
21690	-4343.737	-4892.462	548.7242	1.369303	2.867918	1.345957	2.478695
21696	-4339.234	-4888.075	548.8408	1.429707	3.101185	1.345957	2.303801
21702	-4349.046	-4898.387	549.3408	1.418411	2.927145	1.071969	2.190004
21708	-4336.254	-4885.297	549.0423	1.365609	2.989223	0.9855654	2.45086
21714	-4344.925	-4893.378	548.4531	1.339166	3.443795	0.9209504	2.760194
21720	-4325.19	-4874.095	548.9055	1.331241	3.443795	0.8983825	2.500716
21726	-4322.981	-4872.318	549.337	1.361102	3.466661	0.8983825	2.20211
21732	-4323.467	-4872.76	549.2933	1.43089	3.538692	0.8098266	2.232223
21738	-4328.225	-4877.101	548.8759	1.253537	3.538692	1.121073	2.40653
21744	-4327.502	-4875.934	548.4321	1.261569	3.466904	1.174495	2.664768
21750	-4330.105	-4879.259	549.1535	1.275346	3.21669	0.7998539	2.505745
21756	-4310.31	-4859.118	548.808	1.230582	3.103575	0.7998539	2.774906
21762	-4322.155	-4871.154	548.9997	1.247176	3.453242	1.020693	2.412873
21768	-4321.016	-4869.872	548.8564	1.344359	3.453242	1.220571	2.325628
21774	-4319.482	-4867.951	548.4687	1.245677	3.292114	1.220571	2.668788
21780	-4331.721	-4880.149	548.4283	1.120514	3.62396	0.8185752	2.936111
21786	-4323.05	-4871.611	548.5602	1.313681	3.62396	1.097577	2.560484
21792	-4309.862	-4857.718	547.8558	1.258959	3.257119	1.365466	2.969198
21798	-4310.101	-4858.536	548.435	1.369547	3.28898	1.179253	2.636207
21804	-4346.533	-4895.641	549.1082	1.287514	2.941494	1.292339	2.294697
21810	-4333.621	-4882.633	549.0124	1.206834	2.941494	0.8275598	2.686499
21816	-4336.155	-4885.448	549.2929	1.232369	3.602711	0.8275598	2.331247
21822	-4310.627	-4859.493	548.8656	1.221403	3.91215	0.8275598	2.538047
21828	-4311.168	-4860.361	549.1926	1.297265	2.783661	0.8275598	2.562319
21834	-4325.753	-4874.684	548.9306	1.221702	2.783661	0.9960931	2.659244
21840	-4349.352	-4899.539	550.1874	1.606592	3.27487	0.9773992	1.436043
21846	-4338.533	-4888.695	550.1621	1.558845	2.581149	1.034473	1.670553
21852	-4353.316	-4903.331	550.0154	1.646555	3.204838	0.9550763	1.573124
21858	-4342.009	-4892.239	550.2304	1.697427	3.204838	0.9550763	1.371661
21864	-4349.096	-4898.748	549.6515	1.69774	3.459385	1.024094	1.676894
21870	-4356.794	-4906.963	550.1693	1.613329	3.459385	0.9626036	1.401352
21876	-4344.751	-4894.587	549.8364	1.52497	3.384912	0.8947266	1.782341
21882	-4353.399	-4903.288	549.8889	1.509019	3.384912	0.8947266	1.756882
21888	-4334.717	-4884.707	549.9898	1.610585	3.384912	0.8947266	1.612912
21894	-4318.168	-4868.167	549.9988	1.57546	3.384912	0.8947266	1.631738
21900	-4334.888	-4885.099	550.2109	1.597753	3.384912	0.6622033	1.665377
21906	-4334.378	-4884.833	550.4545	1.593921	2.591574	0.7493064	1.65613
21912	-4321.088	-4871.109	550.0215	1.659887	3.282277	1.113298	1.419206
21918	-4330.91	-4880.988	550.078	1.589748	2.907725	1.018273	1.613009
21924	-4343.312	-4893.398	550.0864	1.581343	2.907725	1.018273	1.613009
21930	-4351.226	-4900.514	549.2876	1.34837	3.415584	0.9018284	2.25232
21936	-4356.452	-4905.398	548.9456	1.268713	3.162784	0.9018284	2.581184
21942	-4311.944	-4861.01	549.0659	1.397995	3.162784	0.8840898	2.437349
21948	-4298.538	-4848.207	549.6686	1.459161	3.162784	0.8840898	2.008735
21954	-4312.835	-4862.299	549.465	1.439153	3.162784	0.9290891	2.124304
21960	-4318.271	-4867.547	549.2761	1.365601	2.510193	1.152679	2.340798
21966	-4329.206	-4878.28	549.0739	1.355924	3.087421	1.004676	2.398966
21972	-4308.791	-4858.024	549.2331	1.395379	3.260604	1.004676	2.227364
21978	-4321.041	-4870.56	549.5193	1.409206	3.260604	1.004676	2.031318
21984	-4326.855	-4876.115	549.2604	1.416664	3.260604	1.004676	2.195961
21990	-4324.561	-4873.456	548.895	1.324624	3.260604	0.9319676	2.533413
21996	-4322.795	-4871.509	548.7141	1.298839	3.260604	1.144123	2.533413
22002	-4351.258	-4899.41	548.1519	1.321025	3.260604	1.144123	2.864888
22008	-4352.645	-4901.551	548.9064	1.338314	2.964011	0.9572916	2.577499
22014	-4334.008	-4883.235	549.2276	1.461754	2.964011	1.129917	2.190032
22020	-4333.76	-4882.941	549.1808	1.382177	2.966159	0.870064	2.436424
22026	-4326.894	-4876.542	549.6478	1.484567	2.966159	0.870064	2.070328
22032	-4322.493	-4872.591	550.0987	1.507521	2.536804	0.870064	1.884245
22038	-4346.852	-4896.426	549.5746	1.41222	3.055165	1.168539	1.945336
22044	-4344.873	-4894.232	549.3591	1.339678	3.055165	0.863164	2.33155
22050	-4346.482	-4894.761	548.2791	1.238664	3.070973	1.202828	2.852966
22056	-4345.42	-4893.951	548.5313	1.202444	2.511604	1.12368	2.91774
22062	-4323.8	-4872.856	549.0566	1.233948	3.682196	0.897932	2.411889
22068	-4329.108	-4877.29	548.1829	1.187782	3.56749	0.897932	3.002183
22074	-4341.425	-4889.946	548.5211	1.187782	2.742148	0.897932	3.002183
22080	-4327.076	-4876.12	549.0442	1.284238	2.972817	0.897932	2.562206
22086	-4315.715	-4864.427	548.7122	1.287949	2.972817	0.8053046	2.827899
22092	-4321.428	-4870.303	548.875	1.245503	2.972817	0.7075288	2.827899
22098	-4317.62	-4866.132	548.512	1.239603	2.632379	1.204903	2.827899
22104	-4334.391	-4882.771	548.3802	1.239603	3.370951	0.8686994	2.916308
22110	-4348.638	-4897.387	548.7496	1.290028	3.100983	0.7465854	2.814183
22116	-4329.07	-4878.579	549.5091	1.346535	3.820506	0.7465854	2.130444
22122	-4336.915	-4886.596	549.6811	1.334503	3.310995	0.8332259	2.081491
22128	-4322.564	-4872.443	549.879	1.496533	2.90258	0.8332259	1.954478
22134	-4309.666	-4859.39	549.7239	1.399684	2.801841	0.8374803	2.147367
22140	-4328.149	-4877.55	549.4017	1.435745	3.239108	1.016338	2.089447
22146	-4336.618	-4885.718	549.1007	1.254794	3.239108	0.9479844	2.443251
22152	-4337.05	-4886.184	549.1336	1.358196	3.239108	0.9479844	2.357167
22158	-4336.732	-4886.292	549.5601	1.39314	3.020029	0.9479844	2.117938
22164	-4327.267	-4876.693	549.4268	1.450269	3.485361	0.8472334	2.117938
22170	-4304.043	-4853.498	549.455	1.406997	3.485361	0.8793939	2.104322
22176	-4326.959	-4875.926	548.9674	1.24749	3.641567	0.7981729	2.539245
22182	-4323.809	-4872.821	549.0122	1.261918	3.641567	0.9125842	2.421573
22188	-4314.745	-4864.136	549.3909	1.41819	2.910683	0.9125842	2.265962
22194	-4321.398	-4870.717	549.3187	1.408629	2.870865	0.9125842	2.329346
22200	-4329.789	-4879.165	549.3754	1.447094	2.583115	0.9125842	2.352775
22206	-4359.55	-4908.1	548.5495	1.270574	2.583115	0.9264544	2.961691
22212	-4348.836	-4897.574	548.7389	1.276936	3.595368	0.7853893	2.682149
22218	-4316.454	-4865.067	548.6126	1.403263	3.595368	0.7853893	2.682149
22224	-4317.189	-4865.249	548.0595	1.244217	4.277733	0.8293516	2.942122
22230	-4328.91	-4877.652	548.7419	1.204358	4.277733	0.6318376	2.703595
22236	-4321.932	-4870.792	548.8596	1.23499	3.280726	0.7782371	2.712651
22242	-4319.341	-4868.026	548.6851	1.148462	3.280726	1.018288	2.712651
22248	-4317.995	-4866.908	548.9127	1.273491	3.081547	1.018288	2.544747
22254	-4317.189	-4866.183	548.9936	1.31443	3.081547	0.9002861	2.544747
22260	-4315.675	-4864.291	548.6165	1.245889	3.266173	0.901864	2.772016
22266	-4306.597	-4855.627	549.03	1.29947	3.266173	0.901864	2.483492
22272	-4326.415	-4875.339	548.9246	1.334758	3.066701	0.901864	2.57781
22278	-4313.924	-4863.41	549.4857	1.334758	3.222651	0.9517791	2.147607
22284	-4303.14	-4853.055	549.9145	1.482989	3.222651	0.7773796	1.893537
22290	-4321.309	-4870.671	549.3622	1.32567	3.222651	0.9866118	2.210539
22296	-4338.216	-4887.04	548.8243	1.317376	3.222651	1.094255	2.491084
22302	-4348.941	-4898.158	549.2166	1.31518	3.491153	0.9050007	2.298528
22308	-4319.396	-4867.854	548.4583	1.186359	3.491153	0.8618927	2.878203
22314	-4311.417	-4860.192	548.7754	1.303813	3.491153	0.8618927	2.612458
22320	-4331.173	-4880.34	549.1675	1.18496	4.069872	0.8618927	2.312828
22326	-4340.938	-4889.871	548.9332	1.204069	4.069872	0.7212211	2.553765
22332	-4362.297	-4910.975	548.6775	1.220005	4.555076	0.7263368	2.603086
22338	-4381.653	-4930.473	548.8201	1.199989	4.720719	0.8871903	2.377124
22344	-4366.195	-4914.911	548.7154	1.150208	4.904784	0.6380424	2.631728
22350	-4332.41	-4880.325	547.9142	1.115562	4.460664	0.7970926	3.094505
22356	-4343.546	-4891.967	548.4211	1.128439	4.711487	0.7330791	2.782851
22362	-4353.577	-4902.637	549.0597	1.318337	4.450664	0.7330791	2.316116
22368	-4335.323	-4884.08	548.757	1.344917	4.450664	0.974863	2.318075
22374	-4340.267	-4889.451	549.1839	1.381833	3.983484	0.8597766	2.195884
22380	-4348.127	-4896.927	548.8002	1.338693	3.807113	0.7567707	2.580772
22386	-4328.732	-4877.49	548.7574	1.261753	3.807113	0.8559441	2.582764
22392	-4331.28	-4880.073	548.7931	1.283832	3.807113	0.8559441	2.546921
22398	-4350.047	-4899.218	549.1708	1.309135	3.07131	0.8546935	2.471465
22404	-4317.102	-4866.637	549.535	1.321501	3.069663	0.9370563	2.174852
22410	-4307.036	-4855.994	548.9587	1.282864	3.194582	0.9370563	2.532883
22416	-4306.346	-4855.543	549.1969	1.376731	3.128058	0.9370563	2.341062
22422	-4333.179	-4882.369	549.1891	1.373475	3.654778	0.7669892	2.341062
22428	-4333.011	-4881.906	548.8956	1.332114	3.654778	0.9491605	2.423495
22434	-4316.711	-4865.022	548.3105	1.224847	3.654778	0.9491605	2.850847
22440	-4313.299	-4861.348	548.0488	1.134685	3.542429	0.9491605	3.087245
22446	-4314.759	-4864.145	549.3866	1.379964	2.880729	1.076513	2.195527
22452	-4335.66	-4884.812	549.1518	1.301798	3.8427	0.880721	2.284185
22458	-4335.101	-4884.263	549.1624	1.301798	3.8427	0.8336834	2.311113
22464	-4344.901	-4894.067	549.1661	1.346502	3.8427	0.7922124	2.311113
22470	-4344.244	-4893.566	549.3224	1.395908	3.817191	1.025964	2.019248
22476	-4319.772	-4869.039	549.2667	1.410893	3.934969	1.025964	2.019248
22482	-4319.745	-4868.027	548.2815	1.249641	3.527688	1.025964	2.834722
22488	-4333.941	-4882.371	548.4302	1.249763	3.866917	0.7765	2.834722
22494	-4335.671	-4884.08	548.409	1.227799	3.513465	0.962932	2.812187
22500	-4322.211	-4870.592	548.381	1.3431	3.105065	1.036084	2.812187
22506	-4322.457	-4871.315	548.858	1.35673	3.511133	0.768722	2.591105
22512	-4311.464	-4860.578	549.1146	1.265456	3.340206	0.9943035	2.372722
22518	-4320.433	-4868.739	548.3063	1.366065	4.855748	0.9180759	2.549789
22524	-4320.126	-4868.805	548.6793	1.413801	3.580147	1.181691	2.385327
22530	-4326.271	-4874.507	548.236	1.31808	4.518232	1.181691	2.526811
22536	-4321.092	-4870.114	549.0223	1.568646	3.740947	0.9892084	2.144819
22542	-4332.256	-4880.903	548.6475	1.272279	3.494225	1.080086	2.571961
22548	-4323.111	-4871.379	548.2687	1.146651	3.334244	1.063487	2.927395
22554	-4338.91	-4887.065	548.1553	1.354608	3.334244	1.063487	2.870291
22560	-4329.849	-4878.734	548.8853	1.234605	3.334244	0.6027723	2.825504
22566	-4321.611	-4870.696	549.085	1.313819	2.974312	0.807236	2.581517
22572	-4331.733	-4881.045	549.3119	1.319872	3.719574	0.7944177	2.260925
22578	-4320.913	-4870.162	549.2489	1.319872	3.814937	0.983093	2.146291
22584	-4323.762	-4872.546	548.7844	1.321603	3.75921	0.983093	2.454566
22590	-4329.723	-4877.631	547.9079	1.339336	3.75921	0.983093	2.981122
22596	-4318.46	-4866.373	547.9134	1.111854	3.69723	1.032328	3.097896
22602	-4325.899	-4874.647	548.7475	1.30548	3.69723	1.032328	2.470989
22608	-4323.046	-4871.592	548.5466	1.230717	3.69723	1.032328	2.642331
22614	-4328.153	-4876.806	548.6525	1.319065	3.139482	1.133198	2.595582
22620	-4319.328	-4868.05	548.722	1.307386	3.324165	1.011706	2.585429
22626	-4301.91	-4850.728	548.8172	1.306135	2.97202	1.296527	2.45671
22632	-4319.459	-4868.534	549.0752	1.356497	2.97202	1.138222	2.348228
22638	-4329.196	-4877.979	548.783	1.243081	3.33079	1.074033	2.548381
22644	-4316.874	-4866.076	549.2021	1.337632	3.111842	1.074033	2.2798
22650	-4310.716	-4858.858	548.1428	1.400029	3.650748	1.228901	2.686513
22656	-4304.381	-4852.594	548.2122	1.26668	3.211038	1.5236	2.686513
22662	-4311.244	-4858.337	547.0928	1.251951	3.251293	1.182005	3.516398
22668	-4336.472	-4884.134	547.6626	1.196945	2.787203	0.9995835	3.430403
22674	-4331.604	-4878.868	547.2647	1.200851	3.778873	0.9995835	3.430403
22680	-4321.418	-4869.099	547.6805	1.243748	3.846396	1.04391	3.119989
22686	-4323.06	-4870.469	547.4081	1.164666	3.170935	1.202429	3.391534
22692	-4327.98	-4877.06	549.0794	1.454928	3.14846	1.202429	2.198598
22698	-4329.933	-4878.981	549.0474	1.486858	3.14846	1.202429	2.198598
22704	-4330.873	-4879.554	548.6814	1.348384	3.525649	1.202429	2.426601
22710	-4312.839	-4861.184	548.345	1.360993	3.525649	1.090358	2.690745
22716	-4313.086	-4861.535	548.4485	1.252194	2.978205	0.922428	2.928617
22722	-4313.674	-4862.157	548.4833	1.417981	3.447126	0.922428	2.691724
22728	-4333.67	-4881.873	548.2028	1.263335	2.951073	0.922428	3.076287
22734	-4309.538	-4858.241	548.7035	1.293217	3.173693	1.009299	2.6442
22740	-4303.765	-4852.595	548.8292	1.304147	2.993079	1.009299	2.60615
22746	-4320.026	-4868.439	548.4132	1.274038	2.993079	1.117196	2.816455
22752	-4316.065	-4864.882	548.8169	1.415023	2.993079	1.117196	2.480633
22758	-4304.935	-4854.162	549.2272	1.336068	2.993079	0.9728795	2.359936
22764	-4310.964	-4860.238	549.2741	1.359004	3.285783	0.9728795	2.238639
22770	-4316.042	-4864.799	548.7572	1.360387	3.727337	0.9728795	2.46095
22776	-4336.346	-4885.398	549.0519	1.148258	2.930209	1.009951	2.581095
22782	-4334.657	-4883.067	548.4106	1.175832	3.504497	1.285877	2.663414
22788	-4347.667	-4896.496	548.8289	1.173171	3.504754	0.8524786	2.663414
22794	-4350.156	-4898.707	548.5507	1.469576	3.452248	1.290756	2.40286
22800	-4358.688	-4907.615	548.9269	1.431228	3.452248	0.9275102	2.40286
22806	-4317.956	-4866.857	548.9007	1.45283	2.529591	1.413977	2.380061
22812	-4314.201	-4862.977	548.7759	1.241544	2.524757	1.099861	2.754966
22818	-4318.51	-4867.595	549.0847	1.316383	2.524757	1.099861	2.518208
22824	-4310.244	-4859.48	549.2357	1.387442	2.683711	1.099861	2.330615
22830	-4313.13	-4861.52	548.3895	1.288183	2.683711	1.099861	2.915299
22836	-4319.21	-4867.884	548.6743	1.33014	2.792842	0.9181941	2.796536
22842	-4304.841	-4854.041	549.2002	1.41069	2.951409	1.086978	2.269715
22848	-4328.445	-4878.138	549.6932	1.416231	2.951409	0.8464524	2.107001
22854	-4345.985	-4895.403	549.4177	1.400658	3.817421	0.8080868	2.107001
22860	-4328.978	-4878.196	549.2175	1.400658	2.825384	0.9903884	2.360147
22866	-4337.554	-4886.817	549.2636	1.408547	3.430011	1.010988	2.152284
22872	-4339.705	-4889.531	549.8259	1.506557	3.646656	1.010988	1.648486
22878	-4333.7	-4883.434	549.7336	1.47443	3.646656	0.7601699	1.926541
22884	-4340.185	-4889.765	549.5808	1.441966	3.040578	1.119308	1.955184
22890	-4308.446	-4857.754	549.3084	1.467218	3.242298	1.119308	2.064722
22896	-4316.88	-4865.643	548.7633	1.383669	2.624507	1.215861	2.581809
22902	-4318.641	-4867.657	549.0158	1.303029	2.624507	1.011474	2.592326
22908	-4335.973	-4884.915	548.9419	1.320367	2.876818	1.33677	2.374584
22914	-4346.306	-4895.096	548.7897	1.435253	3.257588	1.33677	2.297119
22920	-4345.171	-4894.137	548.9664	1.361223	2.467389	1.258807	2.494003
22926	-4348.011	-4896.722	548.7112	1.405557	3.222094	1.258807	2.415406
22932	-4341.14	-4890.261	549.1207	1.324084	3.495795	0.7342728	2.477902
22938	-4336.785	-4885.936	549.1506	1.259865	3.495795	0.7342728	2.49942
22944	-4323.473	-4871.93	548.4574	1.276039	2.82087	0.8774828	2.97949
22950	-4333.927	-4882.502	548.5754	1.13601	3.182002	1.020012	2.810321
22956	-4315.212	-4863.924	548.7123	1.298636	2.757548	1.020012	2.738679
22962	-4331.83	-4881.266	549.4358	1.368426	2.984401	1.024376	2.174607
22968	-4334.293	-4883.612	549.3193	1.3909	3.737205	1.024376	2.044361
22974	-4338.756	-4887.314	548.5576	1.312105	3.737205	1.024376	2.581206
22980	-4311.007	-4859.935	548.9278	1.324363	3.737205	0.8578363	2.451456
22986	-4304.859	-4853.576	548.7173	1.302705	2.903702	1.133428	2.627149
22992	-4320.283	-4869.162	548.8781	1.378777	3.09982	1.133428	2.427543
22998	-4309.152	-4857.926	548.7736	1.298755	3.112587	1.133428	2.539721
23004	-4319.766	-4868.099	548.3334	1.359799	3.112587	1.133428	2.773348
23010	-4305.794	-4853.635	547.8415	1.095018	3.170905	0.9365324	3.326856
23016	-4330.453	-4879.015	548.5621	1.274218	3.424635	0.9365324	2.727696
23022	-4351.016	-4899.354	548.3378	1.252255	2.911952	1.396388	2.753481
23028	-4361.984	-4910.265	548.2809	1.2437	3.203837	1.324684	2.753481
23034	-4329.653	-4878.339	548.6856	1.142896	3.203837	0.7604736	2.906307
23040	-4327.821	-4876.244	548.4229	1.22547	3.543388	0.8183291	2.894145
23046	-4332.414	-4881.385	548.9716	1.266172	3.543388	0.8183291	2.532744
23052	-4331.16	-4880.218	549.0576	1.209963	3.463912	0.8183291	2.532744
23058	-4338.731	-4886.911	548.18	1.333683	3.859998	0.8183291	2.906898
23064	-4338.487	-4886.974	548.4872	1.167584	3.859998	0.7708324	2.85562
23070	-4338.613	-4886.705	548.0917	1.161533	3.314097	0.9305538	3.109212
23076	-4330.369	-4879.691	549.3223	1.415715	3.182358	0.9305538	2.225988
23082	-4328.176	-4877.225	549.0494	1.336752	3.182358	1.123043	2.330322
23088	-4340.897	-4889.21	548.313	1.093985	3.990387	0.7780275	2.972996
23094	-4346.513	-4895.282	548.7692	1.176644	3.912204	0.7780275	2.661552
23100	-4334.759	-4883.84	549.0807	1.202664	2.765207	0.8881879	2.653171
23106	-4323.575	-4872.668	549.0937	1.268585	2.765207	0.8881879	2.604443
23112	-4347.478	-4895.887	548.4094	1.263184	2.554058	1.091092	2.960288
23118	-4326.992	-4875.163	548.1717	1.195458	3.552232	0.8765411	3.02172
23124	-4325.319	-4873.705	548.3862	1.136366	3.552232	1.007325	2.845523
23130	-4326.918	-4876.019	549.1009	1.170708	3.160919	0.8520332	2.580209
23136	-4321.803	-4870.333	548.5304	1.184728	3.751008	0.8520332	2.784476
23142	-4335.315	-4883.763	548.4473	1.164316	3.751008	0.8520332	2.847393
23148	-4322.175	-4870.559	548.3836	1.170518	3.375672	0.7305918	3.052772
23154	-4348.904	-4896.872	547.9679	1.187242	3.375672	0.9959858	3.113281
23160	-4340.224	-4888.019	547.7949	1.217465	3.350817	0.9959858	3.203841
23166	-4332.834	-4880.587	547.7525	1.065396	3.350817	1.204539	3.203841
23172	-4331.469	-4880.21	548.7406	1.145435	2.912004	0.9310777	2.828176
23178	-4336.596	-4884.933	548.337	1.233452	3.713674	0.9310777	2.828176
23184	-4344.625	-4893.275	548.6496	1.194286	3.805012	0.7541621	2.764636
23190	-4323.766	-4873.164	549.3981	1.378559	3.595278	0.5902883	2.368711
23196	-4328.473	-4877.771	549.2985	1.398416	3.595278	0.5902883	2.419073
23202	-4321.746	-4870.282	548.536	1.220652	3.487696	0.8133413	2.844704
23208	-4320.542	-4868.349	547.807	1.222134	3.319229	1.204147	3.085776
23214	-4318.274	-4867.328	549.0536	1.390625	3.319229	1.045351	2.305139
23220	-4310.772	-4860.145	549.3723	1.331281	4.199031	0.7967618	2.106872
23226	-4311.364	-4860.819	549.4547	1.377165	3.6079	0.8197024	2.138388
23232	-4325.948	-4874.357	548.4085	1.356545	3.387831	1.150922	2.652327
23238	-4327.274	-4876.623	549.3482	1.536536	3.215608	1.150922	1.980254
23244	-4325.358	-4874.341	548.9829	1.391482	3.534685	1.081108	2.275381
23250	-4331.494	-4879.913	548.4187	1.407096	3.587355	1.0073	2.652312
23256	-4336.566	-4885.637	549.0711	1.406694	3.446761	1.0073	2.276069
23262	-4332.276	-4882.161	549.8849	1.567642	3.499634	0.500409	2.045082
23268	-4332.337	-4881.833	549.4966	1.477603	3.499634	0.500409	2.354741
23274	-4324.8	-4874.064	549.264	1.390394	3.480956	0.7207215	2.360101
23280	-4332.626	-4882.095	549.4689	1.390394	3.480956	0.9205135	2.077967
23286	-4338.571	-4887.522	548.9508	1.359997	3.480956	1.061917	2.340444
23292	-4331.111	-4880.67	549.559	1.367944	2.905372	0.7627343	2.30157
23298	-4323.941	-4873.261	549.3198	1.466634	3.242584	0.7627343	2.30157
23304	-4331.095	-4880.035	548.9405	1.296614	4.022495	0.8181379	2.427452
23310	-4339.091	-4887.527	548.4359	1.295681	3.238863	0.8181379	2.914822
23316	-4338.985	-4888.691	549.7056	1.367429	3.238863	0.8181379	2.073928
23322	-4343.042	-4890.934	547.8917	1.19389	3.238863	0.9977884	3.185466
23328	-4335.738	-4883.461	547.7227	1.090759	3.238863	0.9094839	3.399897
23334	-4335.742	-4883.579	547.8371	1.187023	3.209147	0.9094839	3.28304
23340	-4328.457	-4877.628	549.1706	1.314368	3.471448	0.8394762	2.379158
23346	-4337.637	-4886.273	548.6359	1.282062	3.477066	1.10914	2.56028
23352	-4309.195	-4857.123	547.9274	1.187343	3.287213	1.10914	3.093005
23358	-4342.255	-4889.804	547.5497	1.101832	3.425342	1.036202	3.376197
23364	-4323.998	-4872.147	548.1487	1.071547	3.425342	1.036202	3.039317
23370	-4319.674	-4867.637	547.9636	1.228288	3.380742	0.8943512	3.153345
23376	-4313.627	-4862.349	548.7226	1.342931	3.971404	0.8943512	2.492278
23382	-4305.765	-4854.209	548.4447	1.283918	3.437183	1.197899	2.637488
23388	-4312.581	-4861.232	548.6512	1.299751	3.437183	0.9628303	2.637488
23394	-4316.409	-4865.301	548.8918	1.206618	2.984709	1.082475	2.586206
23400	-4312.566	-4860.959	548.3927	1.117737	3.742322	0.9074261	2.873633
23406	-4323.682	-4872.497	548.8147	1.213796	3.742322	0.9074261	2.556074
23412	-4321.582	-4869.786	548.2037	1.371438	3.742322	0.9074261	2.834433
23418	-4339.359	-4887.394	548.0356	1.227098	4.709754	0.9074261	2.834433
23424	-4331.193	-4880.206	549.0136	1.23717	3.22552	0.9648808	2.50135
23430	-4345.802	-4894.908	549.1055	1.30565	2.990969	0.9648808	2.461626
23436	-4333.199	-4882.542	549.343	1.401298	2.990969	1.089131	2.171355
23442	-4322.08	-4870.465	548.385	1.45982	3.323729	1.168679	2.608667
23448	-4324.304	-4872.848	548.5444	1.277781	3.725573	1.031829	2.608667
23454	-4334.111	-4883.057	548.9453	1.380921	3.346652	1.081536	2.351483
23460	-4319.656	-4868.557	548.9009	1.359236	3.506388	1.081536	2.354699
23466	-4309.79	-4858.6	548.81	1.295717	2.963654	1.081536	2.587814
23472	-4314.304	-4863.673	549.369	1.392396	2.870809	0.8354886	2.361891
23478	-4326.371	-4875.713	549.3411	1.392396	3.88048	0.8354886	2.127461
23484	-4324.626	-4872.749	548.1231	1.460713	2.928886	1.572602	2.672824
23490	-4340.132	-4888.515	548.3838	1.389795	3.285275	1.148881	2.672824
23496	-4339.909	-4888.533	548.6239	1.281049	2.516974	1.148881	2.798483
23502	-4327.707	-4875.484	547.7768	1.266724	3.16543	1.265581	3.082561
23508	-4333.881	-4882.278	548.3972	1.37835	3.08013	0.992458	2.813446
23514	-4318.8	-4867.091	548.2914	1.34884	3.075567	1.219245	2.768664
23520	-4330.426	-4879.068	548.6423	1.335773	3.198651	1.166925	2.557804
23526	-4341.534	-4889.184	547.6499	1.238583	3.198651	1.166925	3.217307
23532	-4331.865	-4879.632	547.7675	1.197326	3.287087	1.076774	3.200155
23538	-4324.913	-4872.648	547.7356	1.175999	3.454935	0.9207601	3.285664
23544	-4329.479	-4876.986	547.5071	1.058186	3.108351	0.9207601	3.568694
23550	-4305.349	-4853.211	547.8614	1.198907	2.923142	1.236727	3.147695
23556	-4327.189	-4875.276	548.0869	1.208174	3.036824	1.02862	3.092011
23562	-4318.523	-4867.562	549.0382	1.200198	3.34003	0.8485669	2.558951
23568	-4322.836	-4871.836	548.9993	1.231472	3.117374	0.8485669	2.618915
23574	-4315.499	-4864.809	549.3095	1.36583	3.465935	0.8832184	2.227665
23580	-4324.718	-4873.006	548.288	1.226529	3.465935	0.8832184	2.94823
23586	-4323.048	-4871.704	548.6557	1.325083	3.465935	0.6802712	2.814036
23592	-4324.534	-4873.888	549.3541	1.3716	3.465935	0.9020425	2.181846
23598	-4333.774	-4883.128	549.3535	1.370699	3.713501	0.8219626	2.181846
23604	-4334.733	-4883.878	549.1455	1.424529	3.713501	0.616246	2.448351
23610	-4335.714	-4884.619	548.9054	1.315822	3.784853	0.822591	2.485477
23616	-4324.118	-4873.192	549.0738	1.303783	3.784853	0.822591	2.387073
23622	-4329.031	-4878.488	549.4565	1.342509	2.869013	0.822591	2.347933
23628	-4327.065	-4875.667	548.6028	1.290281	3.129319	1.086681	2.673129
23634	-4326.692	-4875.681	548.9887	1.412927	3.153775	0.8601808	2.495337
23640	-4326.338	-4874.906	548.5674	1.33379	2.701695	1.193192	2.723138
23646	-4309.166	-4858.592	549.4256	1.339782	2.701695	1.002261	2.294591
23652	-4320.737	-4869.614	548.8776	1.381916	3.23669	0.9791591	2.484
23658	-4337.114	-4886.778	549.6638	1.441165	3.031295	0.9791591	1.993388
23664	-4329.245	-4877.98	548.7358	1.349562	3.106546	1.072561	2.568391
23670	-4321.378	-4870.199	548.8205	1.251285	3.106546	1.072561	2.576803
23676	-4311.889	-4860.066	548.1764	1.389982	3.106546	1.277521	2.775832
23682	-4340.519	-4888.862	548.343	1.29435	2.959694	1.277521	2.770237
23688	-4329.629	-4878.408	548.7794	1.379689	3.181247	1.277521	2.389165
23694	-4324.717	-4874.291	549.574	1.440329	3.40096	0.6962476	2.168915
23700	-4316.141	-4865.697	549.5553	1.486257	3.029022	1.036418	1.998346
23706	-4328.35	-4877.773	549.4227	1.458756	2.98815	1.071322	2.093533
23712	-4326.898	-4876.226	549.3285	1.356315	3.556378	0.6811895	2.355582
23718	-4322.22	-4871.205	548.9854	1.279527	3.476161	0.8398954	2.516062
23724	-4327.847	-4876.981	549.1345	1.162316	3.996339	0.8860315	2.346911
23730	-4310.016	-4858.726	548.7099	1.250747	3.584732	0.8860315	2.647675
23736	-4316.204	-4864.785	548.5818	1.227186	3.797008	0.9569805	2.647675
23742	-4319.42	-4868.002	548.5821	1.19674	3.797008	0.8490157	2.737726
23748	-4317.762	-4866.793	549.0308	1.382993	2.818171	1.219156	2.35691
23754	-4324.66	-4874.199	549.5395	1.437499	3.439486	1.219156	1.817418
23760	-4342.818	-4890.543	547.7256	1.396524	2.656131	1.688787	2.979337
23766	-4334.75	-4882.575	547.8251	1.323815	2.5923	1.75402	2.95552
23772	-4329.365	-4877.095	547.7303	1.333616	2.5923	1.981082	2.921958
23778	-4312.928	-4861.455	548.5274	1.368208	2.5923	1.207894	2.750205
23784	-4345.172	-4894.231	549.059	1.384219	2.5923	0.9848444	2.541131
23790	-4342.403	-4891.167	548.7641	1.381625	3.4082	1.051237	2.468534
23796	-4358.784	-4907.732	548.9479	1.222624	3.178403	1.051237	2.509713
23802	-4346.647	-4894.862	548.2153	1.29353	3.178403	1.175522	2.846087
23808	-4336.539	-4884.484	547.945	1.24713	3.178403	1.175522	3.0369
23814	-4332.491	-4880.544	548.0534	1.193798	3.178403	0.8826881	3.175614
23820	-4343.761	-4891.924	548.1632	1.222232	4.250555	0.8826881	2.861836
23826	-4330.43	-4879.48	549.0503	1.330664	2.914628	1.100567	2.417896
23832	-4331.928	-4879.403	547.4756	1.269404	3.731099	1.100567	3.218567
23838	-4348.767	-4896.705	547.9376	1.255465	3.308468	1.303063	2.940049
23844	-4352.475	-4901.831	549.3556	1.488591	3.33971	1.030097	2.049909
23850	-4365.548	-4915.492	549.9439	1.488591	3.538308	1.030097	1.591376
23856	-4330.228	-4879.394	549.1661	1.461106	3.90707	0.8288832	2.195567
23862	-4333.573	-4882.764	549.1905	1.393433	3.119861	1.11407	2.225215
23868	-4328.642	-4878.196	549.5536	1.447895	3.119861	0.9238112	2.07559
23874	-4320.838	-4868.988	548.1499	1.361182	3.119861	0.9256616	3.004812
23880	-4318.854	-4867.806	548.9516	1.243646	3.023542	0.928439	2.611129
23886	-4319.289	-4868.081	548.7922	1.304846	3.357105	0.6961854	2.755794
23892	-4314.548	-4863.061	548.5126	1.304846	3.063909	0.8508379	2.883512
23898	-4332.701	-4880.512	547.8117	1.128236	2.946412	1.19889	3.23242
23904	-4323.428	-4871.802	548.3742	1.312571	2.946412	1.19889	2.784396
23910	-4329.338	-4877.676	548.338	1.318675	3.074719	1.19889	2.76962
23916	-4319.944	-4868.763	548.8192	1.31985	3.074719	0.893736	2.6555
23922	-4332.805	-4881.585	548.7804	1.388656	2.940027	1.111331	2.537517
23928	-4327.6	-4876.821	549.2214	1.420962	3.252366	1.111331	2.154275
23934	-4332.199	-4881.911	549.7117	1.53652	2.462783	1.248677	1.904203
23940	-4354.939	-4904.269	549.3301	1.495885	2.462783	1.248677	2.183837
23946	-4337.348	-4884.851	547.5024	1.216361	3.023963	1.244178	3.320449
23952	-4341.959	-4890.872	548.9126	1.188063	2.733906	0.996499	2.704595
23958	-4341.57	-4890.119	548.5483	1.264425	2.733906	1.057702	2.843632
23964	-4344.923	-4893.517	548.5942	1.269658	2.733906	1.05466	2.814398
23970	-4309.329	-4858.289	548.9603	1.333908	2.813444	0.9726368	2.577967
23976	-4306.557	-4855.603	549.0464	1.330043	3.416879	0.9726368	2.370159
23982	-4308.101	-4856.944	548.8428	1.383513	2.762303	1.184182	2.509899
23988	-4334.997	-4882.473	547.4763	1.298304	3.120872	1.56922	3.114545
23994	-4331.401	-4880.14	548.7388	1.456866	3.120872	1.139124	2.457277
24000	-4340.081	-4888.478	548.3966	1.278595	2.927079	0.7796574	3.053915
24006	-4330.603	-4879.355	548.7524	1.337244	2.493137	1.103425	2.718239
24012	-4323.94	-4872.589	548.6494	1.184445	3.370375	0.9739303	2.718239
24018	-4339.361	-4888.111	548.751	1.280671	2.889471	0.9739303	2.718239
24024	-4335.753	-4884.375	548.6224	1.21079	2.889471	0.9739303	2.839231
24030	-4322.072	-4871.679	549.607	1.34259	2.961625	0.64969	2.364835
24036	-4327.911	-4877.235	549.3239	1.314033	3.762885	0.64969	2.364835
24042	-4323.148	-4872.115	548.9676	1.325498	3.222892	0.688117	2.674557
24048	-4340.36	-4889.357	548.9963	1.331278	3.222892	0.7858896	2.577541
24054	-4345.037	-4894.083	549.0461	1.308828	3.378475	0.7858896	2.522483
24060	-4336.762	-4884.882	548.1199	1.11752	3.248447	0.9474986	3.123486
24066	-4359.24	-4907.197	547.9568	1.150878	3.248447	1.133932	3.092839
24072	-4310.69	-4859.74	549.0493	1.464291	2.592761	1.133932	2.407321
24078	-4318.699	-4867.716	549.017	1.317759	3.040797	1.116984	2.403443
24084	-4342.151	-4891.373	549.2219	1.357259	2.325381	1.024513	2.514707
24090	-4340.364	-4889.624	549.2593	1.319871	2.325381	1.024513	2.514707
24096	-4331.15	-4880.464	549.3132	1.360428	2.325381	0.9316453	2.514707
24102	-4327.694	-4876.886	549.1918	1.374398	2.633515	0.8400545	2.549072
24108	-4338.164	-4887.704	549.5395	1.490148	2.633515	0.8400545	2.256353
24114	-4318.111	-4867.486	549.3755	1.341214	3.270318	0.8739459	2.256353
24120	-4329.234	-4878.549	549.315	1.446948	2.689089	0.7133072	2.506238
24126	-4320.538	-4869.66	549.1222	1.404645	3.78462	1.066827	2.126899
24132	-4331.846	-4880.491	548.6452	1.489956	4.044262	1.095618	2.304892
24138	-4340.798	-4889.815	549.0169	1.459213	3.35915	1.095618	2.244137
24144	-4320.159	-4869.328	549.1689	1.392889	3.143862	1.095618	2.244137
24150	-4315.949	-4865.156	549.2067	1.337206	3.21625	0.8683209	2.384247
24156	-4319.549	-4868.631	549.0812	1.337206	3.798565	0.8683209	2.325246
24162	-4311.173	-4860.285	549.112	1.318078	3.551413	0.9401809	2.325246
24168	-4321.988	-4871.274	549.2853	1.42135	3.471895	0.9401809	2.166433
24174	-4329.208	-4878.421	549.2127	1.512922	3.659804	0.9401809	2.108708
24180	-4321.935	-4871.268	549.3323	1.393408	3.659804	0.9401809	2.108708
24186	-4338.92	-4887.892	548.9716	1.221881	3.676451	0.7729604	2.563471
24192	-4326.179	-4874.23	548.0513	1.235504	3.676451	0.7168291	3.155588
24198	-4321.47	-4870.39	548.9199	1.339536	3.676451	0.821265	2.486688
24204	-4312.986	-4861.681	548.6946	1.258425	3.74772	0.9756537	2.557421
24210	-4335.97	-4883.934	547.9643	1.268078	3.779311	0.9756537	2.990334
24216	-4338.986	-4885.911	546.9253	1.117852	3.779311	1.099774	3.620125
24222	-4315.387	-4864.611	549.224	1.356973	2.988846	0.9106	2.391124
24228	-4327.25	-4876.227	548.977	1.417523	3.205009	0.9106	2.452141
24234	-4336.902	-4886.116	549.2138	1.269753	3.329744	0.9186112	2.359325
24240	-4342.474	-4890.773	548.2994	1.537999	3.105043	1.531294	2.487643
24246	-4328.87	-4876.725	547.8546	1.258847	2.873735	1.21914	3.13788
24252	-4325.129	-4874.079	548.9493	1.388879	2.878323	1.529102	2.232135
24258	-4338.339	-4887.118	548.7793	1.377149	3.562961	0.8885822	2.529617
24264	-4337.092	-4885.569	548.477	1.215425	2.59123	0.9894073	2.997
24270	-4348.256	-4897.322	549.0658	1.425795	3.194612	1.064517	2.294781
24276	-4335.561	-4884.682	549.121	1.307308	3.207352	1.126753	2.294781
24282	-4321.676	-4870.012	548.3357	1.295818	2.604453	1.150756	2.937522
24288	-4322.459	-4871.283	548.8237	1.294258	2.604453	1.150756	2.641106
24294	-4324.946	-4873.704	548.7576	1.294258	2.458925	1.10737	2.749502
24300	-4311.892	-4860.549	548.6573	1.283991	2.570118	0.9825389	2.857187
24306	-4315.252	-4863.865	548.6122	1.296977	2.621655	0.9443252	2.885552
24312	-4317.337	-4865.493	548.156	1.204271	2.621655	1.056893	3.147082
24318	-4322.078	-4870.225	548.1469	1.222427	2.941794	1.172257	2.991719
24324	-4317.737	-4865.073	547.336	0.9857081	3.330808	0.8715955	3.689098
24330	-4317.869	-4864.706	546.8374	1.014701	3.330808	1.058432	3.848979
24336	-4318.61	-4866.865	548.2546	1.260699	2.930359	1.016639	2.994468
24342	-4321.328	-4870.072	548.7441	1.249141	2.930359	1.210306	2.594352
24348	-4324.545	-4873.954	549.4085	1.430348	2.930359	1.173355	2.076339
24354	-4324.832	-4874.452	549.62	1.389152	3.052051	0.9422504	2.076339
24360	-4332.269	-4881.426	549.1569	1.531843	3.08109	1.273719	2.076339
24366	-4321.976	-4869.978	548.0021	1.331433	3.08109	0.9400774	3.111466
24372	-4316.484	-4865.299	548.8145	1.348645	3.08109	0.9400774	2.608503
24378	-4327.212	-4875.368	548.1563	1.248969	3.247342	1.235457	2.860565
24384	-4360.226	-4909.178	548.9522	1.290971	2.685676	1.208178	2.508275
24390	-4333.943	-4881.716	547.7734	1.178189	3.50342	1.121455	3.133916
24396	-4326.309	-4874.156	547.8472	1.284065	3.50342	1.343208	2.912622
24402	-4312.013	-4859.857	547.8439	1.317064	3.424975	1.343208	2.912622
24408	-4312.728	-4860.821	548.0939	1.203124	3.424975	1.348501	2.827641
24414	-4344.201	-4893.555	549.3534	1.430885	2.947943	1.075112	2.165937
24420	-4330.689	-4879.932	549.2435	1.433795	3.83147	1.017098	2.048945
24426	-4336.179	-4885.679	549.4998	1.315977	3.553925	0.9783864	2.048945
24432	-4327.431	-4876.379	548.9479	1.307291	3.154198	1.114643	2.425341
24438	-4339.697	-4888.821	549.1243	1.202313	3.224797	0.8317992	2.544253
24444	-4350.95	-4899.344	548.3939	1.257666	3.224797	1.080139	2.800952
24450	-4341.581	-4889.099	547.5183	1.136682	2.864088	1.080139	3.484203
24456	-4347.24	-4896.117	548.8771	1.106969	2.706729	1.080139	2.733878
24462	-4321.103	-4870.315	549.2124	1.417954	2.768189	1.189774	2.249291
24468	-4348.937	-4899.098	550.1604	1.466431	2.768189	0.7893261	1.859418
24474	-4336.495	-4886.008	549.5136	1.486025	2.874641	1.22492	1.955734
24480	-4334.422	-4883.703	549.2809	1.462702	2.659061	1.067414	2.280562
24486	-4323.576	-4873.158	549.5823	1.458577	3.78973	0.6938489	2.060079
24492	-4317.315	-4866.104	548.7893	1.306846	3.020075	0.8726535	2.710223
24498	-4316.03	-4864.189	548.1587	1.175413	3.147549	0.8726535	3.138025
24504	-4311.676	-4859.381	547.7054	1.13453	3.147549	1.285148	3.198318
24510	-4318.715	-4866.38	547.666	1.138428	3.147549	1.285148	3.219349
24516	-4334.986	-4882.61	547.6249	1.138428	3.147549	1.100266	3.339145
24522	-4326.36	-4874.946	548.5864	1.278622	3.156082	0.9254872	2.781973
24528	-4322.203	-4869.531	547.3275	1.149073	3.704557	1.000721	3.438716
24534	-4308.827	-4857.159	548.3321	1.1932	2.926889	1.000721	2.998861
24540	-4325.318	-4874.444	549.1258	1.355053	2.926889	1.205306	2.291324
24546	-4318.271	-4866.847	548.5758	1.24307	3.006536	1.205306	2.684411
24552	-4313.406	-4862.886	549.4797	1.40786	3.24022	0.8696877	2.156696
24558	-4308.808	-4858.334	549.5262	1.361361	3.24022	0.8696877	2.156696
24564	-4307.659	-4856.735	549.0764	1.288057	3.24022	0.8696877	2.490126
24570	-4322.185	-4870.857	548.6718	1.366053	3.092896	1.273896	2.490126
24576	-4334.058	-4881.665	547.6073	1.2251	3.092896	1.463414	3.1329
24582	-4328.74	-4876.448	547.7074	1.214936	3.092896	1.119922	3.248007
24588	-4326.776	-4875.284	548.5085	1.31773	3.579756	0.7523887	2.825997
24594	-4311.564	-4860.359	548.7953	1.251442	3.186701	0.6981763	2.825997
24600	-4316.311	-4864.606	548.2948	1.251442	3.541859	1.019764	2.825997
24606	-4323.939	-4872.421	548.4814	1.22448	2.958341	1.09625	2.825997
24612	-4313.074	-4861.32	548.2452	1.269597	3.430753	1.09625	2.825997
24618	-4308.504	-4856.99	548.4863	1.315225	3.430753	1.041727	2.682517
24624	-4316.494	-4865.204	548.7101	1.257709	3.510243	0.8535493	2.682517
24630	-4341.084	-4890.794	549.7098	1.36736	2.992884	0.875714	2.095034
24636	-4336.524	-4885.738	549.214	1.184223	2.992884	0.9847877	2.456472
24642	-4337.704	-4887.358	549.6535	1.324834	2.998092	0.6977518	2.295657
24648	-4333.771	-4883.33	549.559	1.374296	2.998092	0.8111644	2.234821
24654	-4319.588	-4868.854	549.2669	1.414789	2.998092	1.048612	2.234821
24660	-4313.513	-4862.183	548.6695	1.313509	3.798045	0.9985182	2.513271
24666	-4318.243	-4866.926	548.6832	1.224938	3.798045	0.9985182	2.559945
24672	-4351.03	-4898.47	547.4402	1.211666	2.844397	0.9871335	3.544011
24678	-4347.075	-4895.995	548.9207	1.277628	2.844397	1.078593	2.56436
24684	-4343.613	-4892.872	549.2593	1.371967	2.939326	1.037097	2.290539
24690	-4340.449	-4889.36	548.9113	1.222306	2.867785	1.037097	2.622657
24696	-4320.507	-4868.76	548.2526	1.121793	2.867785	0.8267468	3.2153
24702	-4309.983	-4858.812	548.8292	1.215726	2.756005	0.9159001	2.783509
24708	-4322.711	-4870.901	548.1905	1.183754	2.756005	1.251302	2.997142
24714	-4319.067	-4866.92	547.8526	1.280761	3.700575	1.094281	2.997142
24720	-4346.666	-4896.116	549.4497	1.39371	3.358006	1.020714	2.051824
24726	-4340.098	-4888.383	548.2846	1.424489	2.785571	1.042361	2.901159
24732	-4338.355	-4887.796	549.4409	1.33963	3.606994	1.042361	2.017291
24738	-4318.301	-4866.928	548.6265	1.344309	3.606994	1.042361	2.536709
24744	-4321.761	-4870.832	549.0706	1.315288	3.324776	0.9545699	2.398478
24750	-4345.116	-4893.946	548.8292	1.278254	2.822056	1.261663	2.525759
24756	-4306.011	-4854.506	548.4951	1.328836	3.336687	1.261663	2.568738
24762	-4327.316	-4875.879	548.5631	1.347523	2.913236	1.261663	2.622959
24768	-4311.622	-4861.017	549.3946	1.520399	3.163033	0.953345	2.100504
24774	-4329.81	-4879.45	549.6395	1.433243	3.173801	0.9570667	1.990664
24780	-4330.53	-4879.371	548.8408	1.349613	2.971874	1.124452	2.508124
24786	-4322.334	-4871.158	548.8236	1.411294	4.059772	1.228486	2.160809
24792	-4335.584	-4885.183	549.5982	1.408694	2.784799	0.9401161	2.1553
24798	-4331.743	-4880.666	548.9235	1.380573	2.784799	1.098123	2.503625
24804	-4308.859	-4857.312	548.4534	1.398101	2.784799	1.098123	2.782792
24810	-4337.841	-4886.452	548.6109	1.27401	2.851659	0.8942747	2.868794
24816	-4333.423	-4881.472	548.0496	1.303813	2.851659	0.9359135	3.160738
24822	-4328.817	-4876.839	548.0222	1.162596	2.851659	1.119198	3.154077
24828	-4322.294	-4871.627	549.3336	1.386498	3.359732	1.063339	2.105299
24834	-4332.13	-4881.224	549.0938	1.364081	2.65588	0.8298617	2.616896
24840	-4341.135	-4890.157	549.0219	1.415712	3.161782	1.186785	2.266215
24846	-4340.352	-4889.513	549.1608	1.527834	3.428509	0.964878	2.172234
24852	-4350.137	-4898.173	548.0368	1.209078	3.46872	0.964878	3.056748
24858	-4338.45	-4887.078	548.6287	1.167446	3.296575	0.964878	2.764612
24864	-4346.059	-4894.522	548.4634	1.153165	3.721907	0.964878	2.776933
24870	-4354.852	-4903.614	548.7616	1.318251	3.257473	0.8377689	2.684553
24876	-4325.392	-4874.06	548.6682	1.314589	3.289149	1.047763	2.600954
24882	-4335.511	-4884.19	548.6791	1.30377	3.289149	1.047763	2.600954
24888	-4309.538	-4858.834	549.2966	1.30377	3.099648	0.9245778	2.339827
24894	-4328.959	-4877.736	548.7778	1.515902	3.099648	1.18142	2.377168
24900	-4322.272	-4871.439	549.1668	1.496452	3.660537	1.004613	2.106318
24906	-4322.773	-4871.828	549.0555	1.45659	3.885217	0.8850239	2.234079
24912	-4325.573	-4875.112	549.5396	1.533812	3.273619	0.9890291	1.941487
24918	-4315.197	-4864.611	549.4132	1.505601	3.273619	0.9890291	2.044691
24924	-4335.643	-4885.038	549.3949	1.470186	3.273619	0.9890291	2.080131
24930	-4331.429	-4880.712	549.2828	1.458068	3.273619	0.9890291	2.161426
24936	-4325.666	-4875.202	549.5355	1.451742	2.871886	1.149061	2.009358
24942	-4326.66	-4875.457	548.7975	1.461384	3.124148	0.7602323	2.663977
24948	-4315.73	-4864.163	548.4324	1.327753	3.124148	1.010116	2.800986
24954	-4321.81	-4871.017	549.2066	1.48737	3.433977	0.8609366	2.239383
24960	-4333.458	-4882.559	549.1012	1.454836	3.646878	0.9147014	2.239383
24966	-4333.375	-4882.761	549.3853	1.457661	3.646878	0.6740004	2.239383
24972	-4318.829	-4868.126	549.2965	1.431784	2.871814	0.713846	2.475254
24978	-4326.307	-4875.616	549.3094	1.336626	3.558289	0.713846	2.352673
24984	-4318.189	-4867.094	548.9052	1.344204	4.055513	0.969155	2.308455
24990	-4337.312	-4886.38	549.0687	1.253461	2.662171	0.7905384	2.726874
24996	-4326.13	-4874.731	548.6011	1.2681	2.662171	1.040093	2.839811
25002	-4340.652	-4890.052	549.3996	1.474463	3.163399	0.7325399	2.289884
25008	-4345.795	-4895.319	549.5245	1.467665	3.573138	0.7325399	2.11075
25014	-4320.721	-4869.589	548.8679	1.343273	3.573138	0.9842183	2.430063
25020	-4314.71	-4863.74	549.0292	1.188954	3.64594	0.9842183	2.408859
25026	-4329.554	-4878.93	549.3768	1.440284	3.672478	0.8241244	2.129358
25032	-4324.458	-4874.343	549.8848	1.478328	3.213857	0.8241244	1.881806
25038	-4317.822	-4867.63	549.8081	1.404993	3.197062	0.8241244	1.98758
25044	-4319.172	-4868.138	548.9652	1.429716	3.73003	1.011817	2.259493
25050	-4329.594	-4878.762	549.1676	1.482833	5.048447	0.6917765	2.060396
25056	-4325.629	-4875.194	549.5648	1.400859	3.567113	0.7761273	2.094333
25062	-4340.563	-4889.092	548.5294	1.226526	3.567113	0.7761273	2.853945
25068	-4328.23	-4877.36	549.1298	1.336622	3.396266	0.7761273	2.455715
25074	-4329.182	-4877.732	548.5503	1.410221	3.396266	1.307556	2.445302
25080	-4344.398	-4892.971	548.5731	1.369535	3.247715	1.027884	2.647846
25086	-4341.651	-4890.272	548.6211	1.339819	3.247715	1.027884	2.636612
25092	-4346.884	-4894.692	547.8082	1.116253	3.247505	1.084739	3.228934
25098	-4339.449	-4886.881	547.432	1.191004	3.247505	1.076625	3.410881
25104	-4326.922	-4875.174	548.2511	1.168148	3.247505	1.076625	2.93814
25110	-4334.051	-4882.132	548.0807	1.245317	3.505906	1.195091	2.86914
25116	-4341.789	-4889.931	548.1414	1.256442	3.500267	1.195091	2.826825
25122	-4331	-4879.582	548.5821	1.256442	3.321843	0.842589	2.813155
25128	-4330.239	-4878.993	548.7537	1.375244	3.380261	0.842589	2.621304
25134	-4321.844	-4871.115	549.2715	1.375244	2.945393	1.060069	2.264759
25140	-4329.414	-4878.286	548.8726	1.371716	3.316784	1.060069	2.423542
25146	-4324.88	-4873.9	549.0205	1.3875	3.289487	1.060069	2.326649
25152	-4327.59	-4876.917	549.3273	1.442707	3.260468	1.060069	2.100216
25158	-4311.851	-4861.19	549.3393	1.440121	3.260468	1.060069	2.094049
25164	-4316.673	-4865.303	548.6295	1.323435	3.960186	1.060069	2.459367
25170	-4325.514	-4874.525	549.0103	1.40759	3.023104	1.162358	2.329369
25176	-4322.399	-4871.489	549.0895	1.37688	2.933053	1.165228	2.321393
25182	-4332.839	-4882.582	549.7427	1.563866	2.933053	1.165228	1.763992
25188	-4333.688	-4883.692	550.0044	1.539394	2.654927	1.044579	1.763992
25194	-4334.05	-4883.81	549.7601	1.479348	3.857795	0.7898881	1.8296
25200	-4341.373	-4891.479	550.1069	1.684397	3.285022	1.042557	1.384942
25206	-4350.443	-4900.4	549.9573	1.57666	3.456542	0.9959091	1.564305
25212	-4339.332	-4889.085	549.7533	1.523158	3.277473	0.9959091	1.797133
25218	-4335.312	-4885.494	550.1819	1.523137	3.739392	0.9959091	1.355052
25224	-4340.257	-4889.901	549.6445	1.557749	3.739392	1.014878	1.714718
25230	-4341.403	-4891.139	549.736	1.398906	3.433623	1.044039	1.820288
25236	-4338.691	-4888.448	549.7564	1.505598	3.709234	1.299066	1.493452
25242	-4312.25	-4861.727	549.4774	1.390305	3.704978	0.8658737	2.057313
25248	-4330.239	-4879.408	549.1691	1.393019	3.220429	1.004646	2.280328
25254	-4319.928	-4869.063	549.1352	1.369971	3.220429	1.080063	2.270009
25260	-4332.36	-4881.783	549.4231	1.371976	3.301198	1.055644	2.075895
25266	-4312.897	-4861.983	549.0861	1.342172	3.375972	1.055644	2.294875
25272	-4312.384	-4862.361	549.9775	1.559689	3.375972	0.8407316	1.70354
25278	-4327.676	-4877.428	549.7513	1.611587	3.375972	1.004631	1.70354
25284	-4315.849	-4865.702	549.8526	1.456696	3.375972	0.8209995	1.877432
25290	-4324.896	-4874.73	549.834	1.475281	3.375972	0.8209995	1.877432
25296	-4310.817	-4859.671	548.8538	1.367816	3.256068	1.095564	2.431815
25302	-4341.043	-4890.096	549.0524	1.492207	3.108629	1.095564	2.264526
25308	-4332.754	-4881.769	549.015	1.342074	3.433804	0.7581578	2.528812
25314	-4339.084	-4888.335	549.2509	1.350088	2.753154	1.156274	2.291493
25320	-4326.703	-4875.262	548.5593	1.318279	2.753154	0.9384306	2.871472
25326	-4336.539	-4884.827	548.2879	1.43684	2.666442	1.355538	2.758381
25332	-4331.564	-4880.574	549.0102	1.616438	2.666442	1.150417	2.304067
25338	-4326.56	-4876.034	549.474	1.318006	3.835943	0.8815037	2.065349
25344	-4336.352	-4885.994	549.6419	1.528097	3.86908	0.9011726	1.787683
25350	-4320.98	-4870.891	549.9112	1.494345	2.862444	0.6735218	2.077491
25356	-4304.125	-4853.465	549.3397	1.5185	2.862444	0.9970634	2.191494
25362	-4309.926	-4859.35	549.4246	1.433647	2.862444	0.9970634	2.191494
25368	-4325.497	-4874.921	549.4243	1.501133	2.713402	0.9970634	2.191494
25374	-4320.427	-4869.607	549.1796	1.320027	2.69547	1.099689	2.405554
25380	-4323.764	-4872.023	548.2594	1.320027	3.011668	1.015792	2.93548
25386	-4345.544	-4893.752	548.2086	1.242164	2.77849	1.342926	2.899623
25392	-4309.813	-4858.69	548.8771	1.301695	3.082057	0.9007357	2.624439
25398	-4343.45	-4891.452	548.0022	1.205677	4.219697	0.8125672	3.022581
25404	-4344.111	-4891.509	547.3981	1.238627	3.938539	1.522487	3.03439
25410	-4354.699	-4902.602	547.9036	1.24542	3.938539	1.277569	2.840172
25416	-4345.918	-4894.478	548.5596	1.264927	3.389557	1.317032	2.527202
25422	-4325.034	-4874.177	549.1428	1.453277	3.389557	0.9096997	2.278869
25428	-4331.645	-4880.488	548.8429	1.35964	3.784825	0.9096997	2.436319
25434	-4330.817	-4879.271	548.4547	1.248625	3.632656	0.9096997	2.778931
25440	-4339.645	-4888.001	548.3566	1.314114	3.245611	1.089411	2.778931
25446	-4329.229	-4877.825	548.5966	1.276938	3.245611	1.276402	2.552546
25452	-4324.86	-4874.392	549.5324	1.452136	3.92248	0.8455144	1.943961
25458	-4327.138	-4875.874	548.7359	1.300119	3.92248	1.120499	2.379397
25464	-4326.013	-4874.522	548.5092	1.229512	4.100707	0.8821875	2.676304
25470	-4329.472	-4878.062	548.5903	1.20438	3.047381	0.8821875	2.88039
25476	-4323.078	-4871.732	548.6542	1.284298	3.047381	0.8821875	2.793062
25482	-4315.299	-4864.505	549.206	1.277718	3.047381	0.8281843	2.494254
25488	-4323.081	-4871.659	548.5782	1.265653	3.260513	0.8281843	2.8346
25494	-4350.434	-4899.232	548.7976	1.260823	3.126579	0.8281843	2.736844
25500	-4342.959	-4891.798	548.8391	1.295088	3.359049	0.8253976	2.635232
25506	-4342.874	-4891.65	548.7761	1.247241	3.359049	0.8458641	2.689125
25512	-4333.217	-4881.298	548.0805	1.185663	3.359049	0.8834832	3.12124
25518	-4336.328	-4884.359	548.0309	1.193105	3.359049	0.8885795	3.143026
25524	-4322.116	-4871.418	549.3017	1.397094	3.116322	0.8721055	2.308959
25530	-4322.702	-4872.004	549.3017	1.397094	3.116322	0.8721055	2.308959
25536	-4327.674	-4877.047	549.3731	1.397094	3.116322	0.8721055	2.263265
25542	-4316.536	-4865.88	549.3444	1.407566	3.116322	0.8721055	2.275009
25548	-4311.799	-4861.703	549.9042	1.466252	3.116322	0.8721055	1.866875
25554	-4326.138	-4874.798	548.6604	1.336582	2.988451	1.128998	2.621292
25560	-4314.886	-4864.014	549.1283	1.371447	3.320909	0.8628243	2.389804
25566	-4317.555	-4866.945	549.3902	1.335119	3.748242	0.865064	2.141252
25572	-4326.595	-4875.871	549.2758	1.44949	3.748242	0.865064	2.141252
25578	-4318.127	-4866.949	548.8223	1.320962	3.748242	0.865064	2.512138
25584	-4334.657	-4883.605	548.9478	1.340031	3.667057	1.061681	2.31144
25590	-4327.947	-4877.869	549.9221	1.632829	3.13472	0.8682882	1.736881
25596	-4329.856	-4879.838	549.9813	1.526062	3.61542	0.7501605	1.736881
25602	-4328.146	-4878.025	549.8783	1.534047	3.61542	0.8905504	1.688987
25608	-4316.431	-4866.205	549.7732	1.561975	4.143493	0.8905504	1.613484
25614	-4330.291	-4879.978	549.6864	1.383927	3.982094	0.8905504	1.837784
25620	-4320.231	-4869.309	549.0776	1.333051	3.702381	0.8905504	2.336328
25626	-4333.69	-4882.567	548.8778	1.333051	2.956419	0.767282	2.731426
25632	-4334.426	-4883.05	548.6246	1.360272	3.834205	1.142574	2.418243
25638	-4340.005	-4890.02	550.0145	1.576726	3.834205	0.789007	1.587315
25644	-4342.516	-4892.352	549.8352	1.556908	3.315292	0.7916881	1.860513
25650	-4331.895	-4881.704	549.8092	1.460027	3.163596	0.7916881	1.984533
25656	-4327.452	-4877.212	549.7605	1.416695	3.389567	0.7916881	1.986214
25662	-4330.24	-4880.156	549.9166	1.499735	3.389567	0.7916881	1.824103
25668	-4327.657	-4877.404	549.7473	1.499735	3.389567	0.7916881	1.939389
25674	-4319.673	-4869.191	549.5181	1.400134	3.389567	0.8536502	2.110148
25680	-4321.088	-4869.983	548.895	1.447791	3.389567	0.8536502	2.478255
25686	-4334.98	-4883.961	548.9808	1.348745	3.56356	0.7079838	2.554984
25692	-4343.691	-4893.091	549.3999	1.373614	2.975143	0.896859	2.281747
25698	-4336.999	-4886.281	549.2817	1.273408	2.975143	0.896859	2.420498
25704	-4358.568	-4907.156	548.5877	1.251858	2.975143	0.896859	2.862057
25710	-4317.602	-4866.423	548.8212	1.265745	3.086735	0.9407075	2.653705
25716	-4319.868	-4868.856	548.9876	1.265745	2.598769	0.9407075	2.684745
25722	-4326.77	-4874.895	548.1252	1.140624	2.804424	0.8779094	3.262042
25728	-4326.972	-4874.27	547.2981	1.03104	2.804424	0.8779094	3.807749
25734	-4327.554	-4875.328	547.7734	1.132507	2.866773	1.045034	3.356161
25740	-4307.074	-4854.855	547.7809	1.19733	3.131189	0.8667727	3.356161
25746	-4313.795	-4861.981	548.1865	1.19733	3.841582	0.7639286	3.027761
25752	-4326.277	-4875.225	548.9482	1.298189	3.638661	0.7639286	2.545894
25758	-4301.199	-4850.094	548.8946	1.386597	3.457222	0.7639286	2.566103
25764	-4305.918	-4855.091	549.1736	1.417723	3.457222	0.7639286	2.371661
25770	-4318.001	-4867.131	549.1298	1.36827	3.457222	0.7639286	2.430514
25776	-4329.166	-4878.483	549.3166	1.455765	2.943572	0.8190488	2.346826
25782	-4332.127	-4881.879	549.7519	1.525814	2.989189	0.5673244	2.223365
25788	-4325.91	-4875.498	549.5886	1.557381	2.989189	0.5673244	2.307841
25794	-4327.076	-4876.859	549.7835	1.391058	2.989189	0.8057366	2.084384
25800	-4324.558	-4873.447	548.8888	1.414955	3.052626	1.035102	2.468604
25806	-4318.94	-4868.495	549.5551	1.419051	2.652151	0.8339781	2.290739
25812	-4326.806	-4876.146	549.3405	1.319649	3.824706	0.8339781	2.188962
25818	-4322.446	-4871.258	548.8119	1.341245	4.102308	0.8339781	2.452094
25824	-4312.587	-4861.774	549.1868	1.328432	3.836009	0.6201657	2.452094
25830	-4325.095	-4874.285	549.1901	1.333123	3.583262	0.8542293	2.317807
25836	-4329.579	-4878.453	548.874	1.461163	3.583262	0.8542293	2.436879
25842	-4322.639	-4871.345	548.7064	1.344805	3.583262	0.9072204	2.577817
25848	-4323.021	-4871.86	548.8389	1.353743	3.342956	0.9072204	2.546457
25854	-4299.401	-4848.878	549.4768	1.357152	2.793093	0.9002248	2.291851
25860	-4297.988	-4846.971	548.9827	1.374011	4.398099	0.7993601	2.288536
25866	-4305.728	-4855.01	549.2822	1.324794	4.308648	0.7993601	2.145098
25872	-4301.387	-4850.711	549.324	1.501456	3.45363	0.6750783	2.295684
25878	-4302.021	-4851.459	549.4377	1.283423	3.45363	0.6750783	2.362116
25884	-4325.117	-4874.312	549.1946	1.301255	4.090392	0.6750783	2.362116
25890	-4314.676	-4863.039	548.3639	1.30223	4.090392	0.8360221	2.754608
25896	-4287.422	-4835.43	548.0076	1.182408	3.682236	0.8360221	3.126335
25902	-4291.909	-4840.786	548.8772	1.27973	4.092356	0.8360221	2.450328
25908	-4311.095	-4860.226	549.1314	1.23804	3.534439	0.8360221	2.439673
25914	-4327.904	-4875.811	547.9073	1.215649	3.534439	1.090371	3.041924
25920	-4346.149	-4893.902	547.7527	1.216733	3.579718	0.8917478	3.242426
25926	-4331.472	-4879.583	548.1114	1.117616	3.579718	0.9109197	3.075895
25932	-4336.989	-4886.372	549.3831	1.342857	3.579718	0.8816975	2.168538
25938	-4338.031	-4887.065	549.0346	1.320795	3.50798	0.8816975	2.422476
25944	-4321.09	-4869.743	548.6529	1.230237	3.50798	0.8011111	2.771839
25950	-4310.009	-4858.116	548.1073	1.264782	3.50798	0.8043447	3.077788
25956	-4313.607	-4862.487	548.8802	1.327311	3.073419	0.8632406	2.634341
25962	-4305.026	-4853.194	548.1677	1.175042	3.361628	0.8830897	3.075241
25968	-4333.847	-4882.356	548.5086	1.352913	3.361628	1.048465	2.657928
25974	-4356.02	-4904.165	548.1454	1.23114	3.361628	1.048465	2.953054
25980	-4332.243	-4880.541	548.2981	1.231504	3.50894	1.084552	2.805704
25986	-4332.679	-4882.612	549.9327	1.566883	3.097602	1.094103	1.623655
25992	-4334.711	-4883.895	549.1841	1.377605	3.43589	1.290495	2.057823
25998	-4331.088	-4879.853	548.7643	1.370256	3.227809	1.290495	2.386061
26004	-4329.706	-4878.496	548.7907	1.253863	2.811311	1.002372	2.713952
26010	-4324.434	-4872.632	548.1977	1.214942	3.482577	0.9032678	2.992568
26016	-4317.929	-4866.353	548.4233	1.276248	3.130169	0.9524791	2.871769
26022	-4311.221	-4859.748	548.5264	1.274709	3.190984	0.9524791	2.795076
26028	-4314.678	-4863.639	548.9615	1.212627	3.351695	0.9029875	2.558737
26034	-4340.607	-4889.951	549.3441	1.218866	3.351695	0.8529375	2.349125
26040	-4342.718	-4891.744	549.0262	1.331675	3.320021	0.8529375	2.486203
26046	-4329.597	-4878.512	548.9152	1.261275	3.585424	0.8529375	2.536574
26052	-4327.608	-4875.421	547.8136	1.159633	3.270488	0.7488008	3.407312
26058	-4335.311	-4884.286	548.9759	1.205374	3.277175	0.8565555	2.604105
26064	-4333.142	-4881.72	548.5778	1.225761	3.844912	0.8565555	2.70714
26070	-4317.735	-4865.918	548.1834	1.184788	4.200268	0.8565555	2.899595
26076	-4317.18	-4865.695	548.5148	1.165723	3.32085	0.8565555	2.899595
26082	-4333.064	-4880.77	547.7062	1.27912	3.267912	1.43937	3.009992
26088	-4327.52	-4876.925	549.4043	1.305755	2.842318	0.7427432	2.471925
26094	-4332.775	-4881.588	548.8123	1.168074	2.842318	0.7427432	2.920114
26100	-4334.871	-4884.116	549.2447	1.262086	3.411526	0.7427432	2.452398
26106	-4319.801	-4868.814	549.0129	1.231844	4.032251	0.8300079	2.411944
26112	-4321.129	-4869.762	548.6331	1.28596	3.370829	0.9624823	2.673052
26118	-4340.007	-4889.951	549.944	1.477814	2.711525	0.9624823	1.886269
26124	-4340.552	-4890.166	549.6145	1.481336	3.730377	0.9624823	1.827909
26130	-4325.155	-4874.81	549.6548	1.485215	4.009514	0.9624823	1.730041
26136	-4319.397	-4867.378	547.9809	1.437046	4.009514	1.137997	2.735453
26142	-4322.371	-4870.592	548.2216	1.31996	4.58025	0.9088825	2.686804
26148	-4319.212	-4867.084	547.8722	1.107196	4.350829	0.9088825	3.069835
26154	-4335.366	-4883.342	547.9768	1.218743	4.350829	0.9088825	2.94013
26160	-4347.993	-4897.19	549.1966	1.377981	3.560026	0.8354914	2.304041
26166	-4337.32	-4886.569	549.2498	1.399442	4.173514	0.6922707	2.23214
26172	-4349.461	-4898.155	548.6938	1.399442	4.138415	0.9848466	2.380134
26178	-4344.55	-4893.899	549.3494	1.483491	4.138415	0.4008544	2.414767
26184	-4361.711	-4910.875	549.1642	1.386402	3.110985	1.011347	2.311917
26190	-4336.792	-4886.314	549.522	1.435504	3.224349	0.8032474	2.164685
26196	-4333.119	-4882.546	549.4261	1.453004	3.224349	0.8032474	2.215492
26202	-4329.378	-4878.693	549.3148	1.452434	2.467203	0.7872927	2.512238
26208	-4333.631	-4883.06	549.4292	1.436658	2.945119	0.9354713	2.204098
26214	-4326.97	-4876.812	549.8421	1.4262	3.688753	0.5979032	2.020917
26220	-4336.828	-4886.219	549.3914	1.410778	3.25298	1.018737	2.107403
26226	-4322.138	-4870.802	548.6648	1.312045	3.753454	1.018737	2.514448
26232	-4340.337	-4888.889	548.552	1.297211	3.753454	1.018737	2.593764
26238	-4335.013	-4883.486	548.4722	1.384758	3.731771	1.018737	2.593764
26244	-4322.855	-4871.244	548.3892	1.247578	4.349626	1.018737	2.602186
26250	-4326.419	-4874.773	548.3537	1.377236	4.349626	1.004772	2.552324
26256	-4328.436	-4876.908	548.4715	1.263809	4.33581	1.004772	2.552324
26262	-4333.925	-4881.384	547.4585	1.307453	3.411075	1.476103	3.091343
26268	-4336.152	-4884.63	548.4778	1.39388	2.492385	1.476103	2.662735
26274	-4340.689	-4889.073	548.384	1.358609	3.031325	1.067565	2.801198
26280	-4337.767	-4886.892	549.125	1.269362	3.031325	1.067565	2.39753
26286	-4324.168	-4873.195	549.0266	1.37791	3.007236	1.067565	2.39753
26292	-4341.102	-4890.307	549.2057	1.303344	3.545201	1.067565	2.194347
26298	-4345.8	-4894.369	548.5689	1.142752	3.322326	0.817054	2.907707
26304	-4347.206	-4896.2	548.994	1.336305	3.686669	0.817054	2.442985
26310	-4323.742	-4873.304	549.5615	1.36899	3.136464	0.770502	2.230561
26316	-4335.391	-4884.836	549.4445	1.388403	3.136464	0.7925083	2.276326
26322	-4325.654	-4875.028	549.3744	1.396491	3.136464	1.022372	2.156211
26328	-4329.63	-4878.955	549.3252	1.543051	3.642099	1.022372	1.963177
26334	-4339.62	-4888.877	549.2569	1.397922	3.642099	1.128564	2.038367
26340	-4329.032	-4878.54	549.5075	1.31447	3.10927	0.9976131	2.146267
26346	-4316.948	-4866.065	549.1167	1.40413	3.10927	0.9976131	2.340022
26352	-4308.764	-4858.012	549.2484	1.358334	3.4506	0.8799751	2.277794
26358	-4323.938	-4873.071	549.1336	1.319076	3.4506	1.177129	2.188807
26364	-4321.02	-4870.117	549.0971	1.319076	3.4506	0.7689321	2.479716
26370	-4316.744	-4865.518	548.7743	1.319076	3.243957	0.8047789	2.702988
26376	-4320.916	-4869.945	549.0281	1.224286	3.347899	0.7759312	2.600977
26382	-4335.591	-4884.468	548.8769	1.256307	3.347899	0.7759312	2.67448
26388	-4340.503	-4889.73	549.2265	1.262278	3.347899	0.8369168	2.408548
26394	-4346.084	-4894.926	548.8417	1.283887	3.301128	0.8369168	2.646376
26400	-4331.818	-4881.933	550.1143	1.614291	3.151117	0.8369168	1.633759
26406	-4347.853	-4897.797	549.943	1.500143	3.151117	0.8369168	1.834403
26412	-4341.353	-4891.294	549.9412	1.459359	3.193994	0.8369168	1.851657
26418	-4340.734	-4890.594	549.8598	1.477294	3.307045	0.8670601	1.841063
26424	-4310.022	-4859.987	549.9651	1.591383	3.624184	0.8670601	1.601703
26430	-4318.365	-4868.335	549.9701	1.544321	3.373401	0.9960836	1.601703
26436	-4324.739	-4874.833	550.0932	1.534814	2.820018	0.9960836	1.685158
26442	-4328.919	-4878.286	549.3669	1.403083	3.128636	0.9960836	2.175852
26448	-4323.041	-4872.267	549.2259	1.323942	3.867333	0.8940739	2.207336
26454	-4325.366	-4873.745	548.3794	1.300681	3.508651	0.8940739	2.831254
26460	-4327.003	-4875.007	548.0048	1.285222	3.508651	1.090359	2.947473
26466	-4315.151	-4863.633	548.4824	1.445154	3.508651	1.090359	2.557767
26472	-4329.764	-4877.984	548.2192	1.520058	3.36942	1.437451	2.526306
26478	-4323.171	-4872.433	549.2621	1.325146	3.36942	0.7674725	2.392745
26484	-4337.21	-4886.456	549.2462	1.325739	3.59867	0.8197169	2.308212
26490	-4336.03	-4884.956	548.926	1.267257	3.339136	0.9367396	2.527475
26496	-4319.731	-4869.234	549.5037	1.472766	2.871068	1.0302	2.090495
26502	-4328.623	-4877.187	548.564	1.388347	3.3408	1.0302	2.61783
26508	-4354.401	-4901.923	547.5223	1.344336	3.531356	1.369538	3.05279
26514	-4341.873	-4889.933	548.0594	1.176589	3.531356	1.146927	2.9436
26520	-4332.552	-4881.428	548.876	1.303956	2.505937	1.009859	2.714031
26526	-4333.887	-4881.935	548.0486	1.271278	2.793841	1.009859	3.151169
26532	-4331.508	-4880.964	549.4559	1.391928	3.001759	1.009859	2.150757
26538	-4315.391	-4864.873	549.4819	1.315132	2.741536	0.8944363	2.33433
26544	-4312.524	-4861.15	548.6262	1.309156	3.722677	0.8481965	2.658391
26550	-4313.544	-4861.981	548.4377	1.18776	3.260459	0.8481965	2.952858
26556	-4319.425	-4867.508	548.0831	1.256173	4.067705	0.8424961	2.952858
26562	-4325.888	-4872.771	546.8838	1.119987	3.312841	1.204494	3.688779
26568	-4315.625	-4863.786	548.1614	1.200736	3.312841	1.046005	2.97463
26574	-4322.448	-4871.609	549.1611	1.200736	3.24278	0.7332196	2.591382
26580	-4310.826	-4859.663	548.8368	1.333759	3.24278	1.00729	2.520385
26586	-4333.483	-4882.015	548.5315	1.314659	3.513403	1.00729	2.656621
26592	-4337.807	-4886.608	548.8008	1.208881	3.358318	0.9063389	2.656621
26598	-4349.043	-4897.546	548.5029	1.188887	3.740946	1.02705	2.688576
26604	-4316.565	-4864.799	548.2341	1.225328	3.740946	0.786726	2.987152
26610	-4324.396	-4872.635	548.2383	1.217654	3.740946	0.7538301	3.013144
26616	-4339.201	-4887.239	548.0386	1.17777	3.740946	0.9674559	3.013144
26622	-4335.52	-4883.23	547.7103	1.206785	3.733627	0.9674559	3.19308
26628	-4322.29	-4870.554	548.2644	1.308022	3.68547	0.9674559	2.810154
26634	-4303.598	-4852.637	549.0389	1.358398	3.68547	0.9651505	2.298349
26640	-4308.298	-4857.495	549.1965	1.320837	3.68547	0.9651505	2.221271
26646	-4312.385	-4861.056	548.6709	1.313678	3.68547	0.9651505	2.558282
26652	-4311.511	-4860.783	549.2721	1.386186	3.492415	0.8285495	2.271697
26658	-4316.073	-4865.054	548.9803	1.37661	3.120833	0.8285495	2.554012
26664	-4306.233	-4855.841	549.6079	1.404439	3.349392	0.9299509	2.003303
26670	-4322.526	-4871.588	549.0622	1.444669	3.065431	0.913151	2.415757
26676	-4313.848	-4863.006	549.1587	1.271751	2.834966	0.9595083	2.495479
26682	-4320.661	-4869.117	548.457	1.326209	2.834966	1.082838	2.819421
26688	-4324.417	-4873.147	548.7301	1.292901	2.598796	0.9501652	2.819421
26694	-4315.659	-4864.441	548.7822	1.263438	3.168884	1.072078	2.577429
26700	-4329.966	-4878.596	548.63	1.392866	3.168884	1.096369	2.577429
26706	-4300.924	-4849.812	548.8872	1.342805	3.168884	1.096369	2.448082
26712	-4328.707	-4877.699	548.9921	1.363004	3.368794	1.098508	2.317489
26718	-4324.318	-4872.429	548.1114	1.269889	3.279892	1.182188	2.895131
26724	-4310.096	-4857.895	547.7988	1.249624	3.27074	1.189291	3.093423
26730	-4294.512	-4842.412	547.8994	1.080436	3.27074	1.100181	3.182042
26736	-4315.053	-4863.483	548.4305	1.448054	3.27074	1.226616	2.56936
26742	-4315.02	-4863.838	548.8176	1.148391	2.589618	0.8877129	2.896968
26748	-4315.817	-4865.023	549.206	1.294026	2.589618	0.8877129	2.570067
26754	-4323.752	-4872.684	548.9326	1.385812	2.589618	1.2884	2.447001
26760	-4309.723	-4858.823	549.0997	1.389266	3.551174	0.7328667	2.438291
26766	-4333.459	-4882.659	549.1997	1.322178	3.154898	0.7328667	2.514239
26772	-4318.887	-4868.121	549.2341	1.26647	3.169136	1.03157	2.315944
26778	-4341.897	-4891.021	549.1237	1.376873	3.169136	1.03157	2.315944
26784	-4312.209	-4860.709	548.5	1.193604	3.377154	1.03157	2.767263
26790	-4326.98	-4876.417	549.4377	1.28915	2.956123	1.089718	2.192011
26796	-4326.744	-4876.247	549.503	1.396482	2.698704	1.089718	2.154419
26802	-4319.211	-4868.835	549.6241	1.464137	2.698704	0.9583455	2.115531
26808	-4322.13	-4871.486	549.3557	1.337451	2.698704	0.7805623	2.494298
26814	-4344.66	-4893.617	548.9567	1.319857	3.307463	0.7805623	2.592318
26820	-4351.481	-4900.373	548.892	1.251543	3.307463	1.054835	2.492232
26826	-4335.915	-4884.992	549.0773	1.294292	2.766509	1.054835	2.492232
26832	-4342.44	-4891.751	549.311	1.294292	2.766509	0.9080732	2.43908
26838	-4351.095	-4899.684	548.5896	1.363503	2.766509	1.521255	2.511416
26844	-4344.438	-4893.297	548.8596	1.34086	2.766509	1.208838	2.511416
26850	-4343.317	-4892.109	548.7914	1.339773	2.793745	1.167833	2.569314
26856	-4330.4	-4879.711	549.3118	1.390788	2.793745	1.167833	2.207738
26862	-4322.933	-4871.426	548.4931	1.257852	2.750317	1.150398	2.824386
26868	-4332.986	-4881.304	548.3179	1.170338	2.750317	0.8945018	3.13397
26874	-4362.174	-4911.677	549.5031	1.424292	2.738639	0.7867074	2.330308
26880	-4359.644	-4907.411	547.7668	1.0954	3.32313	1.140249	3.217756
26886	-4340.407	-4888.816	548.409	1.204027	2.79968	1.140249	2.899953
26892	-4353.384	-4901.651	548.2674	1.26389	3.795354	0.8862525	2.863587
26898	-4339.48	-4888.288	548.8085	1.26585	3.795354	0.8323041	2.567752
26904	-4352.073	-4901.076	549.0032	1.35337	3.795354	1.088812	2.22154
26910	-4348.736	-4898.395	549.6589	1.366614	3.116264	0.926722	2.058732
26916	-4341.619	-4890.874	549.2543	1.535862	3.116264	1.068323	2.120084
26922	-4308.687	-4858.403	549.7158	1.435524	3.116264	1.068323	1.879153
26928	-4312.987	-4862.631	549.6442	1.436414	3.291774	1.068323	1.879153
26934	-4337.025	-4886.895	549.87	1.427349	3.291774	0.7620119	1.955202
26940	-4341.152	-4891.179	550.0274	1.570019	2.88801	1.191124	1.553377
26946	-4327.095	-4876.178	549.0832	1.444356	2.588538	1.370104	2.272794
26952	-4308.382	-4857.857	549.4744	1.424798	2.160984	1.370104	2.174568
26958	-4332.38	-4882.034	549.6541	1.401696	2.160984	1.370104	2.07217
26964	-4329.253	-4879.153	549.8997	1.409054	2.341729	1.222138	1.920087
26970	-4323.221	-4872.945	549.7238	1.553193	3.731862	0.8929206	1.752959
26976	-4343.758	-4892.72	548.9628	1.214691	3.731862	0.8929206	2.475193
26982	-4321.338	-4869.608	548.2703	1.197792	3.731862	0.8929206	2.911016
26988	-4306.021	-4853.812	547.7907	1.096208	2.863557	0.9805586	3.405634
26994	-4329.491	-4877.709	548.2186	1.152482	3.675744	1.02117	2.90163
27000	-4330.79	-4878.847	548.0565	1.255964	3.675744	1.064916	2.911401
27006	-4321.731	-4869.148	547.4173	1.149326	3.570833	1.092988	3.362163
27012	-4320.456	-4870.782	550.3259	1.57149	3.404082	0.8958471	1.383317
27018	-4324.373	-4874.183	549.8103	1.550461	3.490455	0.8958471	1.75394
27024	-4321.021	-4870.56	549.5395	1.483844	2.988662	0.9401787	2.086038
27030	-4334.68	-4884.716	550.036	1.436992	3.169752	0.9401787	1.729937
27036	-4314.119	-4862.98	548.8615	1.329248	3.169752	0.9401787	2.568756
27042	-4309.165	-4857.506	548.3402	1.155529	3.237412	0.9401787	2.97623
27048	-4297.108	-4845.929	548.8216	1.170372	3.237412	1.033151	2.616801
27054	-4315.682	-4865.104	549.4222	1.258398	3.741481	0.8344536	2.194359
27060	-4309.738	-4858.865	549.1262	1.314832	3.157911	0.8196556	2.498468
27066	-4309.216	-4857.149	547.9337	1.22734	3.157911	0.9094021	3.214455
27072	-4314.201	-4862.932	548.7309	1.253259	3.157911	0.9094021	2.719218
27078	-4318.287	-4867.22	548.9329	1.324336	3.082505	0.9482878	2.54442
27084	-4319.272	-4868.402	549.1293	1.333224	3.616573	1.042281	2.223121
27090	-4320.125	-4868.78	548.6546	1.342895	3.616573	0.9879288	2.55138
27096	-4329.243	-4878.228	548.9854	1.289608	3.78861	1.076831	2.282756
27102	-4317.381	-4866.63	549.2481	1.513075	3.417011	1.319123	1.913694
27108	-4319.792	-4869.526	549.7333	1.464436	3.417011	0.7383981	2.00884
27114	-4341.76	-4890.989	549.2287	1.323217	3.122056	0.8719954	2.4008
27120	-4331.435	-4879.977	548.5422	1.32772	3.954283	0.8785576	2.628115
27126	-4324.713	-4873.434	548.7219	1.372481	3.954283	0.8785576	2.488671
27132	-4311.899	-4860.176	548.2774	1.324153	3.954283	1.001252	2.714099
27138	-4319.159	-4867.741	548.5823	1.20398	3.124506	1.001252	2.790347
27144	-4321.625	-4869.928	548.3034	1.230244	2.753086	1.125237	2.968731
27150	-4331.008	-4880.142	549.1338	1.449342	2.753086	0.8043541	2.529702
27156	-4324.017	-4872.343	548.326	1.315882	3.218182	0.8043541	2.983506
27162	-4321.364	-4869.248	547.8837	1.250062	3.218182	1.331265	2.983506
27168	-4321.435	-4870.141	548.7064	1.326894	2.207163	1.37213	2.702815
27174	-4319.672	-4868.95	549.2778	1.379422	2.207163	1.35213	2.323115
27180	-4319.399	-4868.03	548.6314	1.440082	3.190007	1.35213	2.404001
27186	-4328.353	-4877.537	549.1845	1.420912	3.213245	0.779645	2.410884
27192	-4346.155	-4895.652	549.4975	1.479547	3.213245	0.779645	2.173178
27198	-4337.454	-4886.006	548.552	1.332177	3.442056	0.7686555	2.810027
27204	-4330.56	-4877.913	547.3526	1.299662	2.939029	1.314927	3.346359
27210	-4316.911	-4865.006	548.0949	1.174621	2.939029	1.314927	2.979695
27216	-4323.742	-4872.499	548.7572	1.441451	2.939029	1.314927	2.408754
27222	-4332.738	-4880.929	548.1916	1.355852	3.818958	1.154564	2.686939
27228	-4336.089	-4884.532	548.4435	1.377374	3.464202	1.500366	2.422995
27234	-4330.606	-4880.191	549.5849	1.37146	3.544282	0.9178969	1.99981
27240	-4329.066	-4879.085	550.0192	1.431755	3.034263	0.9178969	1.800815
27246	-4330.766	-4879.778	549.0118	1.322112	2.876967	1.021898	2.504954
27252	-4329.145	-4877.387	548.2414	1.279628	2.721572	1.163645	2.964128
27258	-4343.027	-4891.374	548.3467	1.206347	3.085755	0.9638764	2.964128
27264	-4320.036	-4868.381	548.3451	1.207941	3.085755	0.9638764	2.964128
27270	-4306.552	-4855.081	548.5286	1.285769	3.514846	1.110346	2.615003
27276	-4327.735	-4877.177	549.4425	1.492529	3.074688	0.7862659	2.23188
27282	-4313.937	-4863.329	549.3922	1.41513	4.050615	0.7862659	2.078953
27288	-4318.323	-4867.946	549.6236	1.477712	3.915319	0.8881321	1.833948
27294	-4317.784	-4867.06	549.2758	1.454016	3.645958	0.9601701	2.09563
27300	-4315.524	-4864.548	549.0237	1.360445	3.631012	1.23584	2.156624
27306	-4307.876	-4856.865	548.9884	1.36754	3.631012	1.23584	2.174979
27312	-4335.476	-4884.253	548.7772	1.379093	3.51205	1.107348	2.403816
27318	-4326.27	-4876.138	549.8676	1.431432	3.51205	0.8093207	1.858377
27324	-4321.752	-4871.264	549.5118	1.466969	2.680598	0.935484	2.207658
27330	-4302.898	-4852.365	549.4675	1.45098	2.685553	1.176725	2.094189
27336	-4319.108	-4868.561	549.4525	1.374675	2.685553	0.9694533	2.281066
27342	-4325.239	-4874.535	549.296	1.40895	2.685553	1.292351	2.169227
27348	-4335.781	-4885.286	549.5047	1.42174	3.604582	1.043091	1.919601
27354	-4328.663	-4878.059	549.3962	1.500076	3.919597	1.043091	1.864319
27360	-4331.436	-4880.72	549.2835	1.435841	3.919597	0.8173263	2.141598
27366	-4329.229	-4878.775	549.5456	1.459261	3.919597	1.002371	1.817261
27372	-4327.851	-4877.45	549.5984	1.329975	3.919597	0.6245169	2.165979
27378	-4344.122	-4893.902	549.7796	1.402228	4.527459	0.663147	1.830337
27384	-4322.482	-4871.989	549.5077	1.500926	3.606356	0.9703226	1.912521
27390	-4320.941	-4870.346	549.4052	1.498195	2.936709	0.9703226	2.158663
27396	-4337.209	-4886.624	549.415	1.339989	3.224567	0.9703226	2.177296
27402	-4325.781	-4874.945	549.1642	1.378197	3.237093	0.9251418	2.340825
27408	-4315.653	-4864.748	549.0949	1.31431	3.458021	0.9705015	2.340825
27414	-4318.822	-4867.992	549.1703	1.31431	3.059404	1.251728	2.227196
27420	-4334.793	-4884.223	549.4301	1.427864	2.887373	1.240715	2.037468
27426	-4331.453	-4880.973	549.5197	1.268202	3.192893	0.9213929	2.197279
27432	-4327.185	-4876.818	549.6332	1.424074	3.664531	0.8295504	1.968253
27438	-4325.248	-4875.036	549.7872	1.409382	3.307676	0.8252201	1.968253
27444	-4340.718	-4890.545	549.8261	1.489593	3.559264	0.8056409	1.837867
27450	-4338.928	-4888.851	549.9234	1.526173	3.059124	0.8604765	1.837867
27456	-4330.135	-4880.061	549.9256	1.526173	3.051211	0.8604765	1.838595
27462	-4333.325	-4883.116	549.7905	1.509237	3.431751	0.8604765	1.838595
27468	-4325.434	-4875.155	549.721	1.509237	3.431751	0.9243301	1.838595
27474	-4312.83	-4862.113	549.2822	1.449034	3.772147	0.8836155	2.118435
27480	-4308.066	-4856.986	548.9199	1.322897	3.772147	0.748715	2.529973
27486	-4322.737	-4871.329	548.592	1.231857	3.17787	0.8279291	2.867073
27492	-4325.148	-4873.86	548.7116	1.417804	2.95566	0.8279291	2.737587
27498	-4321.34	-4870.313	548.9736	1.277601	3.535729	0.8279291	2.519238
27504	-4313.199	-4862.338	549.1386	1.37174	3.535729	0.7441828	2.419542
27510	-4306.853	-4856.484	549.6314	1.552813	3.709807	0.7441828	1.94057
27516	-4299.66	-4849.348	549.6884	1.486777	3.7757	0.7441828	1.930846
27522	-4307.684	-4857.724	550.0405	1.495109	3.7757	0.615423	1.801743
27528	-4299.164	-4848.945	549.781	1.476867	3.7757	0.7906811	1.836029
27534	-4306.57	-4856.541	549.9708	1.544857	3.100074	0.7906811	1.836029
27540	-4317.095	-4866.54	549.4448	1.583935	3.100074	1.073215	1.963417
27546	-4343.178	-4892.853	549.6741	1.466601	3.100074	1.073215	1.887822
27552	-4343.118	-4892.762	549.6442	1.496238	3.100074	1.077923	1.884927
27558	-4348.366	-4898.212	549.8457	1.454975	3.321578	0.8373061	1.884927
27564	-4331.228	-4881.021	549.7926	1.444723	3.684512	0.8373061	1.835123
27570	-4310.552	-4859.898	549.3455	1.444723	3.684512	0.8373061	2.134172
27576	-4317.522	-4867.092	549.5702	1.411084	3.327399	0.7580075	2.158096
27582	-4315.773	-4865.315	549.5418	1.540083	3.327399	0.7580075	2.092289
27588	-4302.84	-4852.251	549.4112	1.540083	3.510882	0.7580075	2.131882
27594	-4315.343	-4864.751	549.4082	1.440118	3.510882	0.9205015	2.077796
27600	-4335.024	-4884.43	549.4058	1.431079	4.005331	0.9236074	1.966762
27606	-4335.896	-4885.483	549.5878	1.400377	3.684922	0.9236074	1.939915
27612	-4336.111	-4886.326	550.2154	1.655114	3.014144	0.9236074	1.501285
27618	-4339.628	-4889.553	549.9249	1.580551	3.610632	0.9236074	1.597739
27624	-4371.811	-4921.462	549.6518	1.445998	3.736921	0.7782431	1.964129
27630	-4341.573	-4890.682	549.1089	1.372252	3.736921	0.9990061	2.2106
27636	-4325.459	-4874.386	548.9269	1.372252	3.35844	0.9990061	2.416379
27642	-4316.824	-4865.111	548.2862	1.266324	3.35844	1.031732	2.857328
27648	-4308.124	-4857.485	549.3609	1.321655	4.020194	0.7510502	2.194961
27654	-4323.244	-4872.084	548.8398	1.291613	4.020194	0.7510502	2.544445
27660	-4326.101	-4874.437	548.3361	1.269928	3.963826	0.7328303	2.891983
27666	-4313.519	-4861.678	548.1589	1.234982	3.963826	0.9161854	2.891983
27672	-4325.288	-4874.461	549.1728	1.340757	3.579178	0.8551173	2.324296
27678	-4330.611	-4877.84	547.2291	1.171773	4.916597	0.9725212	3.273341
27684	-4320.67	-4868.813	548.1439	1.424638	3.74254	0.9725212	2.796942
27690	-4308.077	-4857.182	549.1048	1.375771	3.832681	0.9725212	2.206513
27696	-4342.555	-4889.889	547.3338	1.203633	3.832681	1.344405	3.195967
27702	-4337.766	-4885.283	547.5174	1.227074	3.832681	0.9181934	3.304892
27708	-4323.88	-4873.005	549.1252	1.387414	4.521152	0.9181934	2.076368
27714	-4333.198	-4882.512	549.3146	1.40108	4.521152	0.6824142	2.12646
27720	-4323.902	-4873.799	549.8961	1.481654	4.427425	0.5596428	1.818992
27726	-4344.7	-4894.028	549.3283	1.477372	3.781701	0.573609	2.323401
27732	-4342.843	-4892.166	549.3236	1.489851	3.781701	0.7597325	2.156251
27738	-4322.782	-4872.153	549.3719	1.384154	3.947706	0.7597325	2.156251
27744	-4329.705	-4878.2	548.495	1.385388	3.111401	1.081208	2.688631
27750	-4326.774	-4875.406	548.6321	1.248321	3.111401	1.081208	2.688631
27756	-4325.381	-4873.875	548.4936	1.303618	3.111401	1.172236	2.688631
27762	-4320.578	-4869.27	548.692	1.338182	3.111401	0.8139294	2.768037
27768	-4322.182	-4871.312	549.1298	1.387383	3.330236	0.9623807	2.30866
27774	-4308.445	-4857.694	549.2496	1.397764	3.016344	0.8919157	2.354469
27780	-4320.638	-4869.795	549.1577	1.334713	3.016344	0.9789803	2.394597
27786	-4331.599	-4880.842	549.244	1.249929	2.769535	0.863692	2.538345
27792	-4323.074	-4872.493	549.4196	1.480914	2.537207	0.9433483	2.296468
27798	-4322.458	-4871.311	548.8531	1.350085	2.76668	1.03238	2.610407
27804	-4329.127	-4877.969	548.8423	1.233668	3.614244	1.03238	2.475428
27810	-4322.719	-4871.761	549.042	1.292854	3.729587	0.9554366	2.334477
27816	-4329.296	-4878.393	549.0971	1.298487	2.864654	0.9524216	2.513628
27822	-4327.698	-4876.371	548.6736	1.269191	3.237552	1.216358	2.543103
27828	-4340.739	-4889.612	548.8724	1.227847	3.214146	0.8685678	2.661329
27834	-4343.709	-4891.91	548.2013	1.205349	3.388539	0.8685678	3.040378
27840	-4313.625	-4862.416	548.7913	1.267335	3.388539	0.8685678	2.644717
27846	-4319.187	-4867.554	548.3667	1.273233	3.562016	1.158103	2.684878
27852	-4317.831	-4867.362	549.5309	1.365773	3.43878	0.7771814	2.169996
27858	-4310.954	-4860.387	549.4326	1.426671	3.458126	0.8023956	2.169996
27864	-4310.77	-4860.013	549.2433	1.3994	3.60576	0.9485149	2.169996
27870	-4296.83	-4845.922	549.0921	1.411764	2.899986	1.022514	2.391442
27876	-4336.683	-4885.958	549.2749	1.534146	3.001495	1.022514	2.167934
27882	-4333.718	-4883.364	549.6458	1.596375	3.854228	0.8247819	1.800376
27888	-4334.645	-4884.644	549.999	1.404593	3.354769	0.8273068	1.813368
27894	-4338.432	-4887.677	549.2448	1.305019	3.343335	0.8273068	2.378073
27900	-4312.076	-4861.216	549.1396	1.352295	3.343335	0.8852008	2.373537
27906	-4320.273	-4869.463	549.19	1.498599	3.343335	1.074281	2.123318
27912	-4317.797	-4867.114	549.3167	1.415601	2.792379	1.074281	2.244383
27918	-4324.434	-4873.437	549.0024	1.3677	3.269215	1.074281	2.347232
27924	-4320.884	-4869.37	548.4855	1.482578	3.269215	1.544126	2.357559
27930	-4299.407	-4848.71	549.303	1.435617	2.722228	0.9229699	2.357559
27936	-4309.642	-4859.254	549.6116	1.433808	2.714099	0.8603305	2.207259
27942	-4300.767	-4849.993	549.226	1.382008	2.714099	1.048835	2.362054
27948	-4324.016	-4873.566	549.5505	1.429831	2.484138	1.058571	2.187662
27954	-4317.785	-4867.183	549.3982	1.478495	3.318038	0.8741304	2.140525
27960	-4308.51	-4857.788	549.2784	1.3427	3.538984	0.8907547	2.239663
27966	-4325.499	-4874.637	549.1383	1.335282	3.398572	0.8907547	2.367805
27972	-4329.655	-4877.775	548.1198	1.176145	3.472667	0.8089663	3.127885
27978	-4314.262	-4862.614	548.3519	1.163484	3.379738	0.9307811	2.936693
27984	-4316.141	-4864.254	548.1135	1.150053	3.379738	0.9307811	3.087721
27990	-4337.444	-4885.149	547.7052	1.117966	3.379738	0.9336638	3.346635
27996	-4345.555	-4893.378	547.8228	1.074851	3.655137	0.7760238	3.346635
28002	-4338.594	-4888.012	549.4182	1.40978	2.929867	0.9568107	2.218512
28008	-4326.817	-4875.613	548.7957	1.342309	2.929867	0.9241965	2.673885
28014	-4328.749	-4878.491	549.7418	1.38263	2.929867	0.8307471	2.114954
28020	-4316.903	-4866.197	549.2943	1.344524	3.627276	0.8307471	2.250521
28002	-4422.437	-4971.717	549.2798	1.374953	2.698641	1.03139	2.347682
28008	-4366.034	-4915.423	549.3892	1.385015	2.757849	1.03139	2.253989
28014	-4326.17	-4874.829	548.6594	1.163279	3.157238	0.6910369	2.974267
28020	-4311.853	-4860.338	548.485	1.23651	3.335843	0.9742674	2.794857
28026	-4331.532	-4880.168	548.636	1.235635	3.185173	0.889034	2.794647
28032	-4325.021	-4873.619	548.5973	1.245295	3.185173	0.889034	2.812348
28038	-4327.326	-4876.258	548.9317	1.289451	3.185173	0.889034	2.579891
28044	-4331.646	-4880.642	548.9959	1.345062	2.562633	0.8918291	2.673584
28050	-4317.928	-4866.919	548.9916	1.316451	2.686555	1.103492	2.526083
28056	-4322.133	-4871.035	548.9018	1.316451	2.686555	1.103492	2.581908
28062	-4322.739	-4872.124	549.3856	1.380647	2.979275	0.9363381	2.25827
28068	-4324.118	-4873.188	549.0695	1.380647	2.979275	0.8862451	2.492499
28074	-4315.939	-4864.937	548.9984	1.42126	3.462612	0.9129969	2.371282
28080	-4316.419	-4865.803	549.3842	1.368849	3.845335	0.8796853	2.090163
28086	-4313.429	-4861.807	548.3771	1.309984	3.845335	0.741536	2.860942
28092	-4306.163	-4855.442	549.279	1.263113	3.845335	0.741536	2.33102
28098	-4330.946	-4880.022	549.0765	1.395922	3.845335	1.092143	2.132965
