Iteration	Posterior	Likelihood	Prior	rate_log_sd	rate_loss	rate_neo	tree_length
0	-4335.76	-4884.786	549.0267	1.414194	2.982197	1.060415	2.385585
6	-4339.356	-4889.231	549.8746	1.484053	2.654896	1.147893	1.825454
12	-4330.542	-4879.739	549.1968	1.503959	3.012237	1.297005	2.074787
18	-4338.895	-4888.321	549.4255	1.452483	3.06657	0.9451733	2.156218
24	-4321.829	-4870.826	548.9974	1.374943	2.989045	1.066256	2.423476
30	-4306.247	-4855.45	549.2029	1.370641	2.989045	1.066256	2.295849
36	-4324.394	-4873.415	549.0217	1.417282	2.895547	1.001321	2.446798
42	-4331.02	-4879.727	548.7062	1.421751	3.044965	1.004788	2.598699
48	-4330.647	-4880.05	549.4024	1.443301	2.86821	0.9826947	2.207307
54	-4326.111	-4875.811	549.6995	1.466487	2.626261	0.9826947	2.070301
60	-4324.694	-4874.126	549.4323	1.437114	2.626261	0.9651163	2.274614
66	-4333.492	-4883.007	549.5145	1.387777	2.626261	0.9651163	2.253518
72	-4336.191	-4885.206	549.0155	1.284988	2.558206	1.074244	2.585613
78	-4335.394	-4884.534	549.1395	1.337953	2.506992	1.120275	2.464081
84	-4336.194	-4885.156	548.9626	1.27422	2.78643	1.060794	2.567024
90	-4330.494	-4879.558	549.0636	1.367688	2.78643	0.95851	2.509223
96	-4340.015	-4888.829	548.8135	1.325077	3.074563	0.95851	2.613498
102	-4350.892	-4899.72	548.8279	1.31272	3.210664	0.9492348	2.583722
108	-4350.5	-4899.464	548.9637	1.361422	3.107337	1.034728	2.441113
114	-4337.858	-4886.837	548.9797	1.309491	3.099728	0.9860746	2.495907
120	-4348.874	-4898.224	549.3501	1.375277	2.948412	0.9860746	2.260131
126	-4349.481	-4898.469	548.9873	1.421688	2.948412	0.9860746	2.460885
132	-4332.675	-4881.637	548.9615	1.382852	2.782795	1.063649	2.499337
138	-4336.637	-4885.922	549.2843	1.485411	2.985104	0.8260629	2.331976
144	-4312.516	-4861.801	549.2849	1.477064	2.985104	0.6942122	2.439286
150	-4321.782	-4870.833	549.0509	1.395136	3.344221	0.9764828	2.341328
156	-4345.343	-4895.277	549.9335	1.48522	3.474609	1.040902	1.611082
162	-4347.192	-4897.112	549.9205	1.484951	2.494702	1.040902	1.914307
168	-4343.074	-4892.829	549.7557	1.491332	3.317386	0.6661664	2.063949
174	-4330.28	-4879.942	549.6616	1.573544	3.317386	0.6750033	2.063949
180	-4338.157	-4887.687	549.5302	1.565124	2.699369	1.029033	2.063949
186	-4342.309	-4891.398	549.089	1.413218	2.699369	1.029033	2.445272
192	-4346.163	-4895.296	549.1323	1.407219	3.399452	0.6344925	2.524136
198	-4337.317	-4885.494	548.1766	1.268198	2.958143	0.9223656	3.087271
204	-4342.182	-4890.329	548.1478	1.271605	2.848342	1.146032	3.000316
210	-4348.952	-4898.353	549.4007	1.398162	2.511531	1.146032	2.243644
216	-4340.871	-4890.366	549.4955	1.284473	3.43479	0.8944356	2.159641
222	-4347.291	-4894.756	547.4652	1.176601	2.703952	1.049249	3.551171
228	-4338.854	-4887.455	548.6009	1.213643	2.774025	0.946797	2.898569
234	-4352.882	-4900.624	547.7415	1.217001	2.625831	1.114659	3.351285
240	-4348.804	-4897.496	548.6918	1.266627	2.625831	1.114659	2.75295
246	-4354.17	-4902.441	548.2715	1.348354	2.998224	1.114659	2.857462
252	-4344.384	-4893.329	548.9455	1.365726	2.998224	0.9745188	2.516032
258	-4357.702	-4906.57	548.8685	1.37599	3.774638	1.043828	2.325541
264	-4351.018	-4900.66	549.6413	1.487246	3.300854	1.025037	1.872594
270	-4350.294	-4900.266	549.9721	1.511096	3.178889	0.8609403	1.780144
276	-4344.172	-4893.93	549.7572	1.510168	3.178889	0.8702269	1.920977
282	-4344.78	-4894.398	549.6183	1.522247	3.178889	0.8702269	2.006013
288	-4323.303	-4873.329	550.0259	1.557154	3.060368	0.8702269	1.737247
294	-4325.639	-4874.506	548.8673	1.383111	2.9059	0.8702269	2.647152
300	-4325.97	-4874.767	548.7979	1.296383	3.282188	0.8702269	2.647152
306	-4316.391	-4865.571	549.1797	1.348359	3.064941	0.825073	2.464104
312	-4326.199	-4875.609	549.4102	1.34344	2.96351	0.825073	2.348848
318	-4327.94	-4877.175	549.2348	1.374073	3.083435	0.9096879	2.348848
324	-4333.234	-4882.278	549.044	1.349797	3.502638	0.9096879	2.380308
330	-4321.8	-4871.072	549.2726	1.358632	3.459695	0.7202155	2.380308
336	-4317.55	-4866.911	549.3614	1.466104	3.459695	0.7202155	2.255154
342	-4321.335	-4871.47	550.1355	1.565135	3.361085	0.7202155	1.694575
348	-4325.164	-4875.174	550.0104	1.522069	3.146906	0.7379499	1.85542
354	-4349.908	-4899.631	549.7225	1.399168	2.951613	0.7312933	2.188523
360	-4331.985	-4880.786	548.8004	1.297704	2.737679	0.8049929	2.831762
366	-4324.927	-4874.062	549.1344	1.351082	3.074196	0.7957126	2.509793
372	-4338.921	-4888.24	549.3183	1.396788	3.074196	0.881311	2.303221
378	-4310.285	-4859.234	548.9491	1.325261	3.074196	1.024243	2.487978
384	-4313.202	-4862.104	548.9016	1.348792	3.49126	0.8880644	2.487978
390	-4342.693	-4892.248	549.5555	1.38975	3.49126	0.8880644	2.041708
396	-4319.216	-4868.953	549.7368	1.464914	2.974925	1.032516	1.90867
402	-4324.261	-4873.703	549.4417	1.387721	2.525371	1.032516	2.288023
408	-4335.238	-4884.35	549.1117	1.402232	2.656814	1.032516	2.44822
414	-4330.669	-4880.252	549.5821	1.459587	2.656814	0.897341	2.200511
420	-4337.09	-4887.167	550.077	1.539102	2.722258	1.072004	1.672402
426	-4356.402	-4906.34	549.9376	1.539102	3.619004	0.7158398	1.787561
432	-4353.364	-4903.307	549.9434	1.451058	3.08072	0.7078748	1.992963
438	-4342.005	-4891.603	549.598	1.443131	3.08072	1.102326	1.942105
444	-4325.48	-4875.098	549.6178	1.339717	3.08072	0.9088283	2.125587
450	-4320.984	-4869.758	548.7734	1.233393	3.08072	0.9088283	2.725229
456	-4326.321	-4875.902	549.5816	1.412154	3.08072	0.9385706	2.081142
462	-4314.426	-4863.867	549.4404	1.412154	3.08072	1.080587	2.081142
468	-4332.68	-4882.048	549.3682	1.430901	3.076187	1.207386	2.042004
474	-4312.224	-4860.92	548.6959	1.468007	3.605359	1.266516	2.288058
480	-4315.418	-4864.885	549.4672	1.466057	3.630887	0.9179596	1.993938
486	-4322.581	-4872.326	549.7445	1.406863	3.630887	0.7295998	1.993938
492	-4322.88	-4872.477	549.5973	1.470072	3.630887	0.6964674	2.077806
498	-4311.869	-4861.76	549.8906	1.501292	3.630887	0.6189233	1.931997
504	-4332.514	-4881.975	549.4605	1.420929	3.552186	0.5825085	2.319531
510	-4332.167	-4881.366	549.1999	1.340824	3.436577	0.8656464	2.333509
516	-4328.212	-4876.145	547.9329	1.272045	3.042273	0.8656464	3.245095
522	-4322.226	-4870.381	548.1551	1.276019	2.985382	0.8853083	3.112281
528	-4333.401	-4882.061	548.6598	1.212846	2.463509	1.267932	2.77134
534	-4323.841	-4872.7	548.8588	1.409109	3.153286	0.9611318	2.5113
540	-4306.441	-4855.898	549.4572	1.294485	3.153286	0.8392275	2.289131
546	-4303.986	-4852.946	548.9596	1.360801	3.377347	1.039892	2.372856
552	-4316.414	-4865.203	548.789	1.364707	3.377347	1.028924	2.484564
558	-4323.128	-4871.914	548.7866	1.389148	3.826664	0.9860703	2.39384
564	-4322.908	-4872.447	549.5392	1.403612	2.743654	1.044757	2.140608
570	-4335.082	-4884.166	549.0842	1.449916	3.298351	0.7985488	2.42026
576	-4330.701	-4879.731	549.0299	1.335143	3.27169	0.7985488	2.532778
582	-4334.455	-4883.645	549.1905	1.479106	3.090492	0.6799785	2.481189
588	-4316.523	-4865.855	549.332	1.407292	3.090492	1.040074	2.177857
594	-4310.67	-4859.616	548.9454	1.368752	3.090492	0.8842902	2.549498
600	-4314.644	-4862.889	548.2445	1.315345	3.667505	0.8174665	2.920716
606	-4326.683	-4874.788	548.1052	1.263373	3.803003	0.744583	3.059239
612	-4321.999	-4871.092	549.0933	1.277379	3.118457	1.384746	2.215243
618	-4321.656	-4871.471	549.8144	1.521692	3.340705	1.001446	1.734324
624	-4314.161	-4864.008	549.8474	1.495346	3.71009	0.8262811	1.764586
630	-4312.042	-4861.851	549.8083	1.495346	3.222259	0.7753321	1.958714
636	-4322.863	-4872.534	549.671	1.385409	3.544232	0.7758612	2.040296
642	-4329.969	-4879.755	549.786	1.375355	3.948089	0.7758612	1.873361
648	-4325.251	-4874.356	549.1042	1.408874	3.249133	0.742759	2.488224
654	-4320.31	-4869.251	548.9416	1.345484	3.669219	1.166181	2.249679
660	-4316.986	-4865.34	548.3544	1.286654	3.669219	1.166181	2.655686
666	-4304.955	-4853.795	548.8401	1.313342	3.669219	0.8282779	2.549408
672	-4305.87	-4853.676	547.8062	1.305458	3.83216	1.108481	2.974316
678	-4326.055	-4875.107	549.0521	1.302968	2.855574	1.108481	2.445838
684	-4327.589	-4875.755	548.1661	1.333761	2.855574	1.370428	2.835827
690	-4311.266	-4859.631	548.3656	1.247317	2.804905	1.236174	2.847617
696	-4326.791	-4875.967	549.1758	1.412264	3.072254	0.9923476	2.310357
702	-4315.035	-4864.049	549.0141	1.341242	3.258718	1.056613	2.369927
708	-4329.939	-4879.115	549.1768	1.421771	3.258718	1.008525	2.244676
714	-4332.83	-4882.624	549.7939	1.520024	3.16374	0.9615783	1.826826
720	-4318.644	-4867.691	549.0472	1.371136	3.16374	1.026942	2.372453
726	-4319.04	-4868.523	549.483	1.40142	3.16374	0.7781444	2.247155
732	-4323.763	-4872.777	549.0144	1.392258	3.16374	1.084699	2.344704
738	-4328.531	-4877.467	548.9358	1.304232	3.085273	1.048969	2.491522
744	-4347.479	-4896.201	548.7218	1.353097	3.323181	1.122692	2.491522
750	-4346.418	-4895.126	548.7079	1.341462	3.323181	1.043033	2.554218
756	-4329.83	-4878.992	549.1614	1.339871	3.456947	0.9702573	2.282515
762	-4340.161	-4889.037	548.8755	1.421343	3.456947	0.9702573	2.412372
768	-4331.924	-4880.882	548.9582	1.37908	3.456947	0.9364808	2.40893
774	-4336.234	-4885.619	549.3853	1.503369	3.321462	0.9364808	2.087806
780	-4319.121	-4868.692	549.5704	1.567832	2.989091	1.108186	1.898881
786	-4340.418	-4889.633	549.2146	1.561342	3.03135	0.7440599	2.377922
792	-4335.918	-4886.001	550.0832	1.524778	2.70827	0.8554233	1.838716
798	-4328.965	-4878.775	549.8097	1.55972	2.70827	0.8170593	2.029187
804	-4317.312	-4867.069	549.7578	1.563794	3.076449	0.7356813	2.019136
810	-4330.055	-4879.969	549.914	1.487852	3.076449	0.8781432	1.852157
816	-4318.27	-4867.533	549.2637	1.266609	3.896931	0.7565466	2.315341
822	-4317.849	-4866.789	548.9396	1.375789	3.896931	0.8777735	2.362298
828	-4312.095	-4861.245	549.1502	1.224129	3.728784	0.8777735	2.362298
834	-4310.017	-4859.156	549.1389	1.311746	3.282749	1.158084	2.242996
840	-4312.763	-4861.14	548.3771	1.268034	3.39423	1.094266	2.756235
846	-4329.363	-4877.388	548.0246	1.094376	3.129363	1.094266	3.136573
852	-4319.948	-4868.805	548.8566	1.281326	2.964094	0.9240539	2.664968
858	-4336.936	-4885.867	548.9307	1.247573	3.163742	0.812703	2.664968
864	-4339.628	-4888.633	549.006	1.370485	4.092395	0.6821156	2.43124
870	-4341.097	-4889.913	548.8159	1.425494	3.452854	0.7845125	2.576366
876	-4330.468	-4879.381	548.9136	1.309589	3.359918	0.9528739	2.493232
882	-4332.462	-4881.77	549.3079	1.342353	3.185033	1.015915	2.225706
888	-4341.268	-4890.665	549.3972	1.398311	2.84219	1.015915	2.225706
894	-4329.392	-4879.391	549.9997	1.504584	2.80249	0.9478275	1.811803
900	-4338.701	-4888.269	549.5676	1.448859	2.500097	1.008879	2.190587
906	-4338.722	-4887.911	549.1883	1.368656	2.500097	0.8390442	2.59535
912	-4326.08	-4874.85	548.7705	1.414027	3.377478	1.15404	2.391401
918	-4324.356	-4873.382	549.0255	1.358349	2.923316	1.15404	2.382845
924	-4329.23	-4878.733	549.5024	1.289958	3.165224	1.019214	2.136639
930	-4323.713	-4872.636	548.9236	1.352106	3.423043	1.019214	2.40284
936	-4322.732	-4872.116	549.3841	1.297012	3.423043	0.7418778	2.34016
942	-4316.639	-4866.26	549.6206	1.405888	3.423043	0.7418778	2.117499
948	-4316.742	-4864.901	548.1587	1.253205	3.423043	0.8184046	3.063419
954	-4311.782	-4861.332	549.5495	1.41825	3.093321	0.9454006	2.090076
960	-4326.079	-4875.323	549.2434	1.303407	3.30624	1.009543	2.265179
966	-4333.122	-4882.131	549.0095	1.363237	3.492319	0.9276401	2.383981
972	-4340.843	-4889.041	548.1977	1.141405	2.971389	0.959353	3.123776
978	-4347.374	-4895.562	548.1881	1.292579	3.778244	0.959353	2.850869
984	-4329.185	-4878.02	548.8346	1.330073	3.778244	0.7275545	2.593637
990	-4328.581	-4877.799	549.218	1.21864	3.778244	0.9043003	2.292993
996	-4342.411	-4891.212	548.8012	1.298154	3.173646	0.9043003	2.647877
1002	-4316.154	-4864.737	548.5828	1.455542	3.558242	1.103424	2.469487
1008	-4308.681	-4858.152	549.4704	1.475919	3.172223	1.103424	1.979842
1014	-4329.36	-4879.087	549.7269	1.447016	3.172223	1.103424	1.825421
1020	-4327.484	-4876.674	549.1896	1.381832	3.172223	1.103424	2.22585
1026	-4306.794	-4856.257	549.4633	1.331264	3.172223	0.8820119	2.22585
1032	-4334.459	-4883.705	549.2469	1.448144	3.194671	1.183034	2.092636
1038	-4332.449	-4881.518	549.0688	1.474661	3.079351	1.197121	2.214065
1044	-4320.387	-4869.922	549.5349	1.437198	3.00197	1.197121	1.953384
1050	-4326.039	-4875.607	549.5682	1.522564	3.00197	1.197121	1.873083
1056	-4313.94	-4863.77	549.8292	1.509893	3.34949	0.7427834	1.927892
1062	-4321.378	-4871.263	549.8851	1.548427	3.451569	0.8438078	1.753658
1068	-4319.397	-4868.966	549.5693	1.537088	4.240504	1.062056	1.629699
1074	-4319.324	-4868.38	549.0566	1.402512	3.405148	0.7031692	2.515298
1080	-4313.295	-4862.95	549.6548	1.372236	3.374076	0.7634255	2.112035
1086	-4314.877	-4864.06	549.1832	1.372236	3.399125	1.09151	2.185396
1092	-4313.084	-4861.627	548.5431	1.329844	3.399125	1.005051	2.668188
1098	-4328.514	-4876.84	548.3264	1.290748	3.519365	1.1042	2.738715
1104	-4333.528	-4882.106	548.5779	1.230711	2.765262	1.109922	2.807623
1110	-4337.315	-4885.567	548.2515	1.154562	2.753361	1.033521	3.096895
1116	-4342.342	-4891.354	549.0119	1.364725	3.038957	1.033521	2.427395
1122	-4350.173	-4898.883	548.7106	1.265152	3.151105	1.162549	2.573679
1128	-4337.891	-4886.716	548.8248	1.255292	3.37429	0.8778418	2.628512
1134	-4334.004	-4882.004	547.9999	1.313335	3.272555	1.376911	2.840179
1140	-4328.18	-4876.707	548.5265	1.269716	3.272555	0.7787971	2.89578
1146	-4323.374	-4871.445	548.071	1.278634	3.168801	1.269849	2.89578
1152	-4318.674	-4867.392	548.7173	1.313741	3.4003	1.249015	2.430493
1158	-4308.457	-4856.704	548.2469	1.191231	2.985996	1.249015	2.898893
1164	-4319.493	-4867.673	548.1807	1.249964	2.985996	1.202679	2.927347
1170	-4338.976	-4887.256	548.2806	1.306183	3.635729	1.077795	2.746185
1176	-4329.874	-4878.167	548.2931	1.318677	3.334774	1.323229	2.668937
1182	-4324.235	-4872.74	548.5053	1.337535	3.334774	1.249062	2.56404
1188	-4312.669	-4862.232	549.5633	1.440842	3.334774	0.886843	2.043279
1194	-4307.763	-4856.98	549.2177	1.444334	3.300963	0.886843	2.274588
1200	-4316.882	-4865.688	548.8062	1.384618	3.655523	1.258318	2.263511
1206	-4319.212	-4867.689	548.4768	1.37306	3.655523	1.114963	2.558279
1212	-4335.367	-4883.812	548.4453	1.349435	2.776187	0.8305721	2.986431
1218	-4326.299	-4873.671	547.3713	1.23101	2.776187	1.249058	3.449814
1224	-4321.503	-4869.087	547.5837	1.361856	2.519339	1.35034	3.270282
1230	-4348.458	-4896.139	547.6805	1.092518	2.618858	1.205399	3.414408
1236	-4340.726	-4888.827	548.1009	1.194809	3.612986	0.9541539	3.001423
1242	-4317.05	-4865.677	548.6265	1.266163	3.612986	0.9490734	2.641749
1248	-4317.432	-4866.691	549.2599	1.332147	3.612986	0.9490734	2.20076
1254	-4327.7	-4877.408	549.708	1.37157	3.221159	0.9490734	1.978875
1260	-4308.718	-4858.042	549.3238	1.510123	3.401399	1.175681	1.950625
1266	-4309.974	-4859.585	549.6113	1.456172	3.401399	0.7264813	2.108772
1272	-4317.013	-4866.418	549.4043	1.410514	2.617792	1.082581	2.238097
1278	-4318.066	-4867.095	549.0285	1.293922	3.231299	1.066291	2.391831
1284	-4324.983	-4873.582	548.5994	1.293922	3.58069	1.066291	2.576542
1290	-4312.032	-4860.801	548.769	1.299642	3.455843	0.9779527	2.550628
1296	-4319.834	-4868.47	548.6365	1.302434	3.278538	0.8771508	2.738741
1302	-4315.298	-4864.267	548.9688	1.35237	3.666984	0.8771508	2.410346
1308	-4322.515	-4871.509	548.9944	1.322927	3.184175	0.8975706	2.514536
1314	-4332.892	-4881.852	548.9599	1.305292	3.440248	0.8975706	2.484355
1320	-4326.99	-4876.196	549.206	1.396002	3.440248	0.8975706	2.271015
1326	-4325.828	-4875.184	549.3557	1.356671	3.440248	0.8953398	2.201528
1332	-4317.607	-4867.313	549.7055	1.425981	3.440248	0.8953398	1.924834
1338	-4302.609	-4852.38	549.7705	1.421456	3.301599	0.8953398	1.920168
1344	-4320.119	-4869.523	549.4041	1.329627	3.502877	0.9932619	2.105586
1350	-4316.885	-4866.237	549.3518	1.372828	3.391211	1.045559	2.105586
1356	-4318.376	-4866.558	548.182	1.286897	3.154485	1.30605	2.808862
1362	-4316.095	-4865.431	549.3357	1.34917	3.154485	0.7905581	2.367404
1368	-4295.752	-4845.287	549.5346	1.530634	3.154485	0.7905581	2.122697
1374	-4304.932	-4853.96	549.0272	1.274389	3.218473	0.7905581	2.591305
1380	-4320.54	-4869.221	548.6812	1.292514	4.077924	0.8091611	2.587009
1386	-4337.8	-4885.89	548.0903	1.290617	3.41124	1.324813	2.791407
1392	-4348.734	-4897.058	548.324	1.203513	2.430225	1.101782	3.077855
1398	-4319.491	-4867.475	547.9833	1.243346	2.932247	1.175651	3.077855
1404	-4314.481	-4862.124	547.6423	1.231692	2.875035	1.145063	3.31783
1410	-4319.282	-4867.837	548.5548	1.17539	3.039301	0.8935024	2.913899
1416	-4322.995	-4871.642	548.6471	1.254418	3.039301	0.8935024	2.810096
1422	-4325.368	-4874.025	548.6571	1.418362	3.039301	1.477236	2.379957
1428	-4317.028	-4866.573	549.5456	1.528155	2.666581	1.477236	1.832688
1434	-4314.338	-4864.581	550.2426	1.657546	2.666581	0.9152605	1.599994
1440	-4323.24	-4873.088	549.848	1.499632	3.010663	0.92411	1.874145
1446	-4310.578	-4859.708	549.1302	1.293012	3.179828	0.983504	2.392655
1452	-4321.528	-4870.87	549.3415	1.397201	3.005384	0.7643194	2.392655
1458	-4329.462	-4878.344	548.8826	1.292685	3.005384	1.121193	2.510502
1464	-4327.18	-4875.657	548.4768	1.262645	2.931032	0.9616241	2.892671
1470	-4332.175	-4880.447	548.2719	1.258299	2.931032	0.9076308	3.052645
1476	-4334.123	-4883.161	549.0371	1.25257	2.889305	0.8783157	2.621863
1482	-4330.924	-4879.938	549.0147	1.330319	3.730287	0.8377601	2.408849
1488	-4329.557	-4878.788	549.2315	1.293242	3.135454	0.8800992	2.408849
1494	-4342.296	-4891.556	549.2599	1.384443	3.292874	0.87999	2.292775
1500	-4341.099	-4889.847	548.748	1.344535	2.839191	1.110985	2.612541
1506	-4337.429	-4886.22	548.7907	1.339312	2.839191	0.901834	2.717919
1512	-4328.949	-4877.987	549.0373	1.408744	3.026672	0.901834	2.471888
1518	-4330.798	-4880.444	549.6465	1.382821	2.992241	0.7177507	2.248007
1524	-4320.842	-4870.785	549.9427	1.434106	2.658732	0.8280416	2.031112
1530	-4307.634	-4856.552	548.9184	1.229673	3.467009	1.091442	2.428999
1536	-4300.628	-4850.075	549.4471	1.30466	3.194219	0.8395395	2.278219
1542	-4310.266	-4859.19	548.9233	1.36186	3.051821	1.07769	2.45484
1548	-4307.922	-4856.696	548.7746	1.427523	3.769823	0.9815885	2.392665
1554	-4303.999	-4852.93	548.9303	1.402944	2.671682	1.066724	2.536264
1560	-4311.626	-4860.931	549.3052	1.373608	2.762007	0.9979126	2.334983
1566	-4329.908	-4878.479	548.5706	1.373608	2.762007	0.9796678	2.802769
1572	-4333.425	-4882.241	548.8156	1.423713	2.762007	0.9796678	2.621848
1578	-4310.245	-4859.586	549.3412	1.427155	2.75006	0.9796678	2.293037
1584	-4316.833	-4865.819	548.9862	1.255064	2.789324	0.9796678	2.612992
1590	-4312.583	-4861.678	549.0953	1.252768	3.518461	0.7246506	2.540571
1596	-4317.658	-4866.479	548.8206	1.291426	4.023786	0.9029685	2.446172
1602	-4318.566	-4866.898	548.3319	1.271255	4.021243	0.8852008	2.773498
1608	-4319.338	-4868.248	548.91	1.368582	3.247438	0.8852008	2.531302
1614	-4311.12	-4860.159	549.039	1.295179	2.634149	1.120342	2.515389
1620	-4318.963	-4867.979	549.0156	1.322687	3.583855	1.120342	2.263432
1626	-4316.08	-4864.952	548.8716	1.251221	3.583855	0.829418	2.586902
1632	-4319.315	-4868.089	548.7733	1.365604	3.034673	0.7629327	2.758285
1638	-4298.885	-4847.905	549.0195	1.288074	3.034673	0.7770876	2.644299
1644	-4305.678	-4854.842	549.1644	1.394919	3.510589	0.7636103	2.379453
1650	-4316.317	-4865.713	549.3961	1.436306	3.156029	0.7715801	2.287614
1656	-4315.7	-4865.023	549.3226	1.325052	3.500754	0.8135735	2.287614
1662	-4324.743	-4873.054	548.3113	1.289957	2.91104	1.120717	2.888074
1668	-4311.739	-4860.569	548.8298	1.256923	2.91104	1.120717	2.591066
1674	-4306.165	-4855.548	549.3826	1.476455	2.91104	1.120717	2.099769
1680	-4310.49	-4860.52	550.0294	1.489194	3.071299	0.8049224	1.830661
1686	-4307.071	-4856.699	549.6285	1.469391	3.071299	0.9194741	2.028255
1692	-4323.223	-4872.786	549.5633	1.447861	3.071299	1.001634	2.029606
1698	-4330.707	-4880.777	550.0698	1.687984	3.071299	0.7370627	1.721471
1704	-4337.857	-4887.574	549.7165	1.544403	3.071299	0.9144223	1.922703
1710	-4369.749	-4918.668	548.9187	1.26383	3.132157	1.069258	2.503258
1716	-4347.677	-4896.662	548.9856	1.31797	4.385446	0.7781793	2.341078
1722	-4351.168	-4900.63	549.4619	1.310541	3.078687	0.7781793	2.341078
1728	-4349.549	-4898.346	548.7964	1.257644	3.408699	0.8544521	2.652454
1734	-4348.812	-4897.39	548.5778	1.316584	3.408699	1.035653	2.634123
1740	-4340.471	-4889.154	548.6838	1.336188	3.408699	0.9125833	2.634123
1746	-4365.656	-4914.905	549.2491	1.422475	3.408699	1.06823	2.121716
1752	-4340.535	-4889.621	549.0867	1.444829	3.576975	0.8658137	2.305663
1758	-4334.296	-4883.287	548.9908	1.395355	3.153626	1.189934	2.299508
1764	-4333.455	-4882.753	549.2971	1.291483	3.751365	0.7707823	2.299508
1770	-4314.91	-4864.224	549.3144	1.429907	4.478217	0.7587026	2.05236
1776	-4315.728	-4864.854	549.126	1.337476	4.478217	0.7587026	2.235491
1782	-4327.33	-4876.451	549.1218	1.329871	4.375562	0.8402412	2.201471
1788	-4305.604	-4854.976	549.3718	1.419927	3.137615	0.8911477	2.230393
1794	-4314.847	-4863.998	549.1513	1.318699	3.530919	0.8911477	2.337985
1800	-4332.699	-4882.292	549.5925	1.499338	3.588181	0.8911477	1.917311
1806	-4324.662	-4874.118	549.4562	1.407691	3.588181	0.8911477	2.069453
1812	-4339.732	-4888.846	549.1143	1.40544	2.93918	1.06206	2.346318
1818	-4357.188	-4906.053	548.8653	1.351928	2.927885	1.288163	2.413914
1824	-4322.836	-4872.365	549.5285	1.52741	3.350123	0.8911477	2.001825
1830	-4323.924	-4872.853	548.9296	1.387347	3.350123	0.8911477	2.477985
1836	-4344.04	-4893.011	548.9709	1.346067	3.350123	0.8911477	2.477985
1842	-4336.1	-4885.078	548.9777	1.368811	3.370053	0.8911477	2.454591
1848	-4328.957	-4877.508	548.551	1.352288	2.874255	1.444285	2.547968
1854	-4347.817	-4896.676	548.8597	1.456471	2.874255	1.439224	2.290098
1860	-4351.454	-4900.357	548.9031	1.450627	2.842407	1.439224	2.275086
1866	-4330.302	-4879.624	549.3218	1.445449	3.019722	1.044374	2.176213
1872	-4347.724	-4897.222	549.4976	1.356709	3.177644	0.8149713	2.234795
1878	-4354.172	-4903.329	549.1575	1.362241	3.03986	1.206472	2.234795
1884	-4357.449	-4906.108	548.659	1.27411	3.16757	0.9911086	2.696018
1890	-4340.222	-4888.188	547.9659	1.181438	3.007249	0.8294636	3.311939
1896	-4342.372	-4890.542	548.1695	1.212444	3.040611	1.058476	3.021849
1902	-4331.386	-4878.822	547.4355	1.254288	3.6375	1.290854	3.172594
1908	-4351.943	-4899.916	547.9735	1.137004	3.151604	1.354179	3.002636
1914	-4363.697	-4910.819	547.1227	1.146651	3.151604	1.354179	3.499839
1920	-4342.72	-4890.775	548.0546	1.111712	3.151604	0.9979134	3.158416
1926	-4344.32	-4892.761	548.4408	1.171801	2.941395	0.9979134	2.944305
1932	-4366.84	-4914.837	547.9971	1.13244	3.819052	0.7631436	3.184552
1938	-4343.913	-4892.553	548.6399	1.296028	3.798275	0.7631436	2.703043
1944	-4358.495	-4906.837	548.3419	1.327167	3.364675	1.176059	2.703043
1950	-4356.205	-4904.104	547.8989	1.107415	3.232813	1.135313	3.156118
1956	-4335.881	-4883.97	548.0894	1.265472	3.648936	0.9720484	2.94696
1962	-4333.035	-4881.821	548.7854	1.328145	4.42775	0.6904438	2.521885
1968	-4325.405	-4873.448	548.0427	1.30794	4.047924	0.960562	2.872897
1974	-4346.689	-4894.908	548.219	1.326114	2.903745	1.07744	2.948203
1980	-4360.783	-4909.105	548.3223	1.21973	2.903745	0.8209538	3.110346
1986	-4344.532	-4892.2	547.6679	1.085037	2.903745	1.024748	3.447917
1992	-4333.453	-4881.924	548.471	1.251928	2.903745	0.7956017	3.02
1998	-4352.294	-4900.562	548.268	1.140477	2.903745	0.7512335	3.239068
2004	-4331.135	-4879.261	548.1259	1.111426	3.16657	0.807929	3.234526
2010	-4326.071	-4875.335	549.2636	1.297428	2.690176	0.8777316	2.509473
2016	-4328.617	-4876.894	548.2773	1.137885	3.482738	0.8777316	3.007736
2022	-4334.354	-4882.884	548.5305	1.204674	3.290114	1.180383	2.678032
2028	-4332.259	-4880.12	547.8603	1.122612	3.249844	1.32408	3.069725
2034	-4333.577	-4881.753	548.1761	1.085453	3.249844	1.157865	2.987484
2040	-4346.923	-4894.727	547.8045	1.185809	2.723675	1.182356	3.269752
2046	-4356.311	-4903.508	547.1965	1.333651	2.551012	1.399587	3.482383
2052	-4338.67	-4887.793	549.1231	1.308251	2.551012	1.080571	2.502623
2058	-4317.694	-4866.324	548.6305	1.276445	2.720708	0.8372052	2.92958
2064	-4328.917	-4876.628	547.7111	1.177394	2.74928	1.210525	3.308369
2070	-4335.875	-4884.852	548.9764	1.164472	2.699654	1.125575	2.613464
2076	-4328.696	-4877.557	548.8613	1.341412	2.699654	0.9551699	2.677509
2082	-4313.025	-4862.105	549.0799	1.431554	2.699654	0.9551699	2.486038
2088	-4320.256	-4869.539	549.2834	1.287493	2.770764	0.8693014	2.486038
2094	-4315.59	-4864.409	548.8194	1.302585	2.984121	1.099785	2.561673
2100	-4323.446	-4872.866	549.4199	1.373739	2.984121	0.7234659	2.395799
2106	-4309.422	-4857.435	548.0122	1.191168	2.808077	0.9327894	3.263032
2112	-4340.227	-4888.599	548.3728	1.144502	2.808077	1.198852	2.924019
2118	-4346.942	-4895.349	548.4064	1.153274	3.507268	0.7988604	2.969479
2124	-4319.526	-4868.059	548.533	1.217309	3.38086	0.7988604	2.88348
2130	-4312.225	-4861.75	549.5249	1.288921	3.38086	0.821	2.20453
2136	-4312.099	-4861.221	549.1216	1.433839	3.650603	1.090677	2.124787
2142	-4314.179	-4862.449	548.2693	1.19519	3.650603	0.8592228	2.953194
2148	-4320.92	-4870.374	549.4542	1.313283	3.441611	0.7415644	2.280812
2154	-4331.239	-4880.929	549.69	1.495185	3.276488	0.9354162	1.902513
2160	-4337.024	-4886.19	549.166	1.436991	3.486624	0.9354162	2.233186
2166	-4321.757	-4870.976	549.2182	1.353194	3.111904	0.8488251	2.407522
2172	-4307.49	-4857.005	549.5158	1.411327	2.85546	0.9579147	2.174664
2178	-4315.019	-4864.665	549.6462	1.410795	3.066682	0.9579147	2.029923
2184	-4310.935	-4860.428	549.4926	1.430168	3.53917	0.7371006	2.160525
2190	-4298.917	-4848.449	549.532	1.393267	3.736213	0.9341909	1.962378
2196	-4310.076	-4858.78	548.7041	1.305489	3.704946	1.042186	2.490433
2202	-4315.019	-4863.726	548.707	1.279819	3.704946	0.640211	2.789941
2208	-4297.086	-4845.416	548.3303	1.297049	3.704946	0.8182312	2.871273
2214	-4300.856	-4849.426	548.5703	1.195903	3.704946	0.7048846	2.871273
2220	-4310.655	-4859.149	548.4935	1.287684	3.804017	0.8024576	2.767597
2226	-4340.209	-4889.141	548.9324	1.124411	3.228988	0.75244	2.767597
2232	-4337.793	-4885.564	547.7708	1.169991	2.689419	1.05321	3.378128
2238	-4328.105	-4877.243	549.1385	1.350363	3.069363	0.8116005	2.497307
2244	-4321.33	-4869.931	548.6008	1.316059	3.069363	0.9461355	2.758978
2250	-4318.978	-4868.52	549.5424	1.332303	2.676357	0.9461355	2.268733
2256	-4309.693	-4859.225	549.5315	1.427582	3.085503	0.8470378	2.167643
2262	-4330.957	-4878.599	547.6419	1.207072	3.603433	1.233684	3.113822
2268	-4327.378	-4875.957	548.5783	1.259992	2.406659	1.233684	2.827234
2274	-4338.668	-4887.271	548.6022	1.330597	2.406453	1.126687	2.827234
2280	-4332.22	-4880.782	548.5623	1.235591	2.869988	1.037865	2.827234
2286	-4323.889	-4872.437	548.5483	1.190127	3.18751	0.9732081	2.821055
2292	-4321.831	-4870.601	548.7704	1.259022	2.883279	0.8102341	2.830175
2298	-4309.599	-4858.312	548.7135	1.238382	2.993825	1.00747	2.718813
2304	-4318.679	-4867.51	548.8316	1.277421	3.17425	0.7671121	2.738201
2310	-4313.312	-4862.07	548.7581	1.237286	3.17425	1.065823	2.610906
2316	-4327.798	-4877.163	549.365	1.257289	3.093364	0.9254615	2.326971
2322	-4322.856	-4872.174	549.3174	1.290151	3.093364	0.8925648	2.358811
2328	-4328.106	-4877.208	549.1017	1.300486	3.309698	0.8925648	2.433456
2334	-4333.211	-4882.08	548.8684	1.27077	3.714961	0.8925648	2.503183
2340	-4328.216	-4877.599	549.3825	1.395854	3.714961	0.9249907	2.071553
2346	-4321.21	-4870.515	549.305	1.425886	3.714961	1.093039	1.992192
2352	-4331.321	-4881.15	549.8294	1.517398	2.656053	1.093039	1.867764
2358	-4332.509	-4881.908	549.3983	1.339555	2.656053	0.9175527	2.381198
2364	-4329.098	-4877.654	548.5557	1.24186	2.921204	0.9175527	2.88808
2370	-4318.946	-4867.071	548.1255	1.209443	2.966169	1.074589	3.059679
2376	-4328.421	-4876.564	548.1431	1.335347	2.966169	0.9309246	3.059679
2382	-4321.452	-4870.391	548.9385	1.289207	2.966169	0.9309246	2.604537
2388	-4321.47	-4870.165	548.6954	1.344073	2.676377	0.9309246	2.799411
2394	-4316.638	-4865.651	549.0134	1.333946	2.676377	0.8963837	2.633403
2400	-4332.261	-4880.674	548.4126	1.522597	3.002713	1.277752	2.575632
2406	-4317.415	-4865.857	548.4411	1.326833	3.002713	1.29105	2.672151
2412	-4312.058	-4860.305	548.2478	1.412277	3.265503	1.29105	2.672151
2418	-4310.436	-4859.859	549.4235	1.392094	3.243129	0.8081191	2.247911
2424	-4318.494	-4867.031	548.5371	1.184524	3.243129	0.9325604	2.843284
2430	-4322.741	-4871.299	548.5584	1.315514	2.733815	0.999071	2.841425
2436	-4330.281	-4878.215	547.9342	1.198117	2.733815	1.07956	3.238484
2442	-4319.708	-4866.917	547.2084	1.146964	3.152771	1.076234	3.589481
2448	-4338.079	-4886.66	548.5819	1.198289	3.197547	0.864891	2.863343
2454	-4315.148	-4863.723	548.5747	1.204482	3.197547	0.864891	2.863946
2460	-4336.426	-4884.245	547.8187	1.084215	3.197547	0.8910116	3.368864
2466	-4331.504	-4879.581	548.0766	1.175088	3.197547	1.016739	3.085343
2472	-4324.216	-4872.642	548.4264	1.104209	2.646957	0.8061836	3.196434
2478	-4327.606	-4874.168	546.5622	1.126909	2.917201	1.300629	3.917263
2484	-4313.004	-4860.214	547.21	1.071861	3.74863	1.043744	3.518574
2490	-4308.253	-4855.673	547.4201	1.319458	2.79563	1.408614	3.288501
2496	-4325.398	-4873.008	547.6105	1.185339	2.715353	1.528578	3.223947
2502	-4316.061	-4863.894	547.8328	1.09633	3.082997	1.308339	3.149827
2508	-4316.827	-4864.246	547.4188	1.210025	3.069952	1.046328	3.466756
2514	-4325.614	-4874.529	548.9146	1.44582	3.316872	0.8647433	2.477137
2520	-4313.161	-4861.987	548.8261	1.318544	2.833532	1.240312	2.510601
2526	-4313.586	-4862.241	548.6543	1.321648	3.004503	1.187529	2.597641
2532	-4317.311	-4865.881	548.57	1.376314	3.253492	1.190638	2.55088
2538	-4305.727	-4854.771	549.0442	1.493598	3.48613	1.190638	2.116839
2544	-4313.469	-4862.913	549.4443	1.349019	3.540607	0.9059201	2.116839
2550	-4324.894	-4873.8	548.9061	1.27648	3.540607	0.735347	2.629702
2556	-4329.548	-4878.208	548.6605	1.202023	2.948839	1.005763	2.78623
2562	-4335.725	-4885.128	549.4028	1.280604	2.948839	1.005763	2.274246
2568	-4321.407	-4870.102	548.6944	1.348651	3.506831	0.9517818	2.57132
2574	-4323.495	-4872.171	548.6762	1.366374	3.876842	0.9517818	2.488677
2580	-4323.109	-4872.12	549.0114	1.351073	3.876842	0.9517818	2.28634
2586	-4320.319	-4868.319	548	1.119094	3.290644	0.9442839	3.185864
2592	-4318.272	-4866.747	548.4747	1.190245	3.290644	0.9442839	2.858803
2598	-4322.732	-4870.508	547.7761	1.227318	3.290644	1.306197	3.056485
2604	-4338.874	-4887.729	548.8555	1.470296	3.290644	1.049915	2.384708
2610	-4328.367	-4877.049	548.6821	1.270184	3.512743	1.049915	2.565337
2616	-4334.855	-4883.47	548.6155	1.403471	2.929645	1.235185	2.565337
2622	-4333.543	-4882.377	548.8337	1.297435	3.185002	0.9976943	2.565337
2628	-4325.51	-4874.182	548.6716	1.221205	2.99702	0.8775756	2.836872
2634	-4326.98	-4875.441	548.461	1.220496	3.32715	0.8775756	2.88337
2640	-4337.797	-4886.692	548.8952	1.240264	3.354188	0.8775756	2.599283
2646	-4337.919	-4885.722	547.8031	1.236488	3.956352	0.8775756	3.131071
2652	-4322.349	-4870.749	548.4002	1.188915	3.061769	0.896916	2.990919
2658	-4334.323	-4882.913	548.5895	1.222505	3.125693	0.896916	2.84046
2664	-4320.982	-4869.507	548.5242	1.203458	3.125693	0.9480971	2.858606
2670	-4346.626	-4895.253	548.6274	1.185113	2.543745	0.8774553	3.009434
2676	-4342.177	-4891.157	548.9797	1.304211	3.112881	0.8774553	2.567156
2682	-4323.627	-4871.71	548.0827	1.213418	3.236332	0.9275915	3.103897
2688	-4323.129	-4870.896	547.7676	1.257142	3.236332	0.9268446	3.265335
2694	-4325.826	-4874.215	548.389	1.289328	3.236332	0.9343529	2.870044
2700	-4325.006	-4873.446	548.4403	1.418656	3.503361	1.107343	2.591773
2706	-4322.906	-4872.281	549.3751	1.271029	3.079165	1.107343	2.199935
2712	-4317.965	-4866.717	548.7511	1.394714	3.079165	1.299067	2.412815
2718	-4332.778	-4882.114	549.3362	1.366175	2.282279	1.299067	2.295924
2724	-4338.502	-4886.744	548.2421	1.352017	3.226912	1.1279	2.808431
2730	-4323.985	-4872.974	548.9889	1.288904	3.154868	0.9451532	2.515088
2736	-4316.665	-4866.106	549.4415	1.408283	3.004155	1.056313	2.119254
2742	-4308.396	-4857.481	549.0849	1.477143	3.033201	1.056313	2.297317
2748	-4321.912	-4871.629	549.717	1.451636	3.032481	1.056313	1.89893
2754	-4330.685	-4880.087	549.4018	1.522411	3.113993	1.056313	2.040009
2760	-4335.77	-4885.169	549.3988	1.413904	3.668189	0.8313285	2.127787
2766	-4336.355	-4886.274	549.9184	1.525555	3.041574	0.804831	1.890249
2772	-4354.677	-4903.872	549.1946	1.252126	2.568794	1.015574	2.526854
2778	-4328.493	-4877.61	549.1168	1.287325	2.568794	1.015574	2.55338
2784	-4330.671	-4879.882	549.2112	1.396176	2.568794	1.25059	2.29016
2790	-4316.422	-4865.446	549.0238	1.445769	2.568794	1.25059	2.377815
2796	-4330.657	-4879.799	549.1421	1.294963	3.145347	0.9831823	2.392976
2802	-4310.921	-4860.278	549.3574	1.342625	3.145347	0.9152344	2.270596
2808	-4288.741	-4837.876	549.1347	1.360691	3.390235	0.9152344	2.339169
2814	-4312.861	-4862.162	549.3009	1.376362	3.390235	0.9430872	2.203747
2820	-4328.2	-4877.637	549.4366	1.381638	2.915571	0.9149785	2.257071
2826	-4325.128	-4873.846	548.7179	1.231726	2.793927	0.9149785	2.831671
2832	-4317.532	-4866.634	549.1021	1.346393	3.420725	0.9149785	2.361734
2838	-4303.356	-4852.482	549.1265	1.379337	3.20429	0.9149785	2.379208
2844	-4309.665	-4858.914	549.2493	1.402282	3.20429	0.9149785	2.286422
2850	-4322.12	-4870.984	548.8637	1.206564	3.367386	0.8957615	2.624144
2856	-4341.553	-4889.701	548.1484	1.277874	3.367386	1.357494	2.758081
2862	-4308.223	-4856.194	547.9704	1.228909	3.179468	1.357494	2.940842
2868	-4310.293	-4858.27	547.9778	1.21737	3.179468	1.357494	2.943368
2874	-4306.016	-4853.772	547.7563	1.162325	2.723706	1.207664	3.298999
2880	-4302.597	-4851.014	548.4172	1.208828	2.628549	0.8959809	3.084573
2886	-4305.79	-4853.581	547.7904	1.213699	2.628549	1.030565	3.37062
2892	-4323.8	-4872.192	548.3914	1.220956	3.131079	1.030565	2.876749
2898	-4322.019	-4871.017	548.9981	1.298665	3.131079	1.030565	2.455316
2904	-4308.057	-4857.1	549.0427	1.30535	3.131079	1.030565	2.423057
2910	-4306.391	-4855.082	548.6911	1.306432	3.131079	1.175778	2.557937
2916	-4315.56	-4863.51	547.9503	1.307008	3.245588	0.9701406	3.098395
2922	-4316.353	-4864.334	547.9805	1.203672	3.003729	1.198076	3.073125
2928	-4315.116	-4862.558	547.4427	1.189415	2.700667	0.9514379	3.614533
2934	-4330.169	-4877.622	547.4536	1.212596	2.803662	1.166742	3.446999
2940	-4328.238	-4876.692	548.4537	1.089765	2.574147	0.9636551	3.106653
2946	-4334.216	-4882.903	548.6867	1.299588	2.574147	1.142481	2.735491
2952	-4314.863	-4863.94	549.0778	1.396273	2.898709	1.142481	2.339018
2958	-4342.96	-4891.769	548.8088	1.345197	2.898709	1.286353	2.462644
2964	-4324.205	-4872.714	548.5087	1.260844	2.898709	1.277155	2.705743
2970	-4318.016	-4866.391	548.3747	1.109747	2.915682	0.8659171	3.111131
2976	-4325.055	-4872.861	547.8059	1.158095	2.915682	0.8659171	3.418475
2982	-4325.549	-4874.334	548.7859	1.264218	2.939205	0.8659171	2.764066
2988	-4321.697	-4870.075	548.3783	1.426852	2.939205	1.402149	2.611283
2994	-4321.695	-4870.104	548.4089	1.233519	4.004703	0.9034975	2.740734
3000	-4337.296	-4886.72	549.4236	1.400428	2.924794	0.8647705	2.285872
3006	-4336.72	-4886.41	549.6892	1.437118	2.935753	0.8647705	2.086792
3012	-4326.901	-4876.235	549.3339	1.487837	3.815055	0.8324969	2.086792
3018	-4334.447	-4883.279	548.8318	1.300288	3.259762	0.6600836	2.787058
3024	-4315.018	-4864.106	549.088	1.360166	3.259762	1.006885	2.341614
3030	-4329.481	-4878.882	549.401	1.387775	3.340413	0.9103663	2.166365
3036	-4331.635	-4879.671	548.0363	1.314873	3.362948	1.44394	2.764121
3042	-4320.821	-4869.562	548.7409	1.330245	3.362948	0.9698129	2.576337
3048	-4306.814	-4855.342	548.5282	1.289335	3.343838	1.042184	2.692936
3054	-4306.383	-4855.873	549.4895	1.475666	2.547511	1.312391	2.030614
3060	-4324.34	-4874.114	549.7736	1.569027	2.854215	1.367187	1.643138
3066	-4339.964	-4889.739	549.7745	1.553622	2.854215	1.172408	1.768561
3072	-4317.413	-4867.254	549.8412	1.495877	3.660154	0.7176854	1.871715
3078	-4313.675	-4863.52	549.845	1.50499	3.132559	0.9007898	1.85485
3084	-4316.483	-4866.459	549.9756	1.546424	2.502853	1.137169	1.769524
3090	-4346.008	-4895.411	549.4027	1.530016	2.502853	1.137169	2.165028
3096	-4339.058	-4888.388	549.3299	1.391174	3.004247	1.137169	2.153973
3102	-4335.29	-4884.552	549.2622	1.359	3.169163	1.112011	2.189297
3108	-4310.686	-4859.928	549.2419	1.326208	3.472353	0.7583081	2.387049
3114	-4300.836	-4850.033	549.1969	1.371247	3.472353	0.7583081	2.387049
3120	-4326.335	-4876.183	549.8481	1.367991	3.472353	0.7839406	1.9452
3126	-4314.871	-4864.173	549.3018	1.396365	3.397167	0.7665097	2.316301
3132	-4318.525	-4868.057	549.5313	1.441951	3.397167	1.040694	1.94209
3138	-4324.188	-4873.94	549.7529	1.455287	3.397167	0.7946791	1.961159
3144	-4330.616	-4880.104	549.4877	1.385673	3.435079	0.804755	2.164722
3150	-4334.686	-4882.691	548.0048	1.363794	4.024353	1.276162	2.689128
3156	-4339.124	-4887.191	548.067	1.314161	3.400929	1.276162	2.817912
3162	-4311.956	-4861.539	549.5823	1.442612	2.995595	0.821854	2.168193
3168	-4312.773	-4862.481	549.7079	1.445826	3.154993	0.8944451	1.985964
3174	-4313.97	-4863.581	549.6114	1.461261	3.154993	0.8944451	2.039936
3180	-4328.717	-4878.317	549.5999	1.339009	3.496875	0.8944451	2.039936
3186	-4324.692	-4873.809	549.1169	1.353623	3.372693	0.8944451	2.373484
3192	-4307.644	-4857.146	549.5021	1.395681	2.535592	0.9102799	2.321069
3198	-4322.01	-4871.777	549.7674	1.506017	2.820561	0.9102799	1.989954
3204	-4317.629	-4867.716	550.0869	1.506836	3.197348	0.9213178	1.650378
3210	-4312.732	-4862.751	550.0186	1.57563	3.197348	0.9208449	1.650378
3216	-4308.024	-4857.698	549.6737	1.557996	3.197348	0.9208449	1.902853
3222	-4332.908	-4882.251	549.3428	1.436423	3.033049	0.6689174	2.43673
3228	-4325.612	-4875.132	549.5193	1.36278	3.109293	0.6689174	2.351659
3234	-4320.597	-4869.491	548.8935	1.243372	3.055393	0.7550282	2.76013
3240	-4341.291	-4890.233	548.941	1.260968	3.701689	1.018863	2.384467
3246	-4335.734	-4885.376	549.642	1.365552	2.883271	1.018863	2.073831
3252	-4330.086	-4880.011	549.9254	1.458555	3.916247	0.9059774	1.621073
3258	-4346.856	-4896.656	549.8002	1.433224	3.427557	0.9059774	1.850919
3264	-4348.103	-4898.025	549.9212	1.462321	3.557331	0.7347213	1.850919
3270	-4344.421	-4894.532	550.1109	1.575289	3.649646	0.7539312	1.59692
3276	-4339.59	-4889.836	550.2462	1.495705	3.624924	0.7539312	1.562706
3282	-4337.258	-4887.193	549.9345	1.529352	3.260145	1.039303	1.639565
3288	-4336.321	-4885.986	549.6644	1.506267	3.260145	1.039303	1.845214
3294	-4336.4	-4886.159	549.7585	1.389908	3.260145	1.098811	1.821632
3300	-4324.357	-4873.209	548.8521	1.235494	2.806654	1.098811	2.631565
3306	-4330.747	-4879.161	548.4143	1.266014	3.189788	0.936077	2.879085
3312	-4352.568	-4899.777	547.2095	1.072554	3.204882	0.8437301	3.758861
3318	-4353.319	-4901.998	548.6787	1.149265	3.333082	0.9491256	2.746358
3324	-4354.041	-4902.21	548.1697	1.27238	3.333082	1.318183	2.775825
3330	-4330.809	-4879.233	548.4237	1.346593	3.286744	1.073813	2.717054
3336	-4337.547	-4886.248	548.7016	1.376662	3.877199	1.107803	2.369943
3342	-4338.44	-4886.235	547.7949	1.275978	4.019135	1.087212	2.972327
3348	-4337.927	-4887.4	549.4728	1.375881	3.196401	1.001867	2.102761
3354	-4311.019	-4859.953	548.934	1.301989	2.984417	1.001867	2.549393
3360	-4322.856	-4872.096	549.2396	1.409852	3.071975	0.6206772	2.549393
3366	-4317.534	-4866.43	548.8957	1.274749	3.071975	0.9195017	2.61978
3372	-4315.511	-4864.189	548.6779	1.367089	3.071975	0.9195017	2.697003
3378	-4338.143	-4887.378	549.2354	1.339599	2.743246	1.205889	2.283063
3384	-4338.866	-4888.387	549.5214	1.405169	2.743246	1.21351	2.050139
3390	-4358.022	-4907.897	549.8745	1.398405	2.743246	0.7985614	2.096609
3396	-4342.384	-4892.233	549.8488	1.373807	3.009015	0.9061761	1.972041
3402	-4319.089	-4868.589	549.4992	1.302812	2.874294	0.9061761	2.285048
3408	-4325.163	-4874.17	549.0067	1.417332	2.874294	1.310073	2.286009
3414	-4310.376	-4859.024	548.6475	1.338265	3.753163	0.7886985	2.663246
3420	-4322.171	-4870.691	548.5207	1.267099	3.753163	0.7886985	2.784489
3426	-4331.049	-4880.091	549.0418	1.364188	3.753163	0.7886985	2.401393
3432	-4331.393	-4880.521	549.128	1.276334	2.662536	0.9775114	2.549328
3438	-4341.166	-4890.576	549.4102	1.312497	2.662536	1.122024	2.260184
3444	-4323.853	-4872.471	548.6175	1.25625	2.808126	1.107007	2.757749
3450	-4323.169	-4872.495	549.3264	1.30936	2.836251	1.107007	2.274072
3456	-4333.108	-4881.984	548.875	1.286847	3.035365	1.04245	2.557203
3462	-4335.416	-4885.022	549.6057	1.340336	2.851952	0.6857634	2.366578
3468	-4340.599	-4889.053	548.4541	1.377605	2.851952	1.731517	2.472575
3474	-4343.678	-4891.01	547.3314	1.427998	2.851952	1.731517	3.126023
3480	-4336.963	-4884.612	547.6495	1.448032	3.029828	1.731517	2.877052
3486	-4338.528	-4887.21	548.6823	1.459506	3.029828	1.487195	2.335732
3492	-4320.839	-4869.733	548.8938	1.435873	3.353582	1.183002	2.288617
3498	-4347.494	-4896.904	549.4103	1.470507	2.900081	0.9002619	2.231327
3504	-4343.092	-4892.582	549.4898	1.44505	3.041201	1.061939	2.049478
3510	-4342.256	-4891.806	549.5499	1.462215	2.568867	1.210225	2.049478
3516	-4338.758	-4888.335	549.5767	1.531661	2.568867	1.036516	2.091063
3522	-4320.411	-4870.22	549.8082	1.468792	2.558677	0.85623	2.107158
3528	-4314.12	-4863.531	549.411	1.468193	2.966446	1.016601	2.135804
3534	-4329.516	-4878.554	549.0384	1.388968	2.966446	1.078195	2.387697
3540	-4320.259	-4869.666	549.4073	1.447976	2.803985	0.8835282	2.286753
3546	-4334.588	-4883.544	548.9563	1.343108	2.80961	1.078551	2.511076
3552	-4327.343	-4876.504	549.1613	1.328345	3.094141	1.126656	2.285188
3558	-4345.321	-4894.364	549.0428	1.41975	3.094141	1.059116	2.342787
3564	-4346.88	-4896.392	549.5122	1.499315	3.810383	1.059116	1.800422
3570	-4333.611	-4883.507	549.8957	1.499315	3.066393	1.059116	1.730995
3576	-4337.021	-4886.896	549.875	1.546969	3.363689	0.8581827	1.773935
3582	-4339.279	-4887.785	548.5057	1.497996	3.363689	1.569359	2.299842
3588	-4334.212	-4883.649	549.4367	1.525006	3.363689	1.19899	1.85992
3594	-4324.874	-4874.212	549.3371	1.542984	3.363689	0.9345873	2.083936
3600	-4323.443	-4872.851	549.4075	1.508934	2.890649	1.097679	2.081928
3606	-4323.786	-4872.773	548.9871	1.481509	2.867243	1.260466	2.285746
3612	-4321.891	-4870.688	548.7975	1.49069	3.604925	1.316693	2.181476
3618	-4323.328	-4872.16	548.8321	1.477128	3.303741	1.316693	2.241753
3624	-4307.197	-4856.53	549.3329	1.380409	3.303741	1.024751	2.14851
3630	-4305.779	-4854.932	549.153	1.501999	3.345952	1.029995	2.172304
3636	-4328.779	-4878.312	549.5335	1.494243	3.345952	0.8648341	2.040871
3642	-4347.484	-4897.437	549.9529	1.517929	3.215541	0.8648341	1.77547
3648	-4358.187	-4907.563	549.3764	1.582074	3.452033	1.149392	1.869039
3654	-4343.087	-4892.892	549.8045	1.662773	3.565871	0.9719167	1.600908
3660	-4357.053	-4906.341	549.2878	1.31073	4.098476	0.6897345	2.282663
3666	-4353.849	-4902.499	548.65	1.204743	4.379728	0.9625702	2.495911
3672	-4337.04	-4885.938	548.8979	1.326017	4.379728	1.239964	2.094161
3678	-4337.526	-4886.396	548.8693	1.261776	4.204557	0.8797778	2.412624
3684	-4334.406	-4884.214	549.808	1.448928	3.216595	0.768628	1.996885
3690	-4349.022	-4898.803	549.7812	1.458554	3.395614	0.7597672	1.968591
3696	-4338.601	-4888.169	549.5679	1.446533	2.704675	1.006819	2.129873
3702	-4335.751	-4884.878	549.1266	1.351658	2.899674	1.154765	2.329003
3708	-4336.251	-4885.607	549.3561	1.282599	2.899674	0.9713459	2.338569
3714	-4325.092	-4874.25	549.1574	1.354852	2.861883	0.9745772	2.427006
3720	-4316.688	-4865.928	549.2403	1.34541	3.435832	0.9745772	2.230568
3726	-4331.064	-4880.72	549.6563	1.347347	2.886225	0.8674969	2.17905
3732	-4324.825	-4873.043	548.218	1.405363	2.886225	1.186029	2.845702
3738	-4315.78	-4864.641	548.8613	1.334306	2.764367	0.7246787	2.824705
3744	-4325.817	-4874.558	548.7413	1.291309	2.764367	0.9388569	2.773884
3750	-4316.238	-4864.875	548.6368	1.242899	2.819598	0.9388569	2.85179
3756	-4314.746	-4862.968	548.2218	1.175434	3.547689	0.6696537	3.154696
3762	-4303.549	-4851.909	548.36	1.3878	3.853643	0.9243508	2.69416
3768	-4313.854	-4863.004	549.1499	1.3878	2.810439	0.9302513	2.45426
3774	-4320.93	-4870.289	549.3597	1.378214	2.895579	0.8404538	2.366294
3780	-4308.383	-4857.986	549.6031	1.438992	3.378758	0.9388262	1.969584
3786	-4331.963	-4881.308	549.3452	1.448552	3.378758	0.9475731	2.127846
3792	-4334.755	-4884.995	550.2403	1.492038	3.36864	0.7159475	1.673817
3798	-4316.78	-4866.372	549.592	1.389174	3.554044	0.8385337	2.039044
3804	-4320.762	-4870.124	549.3628	1.37717	3.623512	0.8726321	2.155446
3810	-4327.085	-4875.933	548.8483	1.331669	3.300364	0.8726321	2.588132
3816	-4344.651	-4893.641	548.9902	1.233424	3.300364	1.009958	2.471307
3822	-4332.38	-4881.278	548.898	1.270219	3.300364	1.066906	2.471307
3828	-4339.891	-4888.403	548.5116	1.339187	3.300364	0.9726837	2.72541
3834	-4345.815	-4894.18	548.3651	1.255517	3.477985	1.141064	2.72541
3840	-4351.391	-4899.321	547.9302	1.253732	3.699482	1.018038	3.010929
3846	-4339.289	-4887.751	548.4619	1.350648	3.699482	1.111437	2.573602
3852	-4332.491	-4881.504	549.0126	1.40424	3.336554	0.9663811	2.368289
3858	-4344.685	-4893.886	549.2011	1.2964	3.144953	0.9623099	2.368289
3864	-4351.029	-4900.307	549.2775	1.385954	2.747273	0.8471027	2.450283
3870	-4336.202	-4885.824	549.6217	1.427977	2.890821	0.8471027	2.162677
3876	-4334.795	-4883.567	548.7714	1.381984	3.065218	1.138703	2.498485
3882	-4361.471	-4910.219	548.7479	1.281331	3.501556	1.086202	2.498485
3888	-4344.617	-4893.792	549.175	1.32816	2.906148	1.061856	2.366038
3894	-4340.256	-4889.268	549.0113	1.295176	2.594729	1.022311	2.602076
3900	-4328.028	-4876.946	548.9176	1.409697	2.896557	1.093334	2.460822
3906	-4328.289	-4877.204	548.915	1.395957	3.096396	1.093334	2.417663
3912	-4329.927	-4878.678	548.7509	1.385861	3.096396	1.122077	2.510209
3918	-4338.548	-4887.689	549.1411	1.401586	3.099181	1.122077	2.252555
3924	-4350.256	-4899.604	549.3474	1.363343	3.796359	0.8619286	2.141923
3930	-4341.519	-4890.832	549.3129	1.330839	3.347596	0.8619286	2.292229
3936	-4341.24	-4890.691	549.4511	1.315416	3.722783	0.9208299	2.080408
3942	-4336.92	-4885.833	548.9126	1.305771	2.860987	0.8101748	2.720962
3948	-4342.808	-4890.763	547.955	1.3128	3.882712	1.397017	2.720962
3954	-4337.466	-4885.182	547.7151	1.363528	4.11041	1.193784	2.891164
3960	-4318.374	-4866.429	548.0547	1.352931	3.189853	1.052363	2.972992
3966	-4324.839	-4873.398	548.559	1.288862	3.5975	0.948331	2.673298
3972	-4319.903	-4868.052	548.1488	1.309144	3.5975	1.176354	2.778359
3978	-4315.457	-4864.351	548.8945	1.359912	3.5975	1.203039	2.266606
3984	-4352.545	-4901.984	549.439	1.47073	2.800638	0.8345596	2.287958
3990	-4334.087	-4883.447	549.3596	1.413737	2.992745	1.080014	2.157546
3996	-4343.006	-4893.051	550.0449	1.47192	2.992745	0.9603163	1.736216
4002	-4347.557	-4897.082	549.5255	1.429593	2.739172	1.233337	2.021229
4008	-4328.577	-4877.918	549.3412	1.405824	3.953101	0.9765349	2.001863
4014	-4330.824	-4880.74	549.9158	1.480845	3.928525	0.8651947	1.64113
4020	-4341.285	-4891.18	549.895	1.423236	3.928525	0.8029062	1.747344
4026	-4341.602	-4891.852	550.2503	1.582273	3.471602	0.8029062	1.493816
4032	-4353.92	-4904.214	550.2942	1.668875	3.317224	0.8029062	1.439836
4038	-4338.547	-4888.44	549.8937	1.435541	3.348858	1.052233	1.701795
4044	-4345.079	-4895.027	549.9482	1.40476	2.832968	1.117735	1.792201
4050	-4337.273	-4886.806	549.5331	1.458612	2.87608	0.9262687	2.148264
4056	-4339.452	-4888.509	549.0577	1.307495	3.254966	0.8571499	2.494747
4062	-4334.318	-4883.661	549.3434	1.309059	3.254966	0.8192864	2.34087
4068	-4335.45	-4883.952	548.5013	1.308541	3.610894	1.118798	2.590988
4074	-4315.196	-4864.058	548.8621	1.33701	3.005549	0.9632036	2.590988
4080	-4322.707	-4871.676	548.9681	1.274537	4.077521	0.7439361	2.468496
4086	-4300.539	-4849.771	549.2313	1.278979	4.034829	0.7439361	2.308247
4092	-4300.552	-4849.273	548.7207	1.201106	3.27939	0.9044078	2.730813
4098	-4318.998	-4867.343	548.3456	1.220597	3.264634	1.21743	2.767884
4104	-4331.197	-4880.118	548.921	1.300229	3.145589	0.8750446	2.599358
4110	-4325.743	-4874.512	548.7691	1.381575	2.906791	1.052295	2.592407
4116	-4329.69	-4879.475	549.7849	1.543246	3.072677	1.1415	1.722225
4122	-4330.186	-4880.069	549.8821	1.675171	3.072677	1.13784	1.559792
4128	-4324.859	-4874.748	549.8899	1.519005	3.568898	0.872225	1.717788
4134	-4327.508	-4877.73	550.2226	1.565041	3.073263	0.872225	1.585478
4140	-4321.214	-4870.597	549.3828	1.41002	3.387424	1.0233	2.075969
4146	-4343.721	-4892.736	549.0156	1.378895	3.411043	1.098979	2.281624
4152	-4335.641	-4885.197	549.556	1.446416	3.043729	0.8370681	2.1582
4158	-4335.135	-4884.236	549.1009	1.328673	3.452353	1.295724	2.137634
4164	-4333.89	-4883.642	549.7522	1.468615	3.056483	1.123026	1.813524
4170	-4333.566	-4883.086	549.5208	1.532036	3.328347	1.037968	1.90815
4176	-4334.134	-4883.934	549.7992	1.552107	3.502745	1.037968	1.654047
4182	-4342.684	-4891.716	549.032	1.353081	3.731999	0.8157895	2.399189
4188	-4337.084	-4886.31	549.2266	1.479382	3.584802	0.8157895	2.228483
4194	-4333.441	-4882.035	548.5933	1.278745	2.522697	0.8713852	2.983873
4200	-4335.638	-4884.185	548.5467	1.276706	3.098631	0.9035216	2.83594
4206	-4342.091	-4890.454	548.3627	1.199889	3.511557	0.9035216	2.895554
4212	-4360.749	-4910.15	549.4007	1.315077	3.566843	0.9356603	2.14048
4218	-4366.634	-4916.006	549.3716	1.347354	3.566843	0.9356603	2.138417
4224	-4357.92	-4907.601	549.6811	1.548327	3.442056	0.9356603	1.828207
4230	-4362.157	-4911.739	549.5821	1.452685	3.448256	0.9073666	1.979032
4236	-4329.175	-4878.332	549.1569	1.44012	3.448256	0.8059498	2.338261
4242	-4316.045	-4865.706	549.6611	1.436566	3.448256	0.901267	1.941255
4248	-4335.434	-4885.324	549.8903	1.642234	3.448256	0.940364	1.609242
4254	-4328.179	-4878.306	550.1268	1.59574	3.448256	0.9738122	1.442083
4260	-4327.962	-4877.412	549.4506	1.477887	3.448256	1.08609	1.929838
4266	-4325.318	-4875.266	549.9472	1.477887	3.448256	0.824836	1.775611
4272	-4317.573	-4866.863	549.2899	1.397522	3.448256	0.8253453	2.266079
4278	-4325.403	-4875.291	549.8872	1.412647	3.596785	0.8319354	1.818297
4284	-4337.135	-4887.056	549.9215	1.47995	3.596785	0.7816789	1.78881
4290	-4341.831	-4891.077	549.2454	1.442366	3.310814	1.009377	2.173151
4296	-4322.634	-4872.719	550.0847	1.578976	3.266907	0.9518155	1.556093
4302	-4325.57	-4875.399	549.8292	1.564175	3.044998	1.217936	1.635986
4308	-4320.042	-4869.848	549.8057	1.624229	2.973441	1.217936	1.631494
4314	-4318.684	-4868.424	549.74	1.740467	2.608737	1.674634	1.459185
4320	-4318.842	-4868.61	549.7685	1.666887	3.02857	1.303463	1.558206
4326	-4319.79	-4869.902	550.112	1.598364	3.02857	1.032716	1.533437
4332	-4327.305	-4877.265	549.9597	1.559312	3.006948	0.8772494	1.792203
4338	-4339.535	-4889.053	549.5182	1.563508	3.006948	1.107643	1.932315
4344	-4326.073	-4875.721	549.648	1.464677	2.948798	1.101028	1.932315
4350	-4303.516	-4853.382	549.8665	1.534509	3.330114	0.9771524	1.708754
4356	-4304.616	-4854.07	549.4531	1.534509	3.444889	1.188914	1.82682
4362	-4314.482	-4864.298	549.8162	1.485535	3.727565	1.188914	1.528664
4368	-4311.659	-4860.604	548.9459	1.458033	3.727565	1.188914	2.147523
4374	-4326.894	-4875.649	548.7546	1.23856	2.680839	1.318988	2.607308
4380	-4321.237	-4869.952	548.7152	1.294489	3.16792	1.149164	2.555752
4386	-4315.246	-4864.248	549.0028	1.412636	3.570027	1.149164	2.20009
4392	-4313.62	-4862.988	549.3684	1.351012	3.228677	0.969046	2.20009
4398	-4307.092	-4855.713	548.621	1.28161	3.738882	0.969046	2.594803
4404	-4320.355	-4868.991	548.6367	1.318308	3.100275	1.28546	2.533908
4410	-4327.085	-4875.736	548.6508	1.417087	3.932689	1.077846	2.382154
4416	-4312.644	-4862.276	549.6317	1.413884	3.342816	1.060134	1.894711
4422	-4307.37	-4856.416	549.0464	1.451884	3.342816	1.060134	2.255522
4428	-4306.447	-4855.111	548.6639	1.300024	3.342816	1.060134	2.59225
4434	-4313.246	-4862.108	548.8619	1.38177	3.342816	1.374614	2.244321
4440	-4308.087	-4857.317	549.2301	1.368202	3.342816	0.8796233	2.309914
4446	-4315.332	-4864.426	549.0946	1.403483	3.342816	0.8796233	2.373662
4452	-4315.603	-4864.411	548.8073	1.365031	3.342816	1.149253	2.410347
4458	-4325.102	-4874.496	549.3944	1.376824	2.914789	0.8241118	2.351731
4464	-4324.179	-4873.574	549.3949	1.328595	3.086825	0.8241118	2.335601
4470	-4333.743	-4883.352	549.6089	1.401871	2.81099	0.7294781	2.301063
4476	-4326.305	-4875.559	549.2547	1.379588	3.759669	0.7294781	2.301063
4482	-4313.744	-4862.844	549.1	1.312107	3.759669	1.143085	2.161343
4488	-4312.57	-4861.537	548.967	1.246315	3.759669	0.7904254	2.519554
4494	-4320.051	-4869.179	549.1286	1.343777	3.093892	0.6993927	2.587272
4500	-4312.479	-4861.838	549.3593	1.372946	3.839869	0.8236274	2.146375
4506	-4299.34	-4848.746	549.4061	1.41004	3.8827	0.9086477	2.019111
4512	-4302.625	-4852.397	549.7712	1.443575	3.484476	0.9086477	1.846986
4518	-4316.472	-4865.865	549.3932	1.299062	3.484476	0.9086477	2.194395
4524	-4314.237	-4863.94	549.7025	1.356116	3.484476	0.7252917	2.094837
4530	-4318.566	-4868.102	549.5357	1.290345	3.484476	0.8558086	2.145194
4536	-4318.532	-4867.743	549.2108	1.333535	3.484476	1.088273	2.173534
4542	-4306.26	-4855.196	548.9368	1.344548	3.687506	0.9878385	2.35705
4548	-4327.342	-4876.78	549.4384	1.208783	2.777323	0.9878385	2.35705
4554	-4316.423	-4865.495	549.0713	1.346859	3.239818	0.8698505	2.45649
4560	-4318.161	-4867.204	549.0432	1.333598	3.239818	0.8698505	2.482374
4566	-4326.599	-4876.213	549.6146	1.27667	3.239818	0.8698505	2.154257
4572	-4320.33	-4869.477	549.147	1.254813	3.329591	0.8698505	2.444446
4578	-4327.132	-4876.495	549.3629	1.229467	3.378154	0.7503949	2.400626
4584	-4316.468	-4865.428	548.9605	1.350547	2.836549	0.9465654	2.577772
4590	-4330.01	-4878.969	548.9589	1.320371	2.836549	0.9465654	2.597466
4596	-4345.359	-4893.11	547.7515	1.227425	3.663649	1.124595	3.080771
4602	-4350.139	-4899.096	548.9564	1.359654	3.474805	1.026334	2.360419
4608	-4332.506	-4881.614	549.1081	1.377104	2.870768	0.9599711	2.450976
4614	-4324.121	-4873.361	549.2397	1.350081	3.053723	0.8091721	2.439878
4620	-4318.631	-4867.597	548.9657	1.338185	3.03233	0.860007	2.587643
4626	-4329.081	-4877.655	548.5739	1.323872	3.822867	0.9562612	2.587643
4632	-4334.977	-4883.692	548.715	1.217505	3.822867	0.9230958	2.587643
4638	-4322.279	-4871.242	548.963	1.158052	3.822867	0.7775629	2.572729
4644	-4328.215	-4877.013	548.7974	1.257938	3.610293	1.096034	2.451134
4650	-4321.385	-4870.538	549.1532	1.428041	3.018816	1.124399	2.247981
4656	-4330.146	-4879.582	549.4359	1.412175	3.277008	0.996179	2.08575
4662	-4330.832	-4880.357	549.525	1.515132	3.018048	0.996179	2.028797
4668	-4334.639	-4883.275	548.6357	1.33715	2.861142	1.418804	2.520331
4674	-4314.731	-4863.285	548.554	1.244035	3.177704	0.8905312	2.840237
4680	-4336.144	-4884.41	548.266	1.165854	3.003026	1.006431	3.031899
4686	-4331.957	-4880.37	548.4139	1.165854	3.054972	1.108005	2.87097
4692	-4328.569	-4876.94	548.3712	1.349501	3.054972	1.108005	2.785392
4698	-4348.981	-4897.834	548.853	1.344115	3.054972	1.154727	2.4647
4704	-4313.98	-4862.449	548.4697	1.275361	3.054972	1.017514	2.823165
4710	-4342.386	-4890.447	548.0611	1.113357	3.107706	1.477287	2.918134
4716	-4310.555	-4858.788	548.2333	1.328325	2.972739	1.369579	2.767642
4722	-4325.078	-4872.911	547.8335	1.282845	2.74334	1.473737	3.049623
4728	-4319.501	-4868.542	549.0417	1.342976	2.511734	1.165013	2.495342
4734	-4322.444	-4871.179	548.7349	1.261346	3.130916	1.165013	2.5647
4740	-4327.86	-4876.571	548.7109	1.286429	2.601319	1.165013	2.708354
4746	-4353.002	-4901.625	548.6232	1.346926	3.322952	1.039642	2.605453
4752	-4347.794	-4896.578	548.7838	1.275561	2.571846	1.039642	2.750404
4758	-4325.63	-4874.599	548.9696	1.280218	2.362565	1.089964	2.667937
4764	-4331.086	-4879.84	548.7541	1.20039	2.465071	1.089964	2.816851
4770	-4302.454	-4851.338	548.884	1.186342	2.658161	1.027093	2.726087
4776	-4307.473	-4855.81	548.337	1.217025	3.310529	1.096125	2.8305
4782	-4316.724	-4864.95	548.2263	1.199238	3.317076	1.055579	2.929897
4788	-4323.448	-4871.966	548.5183	1.289725	3.317076	1.055579	2.697278
4794	-4315.442	-4863.976	548.5343	1.248935	3.113003	1.222483	2.669831
4800	-4309.672	-4858.14	548.4671	1.290463	3.113003	1.335262	2.627954
4806	-4317.506	-4866.217	548.7106	1.303712	2.615249	1.147005	2.703804
4812	-4328.089	-4876.254	548.1652	1.303712	2.615249	1.38251	2.915412
4818	-4326.911	-4873.334	546.4223	1.16457	2.752468	1.282316	4.026269
4824	-4328.336	-4875.415	547.0788	1.267227	2.752468	1.022186	3.725009
4830	-4328.394	-4877.264	548.87	1.365301	3.031356	0.803595	2.670208
4836	-4322.349	-4870.952	548.6031	1.305861	2.892411	1.330248	2.594728
4842	-4314.515	-4863.458	548.9436	1.242971	3.559236	0.8766538	2.519873
4848	-4329.389	-4878.162	548.7733	1.228629	3.509691	0.8369907	2.673153
4854	-4316.43	-4865.485	549.0549	1.346179	3.382551	0.8369907	2.45524
4860	-4306.419	-4855.979	549.5605	1.36783	3.461871	0.9018417	2.050374
4866	-4320.441	-4869.666	549.2252	1.376691	3.461871	0.8686741	2.286195
4872	-4324.012	-4872.989	548.9765	1.355105	3.064105	1.013467	2.461461
4878	-4327.053	-4876.483	549.4304	1.456522	2.907213	1.058595	2.120778
4884	-4316.084	-4864.977	548.8933	1.291279	3.196177	1.058595	2.492052
4890	-4327.631	-4875.952	548.321	1.424386	3.040065	1.583856	2.538558
4896	-4315.047	-4863.045	547.9975	1.216624	2.907901	1.592419	2.895153
4902	-4330.679	-4878.372	547.6931	1.274682	2.907901	1.592419	3.043314
4908	-4331.276	-4878.641	547.3649	1.230515	3.040849	1.517954	3.262386
4914	-4332.659	-4881.392	548.7331	1.326543	3.543155	1.17223	2.4204
4920	-4316.134	-4865.467	549.3328	1.374384	3.307992	0.8359593	2.280312
4926	-4321.705	-4871.213	549.5082	1.364827	3.526794	0.8359593	2.118794
4932	-4344.25	-4893.622	549.3724	1.381604	3.526794	0.8359593	2.196276
4938	-4342.717	-4891.834	549.1171	1.555798	2.806377	1.284874	2.158281
4944	-4332.539	-4881.397	548.8583	1.44732	2.563394	1.302753	2.455517
4950	-4325.211	-4873.884	548.6736	1.398207	3.402687	1.302753	2.375982
4956	-4329.48	-4878.402	548.9222	1.50882	3.217569	1.599962	2.045729
4962	-4328.833	-4877.942	549.1087	1.431362	3.083208	1.132189	2.252512
4968	-4315.707	-4864.738	549.0316	1.381585	3.083208	1.132189	2.333638
4974	-4323.325	-4872.26	548.9353	1.404615	3.336128	1.132189	2.315463
4980	-4313.634	-4863.363	549.7286	1.425203	3.336128	0.9273912	1.913616
4986	-4307.19	-4856.709	549.5184	1.390422	3.464633	1.065358	1.952116
4992	-4312.754	-4861.919	549.1649	1.371916	3.323961	1.251349	2.124081
4998	-4317.177	-4866.324	549.1474	1.400793	3.323961	1.135882	2.18246
5004	-4315.468	-4863.555	548.0876	1.272924	3.037022	1.131949	2.994449
5010	-4315.566	-4863.338	547.7723	1.332651	4.307293	1.131949	2.870125
5016	-4336.54	-4885.578	549.0375	1.352702	4.307293	0.8681368	2.234775
5022	-4345.891	-4894.619	548.7287	1.257099	3.738355	0.7107482	2.725679
5028	-4328.484	-4876.563	548.0788	1.232847	4.109814	0.8093887	2.98401
5034	-4334.207	-4882.401	548.1944	1.265295	3.186055	1.056365	2.940285
5040	-4338.64	-4887.216	548.5765	1.177195	3.186055	1.056365	2.76202
5046	-4327.611	-4876.097	548.4855	1.165199	3.316515	1.056365	2.79315
5052	-4312.874	-4860.972	548.0978	1.268095	3.46981	1.091106	2.910099
5058	-4309.6	-4858.366	548.7661	1.392431	3.46981	1.231993	2.342276
5064	-4312.263	-4860.94	548.6771	1.227495	3.46981	1.012761	2.627356
5070	-4294.755	-4843.616	548.8613	1.220608	3.162919	0.9564374	2.627356
5076	-4316.428	-4865.487	549.0598	1.289996	3.006639	0.7746279	2.627356
5082	-4321.337	-4870.588	549.251	1.336707	3.006639	0.9026127	2.387476
5088	-4333.461	-4882.42	548.9596	1.358346	3.006639	1.186854	2.38349
5094	-4329.205	-4877.728	548.5234	1.30481	3.006639	1.186854	2.688569
5100	-4334.559	-4883.218	548.6599	1.271844	3.12596	0.9957291	2.704472
5106	-4331.864	-4880.211	548.3469	1.186862	3.12596	1.027216	2.927477
5112	-4326.733	-4875.23	548.4966	1.358533	2.890966	0.9642575	2.831546
5118	-4322.814	-4872.242	549.4283	1.315042	3.266764	0.8675095	2.244715
5124	-4336.939	-4886.32	549.3814	1.315042	3.679238	0.8467752	2.189432
5130	-4331.451	-4880.91	549.4593	1.353361	3.679238	0.7100685	2.220864
5136	-4314.737	-4863.766	549.0297	1.481969	3.677394	0.8992256	2.27149
5142	-4322.618	-4872.227	549.609	1.40174	3.702968	1.01099	1.859429
5148	-4338.237	-4886.784	548.5477	1.356524	3.660097	1.516601	2.316762
5154	-4334.417	-4883.096	548.6798	1.426182	3.678522	1.452854	2.213294
5160	-4320.805	-4869.702	548.8973	1.250602	3.678522	0.9517141	2.466601
5166	-4313.024	-4862.852	549.828	1.542934	2.943209	1.08297	1.768598
5172	-4333.751	-4883.642	549.8914	1.574317	2.647181	1.326383	1.645893
5178	-4337.232	-4886.153	548.9213	1.386995	2.991241	1.03389	2.482742
5184	-4308.665	-4857.41	548.7447	1.321182	2.721839	1.03389	2.706684
5190	-4307.456	-4856.248	548.7922	1.287953	2.721839	1.215784	2.595164
5196	-4313.792	-4863.015	549.2224	1.311	2.721839	1.139614	2.353284
5202	-4304.688	-4853.177	548.4889	1.401456	2.721839	1.335925	2.650671
5208	-4309.522	-4858.359	548.8367	1.324218	2.721839	1.121026	2.597356
5214	-4321.546	-4869.573	548.0271	1.210752	2.721839	1.029061	3.208018
5220	-4329.995	-4879.082	549.0866	1.174578	3.067873	0.6639351	2.752797
5226	-4319.6	-4868.282	548.6823	1.229277	3.067873	0.9615556	2.752797
5232	-4319.122	-4868.359	549.2363	1.432819	3.067873	0.9022532	2.319713
5238	-4320.466	-4869.498	549.0316	1.421784	2.783861	1.011707	2.462437
5244	-4343.652	-4893.252	549.6	1.433381	2.783861	1.149604	2.004441
5250	-4339.203	-4888.091	548.8886	1.46296	2.783861	1.392807	2.315998
5256	-4334.522	-4883.847	549.3255	1.479891	2.783861	1.243564	2.10091
5262	-4341.571	-4890.957	549.3862	1.444769	3.565399	0.8451975	2.130047
5268	-4323.997	-4873.18	549.1828	1.434584	3.129128	1.237559	2.130047
5274	-4316.304	-4865.687	549.3825	1.379041	3.613105	0.8413453	2.166729
5280	-4322.079	-4871.192	549.1128	1.438741	3.477799	0.8382531	2.336323
5286	-4329.099	-4878.552	549.4536	1.413173	3.477799	0.71507	2.229702
5292	-4321.862	-4871.439	549.5768	1.401284	3.196871	0.7137832	2.229702
5298	-4339.075	-4888.63	549.5548	1.402436	3.066654	0.9168576	2.123988
5304	-4336.821	-4885.277	548.4564	1.300159	3.066654	1.321031	2.647505
5310	-4327.432	-4876.304	548.8725	1.422332	2.736056	1.162138	2.486763
5316	-4320.799	-4870.609	549.8102	1.447152	3.660738	0.8229104	1.83866
5322	-4332.295	-4881.326	549.0315	1.302762	2.884402	1.089663	2.461959
5328	-4319.005	-4868.516	549.5105	1.40389	3.355859	0.9344423	2.063421
5334	-4314.845	-4864.261	549.4157	1.478573	3.355859	0.9344423	2.076676
5340	-4320.332	-4869.635	549.3033	1.501807	3.036805	1.159681	2.076676
5346	-4322.16	-4871.722	549.5622	1.374292	3.432238	1.159681	1.882854
5352	-4322.466	-4872.127	549.6606	1.521668	3.534369	1.017027	1.7795
5358	-4329.655	-4879.214	549.5587	1.490792	3.534369	1.242974	1.727898
5364	-4303.048	-4852.854	549.8065	1.456186	3.452054	1.04185	1.727898
5370	-4306.418	-4856.193	549.7755	1.474728	2.928866	1.107084	1.840814
5376	-4314.268	-4864.046	549.7776	1.472609	2.928866	1.107084	1.840814
5382	-4332.077	-4881.643	549.5661	1.427045	3.623174	0.7650516	2.071551
5388	-4326.461	-4876.186	549.725	1.451854	3.623174	0.7650516	1.94927
5394	-4331.647	-4880.101	548.454	1.252643	3.904635	0.7606949	2.822319
5400	-4349.231	-4898.607	549.3759	1.31325	3.623174	1.107361	2.033144
5406	-4327.809	-4876.495	548.6867	1.356705	3.623174	1.010173	2.507386
5412	-4312.425	-4860.305	547.8802	1.180608	3.361925	1.010173	3.164126
5418	-4317.253	-4865.918	548.6646	1.221703	3.38529	0.9812028	2.677979
5424	-4308.584	-4857.18	548.5965	1.30255	2.914388	0.7653964	2.933173
5430	-4330.522	-4879.421	548.8995	1.29569	3.145995	0.7653964	2.693715
5436	-4321.232	-4869.614	548.3825	1.256333	3.145995	1.03426	2.854827
5442	-4321.025	-4870.284	549.2586	1.438042	3.441703	1.106999	2.073072
5448	-4304.316	-4853.54	549.2233	1.430072	4.274708	0.8884816	2.055313
5454	-4315.854	-4865.593	549.7386	1.494687	3.069828	0.7651284	2.055313
5460	-4332.106	-4881.919	549.8126	1.494687	3.615991	0.9802105	1.696452
5466	-4322.72	-4871.567	548.8464	1.364412	4.521558	1.079623	2.167916
5472	-4306.635	-4855.21	548.5749	1.283543	3.662648	0.8455986	2.720711
5478	-4325.442	-4874.577	549.1343	1.36166	3.662648	0.8455986	2.32292
5484	-4319.525	-4868.834	549.3093	1.364646	3.701903	1.07419	2.044887
5490	-4317.106	-4865.854	548.7481	1.324759	3.292079	0.9490096	2.60576
5496	-4321.868	-4870.153	548.2855	1.183397	3.038128	1.183936	2.900885
5502	-4305.087	-4853.582	548.4957	1.272589	3.560585	0.996681	2.700246
5508	-4327.944	-4876.345	548.4014	1.370961	2.536089	1.358272	2.765873
5514	-4310.805	-4858.921	548.1164	1.316906	2.536089	1.358272	2.971222
5520	-4314.34	-4863.212	548.872	1.335863	3.417786	0.8555449	2.554356
5526	-4336.687	-4885.871	549.1842	1.373239	2.63421	1.032693	2.427424
5532	-4351.34	-4900.567	549.2271	1.386413	2.874355	0.886541	2.418287
5538	-4324.663	-4872.842	548.1792	1.170763	2.983483	1.184214	2.986263
5544	-4318.468	-4867.718	549.25	1.340769	2.983483	1.185844	2.21602
5550	-4341.694	-4890.165	548.4713	1.489879	2.983483	1.026715	2.704183
5556	-4340.151	-4888.36	548.2092	1.221327	2.983483	0.9176666	3.092266
5562	-4310.236	-4858.448	548.2121	1.107439	2.637242	1.19387	3.092266
5568	-4321.253	-4869.016	547.7633	1.218189	2.992121	1.209615	3.190694
5574	-4319.688	-4869.145	549.4563	1.386741	2.969899	1.052358	2.135704
5580	-4318.161	-4867.354	549.1928	1.320113	2.611069	1.071226	2.439001
5586	-4321.634	-4870.686	549.0514	1.294895	3.307177	0.9682856	2.418916
5592	-4335.517	-4884.597	549.0807	1.243026	3.43796	0.7498255	2.555021
5598	-4326.629	-4875.475	548.8464	1.342615	3.43796	0.71216	2.667701
5604	-4322.447	-4871.745	549.2978	1.459282	2.613272	1.160142	2.230807
5610	-4329.759	-4879.623	549.8644	1.539198	2.613272	0.9761815	1.92027
5616	-4311.725	-4861.525	549.7999	1.524257	2.902994	0.8461206	1.97892
5622	-4312.482	-4861.595	549.1135	1.401721	2.902994	1.051007	2.365882
5628	-4322.743	-4871.395	548.6517	1.357011	2.902994	1.551413	2.424864
5634	-4321.277	-4869.366	548.0888	1.329016	3.568237	1.031967	2.890652
5640	-4320.923	-4869.283	548.3603	1.32958	3.568237	1.039758	2.720492
5646	-4344.479	-4893.425	548.946	1.330288	3.06646	0.6926857	2.720492
5652	-4342.64	-4891.552	548.9111	1.179624	3.898426	0.6926857	2.641248
5658	-4330.954	-4879.767	548.8131	1.245352	3.601662	0.6926857	2.725825
5664	-4317.108	-4865.486	548.3778	1.28119	3.257054	1.122925	2.764317
5670	-4323.169	-4872.088	548.919	1.336293	2.65858	1.122925	2.555917
5676	-4311.849	-4861.101	549.2521	1.337541	3.117297	0.9979621	2.293865
5682	-4316.753	-4865.238	548.4843	1.246318	3.298453	1.083159	2.733161
5688	-4311.972	-4860.509	548.5369	1.250088	2.930637	1.281503	2.684265
5694	-4326.184	-4874.701	548.5177	1.148075	3.454424	0.7843389	2.927976
5700	-4346.062	-4895.017	548.9554	1.19341	3.655724	0.7604348	2.605241
5706	-4321.727	-4870.35	548.6231	1.220272	3.762759	1.0887	2.553609
5712	-4328.409	-4878.023	549.6139	1.411383	3.444481	0.9018345	1.990287
5718	-4331.511	-4880.815	549.3035	1.37834	3.444481	1.013696	2.140658
5724	-4335.283	-4885.208	549.925	1.451553	3.36121	1.000699	1.700683
5730	-4312.366	-4861.058	548.6921	1.307757	3.36121	1.000699	2.601579
5736	-4304.817	-4853.832	549.0152	1.387526	3.36121	1.178658	2.242325
5742	-4321.961	-4870.557	548.5957	1.292335	3.36121	0.9136992	2.725755
5748	-4319.371	-4868.738	549.3665	1.293539	3.651021	0.8384072	2.225651
5754	-4325.814	-4873.111	547.2972	1.186632	4.262388	0.994025	3.327746
5760	-4315.149	-4864.307	549.1586	1.37178	3.424279	0.9676856	2.273487
5766	-4342.675	-4891.466	548.7914	1.399518	4.062221	1.019964	2.311788
5772	-4336.411	-4884.477	548.0659	1.364721	3.196073	1.403599	2.774699
5778	-4331.827	-4880.419	548.5926	1.23967	3.196073	0.8359642	2.851876
5784	-4335.469	-4883.562	548.0931	1.208264	3.312827	0.8359642	3.142678
5790	-4340.487	-4888.072	547.5849	1.242033	3.312827	1.199307	3.209977
5796	-4342.015	-4891.077	549.0624	1.334643	3.312827	0.8251072	2.483349
5802	-4336.709	-4886.152	549.4429	1.325374	3.312827	0.8251072	2.247892
5808	-4322.997	-4872.373	549.3761	1.321246	3.312827	0.983295	2.183401
5814	-4309.973	-4858.937	548.9637	1.243821	3.363031	0.983295	2.482782
5820	-4325.029	-4873.771	548.7421	1.319295	3.362252	0.8914334	2.633764
5826	-4341.3	-4889.066	547.7659	1.289864	2.863641	1.064314	3.25783
5832	-4341.57	-4889.894	548.3247	1.194333	3.036248	1.043117	2.949497
5838	-4340.235	-4889.869	549.6335	1.382033	3.036248	0.6913706	2.266873
5844	-4329.213	-4877.378	548.1655	1.266956	3.036248	1.654821	2.70258
5850	-4327.318	-4874.921	547.603	1.302587	3.224972	1.179148	3.194464
5856	-4321.929	-4870.137	548.2083	1.271483	3.057285	1.147393	2.909072
5862	-4325.117	-4872.572	547.4551	1.204253	3.057285	1.147393	3.396785
5868	-4324.359	-4873.331	548.9712	1.244876	3.173765	0.9047599	2.575377
5874	-4339.469	-4888.244	548.7749	1.174284	3.485685	0.7084799	2.806244
5880	-4328.263	-4876.801	548.5378	1.257839	3.054957	0.7165897	2.995949
5886	-4305.397	-4853.491	548.0941	1.228311	3.054957	1.050472	3.058461
5892	-4327.877	-4876.736	548.8592	1.269093	3.054957	1.050472	2.568132
5898	-4317.796	-4867.127	549.3307	1.421118	3.054957	1.141478	2.117374
5904	-4322.701	-4871.805	549.104	1.454242	3.054957	0.9498068	2.361605
5910	-4328.004	-4877.02	549.0159	1.37258	3.054957	0.8101257	2.564661
5916	-4318.839	-4868.341	549.5016	1.366949	3.264322	0.8397095	2.184732
5922	-4327.232	-4876.444	549.2125	1.341882	3.074975	0.8397095	2.434403
5928	-4320.035	-4868.693	548.6581	1.314929	3.074975	0.9640592	2.711823
5934	-4325.798	-4873.371	547.5734	1.206086	2.82439	1.152756	3.382528
5940	-4341.841	-4889.508	547.6664	1.186426	3.441205	1.152756	3.189666
5946	-4354.287	-4902.099	547.8121	1.085891	3.919615	1.210282	3.02973
5952	-4340.404	-4889.195	548.7917	1.252173	4.451849	0.7220547	2.535169
5958	-4328.365	-4877.121	548.756	1.204465	3.132711	0.9163329	2.735471
5964	-4334.548	-4883.215	548.6674	1.248428	3.311484	1.093188	2.610246
5970	-4337.406	-4886.168	548.7621	1.203616	3.415121	1.000036	2.610246
5976	-4337.092	-4885.674	548.5822	1.256331	2.971713	1.029315	2.780694
5982	-4322.343	-4870.203	547.8597	1.267842	2.971713	1.247425	3.089765
5988	-4342.268	-4891.064	548.7955	1.304242	2.971713	1.120828	2.566675
5994	-4351.974	-4899.313	547.339	1.144329	3.325256	1.155331	3.432273
6000	-4328.692	-4876.936	548.2442	1.272137	3.303563	1.155331	2.822147
6006	-4311.144	-4859.593	548.4486	1.27415	3.303563	1.287875	2.625862
6012	-4316.828	-4865.814	548.986	1.389953	3.335598	1.127608	2.295258
6018	-4342.004	-4891.194	549.1893	1.356768	3.335598	1.096517	2.204339
6024	-4339.198	-4888.646	549.4478	1.382837	3.244234	0.8081079	2.237934
6030	-4336.206	-4884.918	548.7115	1.399815	3.244234	1.106264	2.497689
6036	-4343.458	-4892.279	548.8212	1.359167	3.244234	1.106264	2.454425
6042	-4355.049	-4903.42	548.3712	1.410753	3.04893	1.354217	2.619978
6048	-4354.981	-4902.971	547.9906	1.238334	3.946318	0.7744738	3.091112
6054	-4346.6	-4895.648	549.0475	1.24126	3.404333	0.8602209	2.503923
6060	-4327.45	-4876.165	548.7149	1.299355	3.805409	0.9798551	2.503923
6066	-4345.72	-4894.309	548.5896	1.245565	3.417807	0.9798551	2.702555
6072	-4344.153	-4893.038	548.885	1.279302	3.056624	1.083516	2.525725
6078	-4345.527	-4894.994	549.4676	1.270771	3.009357	0.9379883	2.266822
6084	-4335.959	-4884.064	548.1051	1.281611	3.009357	1.186553	2.956375
6090	-4325.875	-4874.339	548.4646	1.314302	3.009357	1.115898	2.757174
6096	-4328.014	-4877.003	548.9891	1.281276	3.558481	0.6872116	2.609613
6102	-4320.264	-4869.209	548.9448	1.350871	3.558481	1.093797	2.312412
6108	-4326.611	-4875.699	549.0875	1.280938	2.756284	0.8382701	2.63758
6114	-4312.466	-4861.559	549.0933	1.269955	3.788764	0.8382701	2.383898
6120	-4328.394	-4876.952	548.558	1.292442	2.931393	0.8382701	2.906243
6126	-4319.997	-4868.726	548.7292	1.266505	2.752444	0.8837107	2.835597
6132	-4315.629	-4864.342	548.7132	1.139201	2.880831	0.8837107	2.887665
6138	-4317.587	-4865.726	548.1386	1.151077	3.225437	0.8837107	3.138469
6144	-4328.935	-4876.657	547.7219	1.166537	3.225437	1.092298	3.251236
6150	-4323.932	-4872.373	548.4408	1.205138	3.246131	0.9213559	2.895552
6156	-4318.743	-4867.033	548.2895	1.14249	3.665351	0.9213559	2.92874
6162	-4327.711	-4875.548	547.8371	1.224663	3.634339	0.9213559	3.156959
6168	-4320.094	-4867.954	547.8604	1.201434	3.634339	0.9213559	3.156959
6174	-4331.552	-4879.634	548.0824	1.164634	3.634339	0.9213559	3.046557
6180	-4338.564	-4886.865	548.3013	1.308994	2.74073	0.9213559	3.046557
6186	-4328.107	-4877.431	549.3246	1.274156	2.74073	0.8670121	2.478726
6192	-4330.069	-4878.976	548.907	1.303547	2.74073	1.05546	2.599361
6198	-4318.669	-4868.81	550.1409	1.459816	2.758781	0.8452789	1.835688
6204	-4308.572	-4858.223	549.6507	1.459816	3.202517	1.08838	1.870116
6210	-4323.479	-4873.236	549.7567	1.459816	3.236624	0.7827528	2.007102
6216	-4314.608	-4864.368	549.7598	1.455944	3.501605	0.7827528	1.938924
6222	-4326.925	-4876.188	549.2632	1.366781	3.501605	0.7827528	2.321949
6228	-4322.931	-4872.533	549.6018	1.405141	3.29375	0.9167195	2.030706
6234	-4332.102	-4881.281	549.1795	1.311533	3.369787	0.8569973	2.387383
6240	-4331.487	-4879.418	547.9309	1.206472	3.17215	1.227178	3.044276
6246	-4320.429	-4868.967	548.5378	1.217664	3.17215	0.9665816	2.81861
6252	-4320.586	-4869.751	549.1646	1.284908	3.176121	0.9665816	2.38788
6258	-4349.62	-4898.909	549.289	1.357859	2.800616	0.9067905	2.404098
6264	-4334.566	-4883.633	549.0673	1.369128	3.146815	0.9067905	2.443256
6270	-4330.976	-4880.235	549.2596	1.300312	2.592007	0.9067905	2.51922
6276	-4328.08	-4877.137	549.0577	1.357344	2.690493	1.072348	2.476348
6282	-4339.455	-4889.272	549.8173	1.461201	2.876407	1.072348	1.859434
6288	-4317.222	-4866.746	549.5238	1.389676	3.006762	0.6851125	2.345237
6294	-4329.283	-4878.306	549.023	1.273705	3.155624	1.189565	2.356186
6300	-4322.513	-4871.013	548.4993	1.26131	3.859239	1.189565	2.527149
6306	-4306.058	-4854.883	548.8251	1.315878	3.304461	1.077532	2.481071
6312	-4320.798	-4870.428	549.6292	1.331807	3.136947	0.9150757	2.10372
6318	-4298.134	-4847.34	549.206	1.230303	3.136947	0.9150757	2.440274
6324	-4309.441	-4858.909	549.4682	1.414552	3.271638	0.9150757	2.119449
6330	-4316.198	-4865.533	549.335	1.424548	3.519724	0.9150757	2.137596
6336	-4311.912	-4861.322	549.4098	1.444621	3.519724	0.8527652	2.120245
6342	-4299.626	-4848.814	549.1872	1.451113	3.595089	0.8041366	2.278286
6348	-4309.237	-4858.446	549.2091	1.429215	3.595089	0.8041366	2.278286
6354	-4335.756	-4885.302	549.5458	1.432789	3.269426	0.9956274	2.001659
6360	-4316.24	-4865.483	549.243	1.263531	3.472693	0.9457606	2.291501
6366	-4320.942	-4870.345	549.4036	1.300131	2.89318	0.9457606	2.315782
6372	-4307.517	-4856.072	548.5556	1.231875	3.584946	1.015979	2.671114
6378	-4311.48	-4860.62	549.1404	1.354029	3.584946	0.9758685	2.252516
6384	-4328.995	-4877.79	548.795	1.329821	3.584946	0.925945	2.519194
6390	-4318.095	-4867.001	548.9067	1.329821	3.584946	0.9172036	2.455135
6396	-4323.326	-4872.723	549.3978	1.430981	3.308312	0.9172036	2.143746
6402	-4325.119	-4874.908	549.7886	1.434028	3.308312	0.9568978	1.853179
6408	-4321.092	-4870.486	549.3939	1.380474	3.308312	0.8878884	2.19968
6414	-4322.326	-4871.742	549.4157	1.345367	3.308312	0.9000995	2.19968
6420	-4318.277	-4866.879	548.601	1.345367	3.308312	1.130138	2.570955
6426	-4328.999	-4878.156	549.1576	1.387878	3.046849	0.981371	2.351277
6432	-4332.095	-4881.857	549.763	1.44227	3.159638	0.8934409	1.95093
6438	-4318.118	-4867.761	549.6436	1.4301	3.159638	1.07748	1.913907
6444	-4312.886	-4862.79	549.9039	1.527054	2.953717	0.9770785	1.795761
6450	-4320.139	-4869.35	549.2116	1.366136	2.557013	0.9230019	2.5078
6456	-4303.415	-4853.022	549.607	1.310498	2.928209	0.8738229	2.218446
6462	-4312.025	-4861.377	549.3519	1.340394	3.568703	0.8929214	2.185062
6468	-4300.234	-4849.428	549.1944	1.245856	3.568703	0.9552728	2.304658
6474	-4322.889	-4871.796	548.9068	1.243328	3.712256	0.9552728	2.455257
6480	-4333.285	-4882.471	549.1863	1.279516	3.322986	0.8010682	2.455257
6486	-4324.779	-4874.036	549.2565	1.319113	3.213286	0.9657368	2.298702
6492	-4330.678	-4878.911	548.2325	1.245836	3.213286	1.011393	2.948843
6498	-4331.699	-4879.644	547.9457	1.255289	3.481616	1.359519	2.867577
6504	-4335.372	-4884.032	548.6599	1.284451	3.481616	0.9066981	2.667595
6510	-4352.303	-4901.076	548.7727	1.201051	2.857588	1.198288	2.632501
6516	-4341.608	-4889.716	548.1083	1.216369	2.857588	1.201959	3.024954
6522	-4346.724	-4895.045	548.3211	1.22753	2.857588	0.9646158	3.024954
6528	-4342.089	-4890.362	548.2732	1.213951	2.857588	1.20023	2.928212
6534	-4352.773	-4901.468	548.6951	1.227996	2.857588	0.9997688	2.77723
6540	-4343.691	-4892.403	548.7118	1.27525	2.857588	0.9997688	2.738126
6546	-4336.628	-4885.372	548.7435	1.261186	2.64291	0.9919694	2.791876
6552	-4336.277	-4885.413	549.1355	1.22006	3.405949	1.005301	2.365196
6558	-4329.985	-4878.702	548.7174	1.233154	4.077243	1.005301	2.469778
6564	-4331.725	-4880.535	548.81	1.337466	3.007813	1.005301	2.596004
6570	-4318.699	-4867.91	549.211	1.290028	3.409427	1.005301	2.271612
6576	-4343.818	-4893.111	549.293	1.33652	3.204347	1.005301	2.240792
6582	-4335.037	-4883.827	548.7903	1.207037	3.146316	0.9923911	2.661075
6588	-4318.743	-4867.551	548.8075	1.199302	3.146316	0.9201287	2.701198
6594	-4327.401	-4875.578	548.1772	1.2173	3.146316	0.9405678	3.058712
6600	-4319.32	-4866.712	547.3922	1.148916	3.521871	1.313976	3.274587
6606	-4339.84	-4888.29	548.4498	1.115129	3.08516	0.962953	2.957694
6612	-4331.096	-4879.085	547.9889	1.060687	3.816606	0.962953	3.09967
6618	-4327.726	-4876.4	548.6742	1.28045	3.144356	0.962953	2.706215
6624	-4314.481	-4862.288	547.8075	1.174258	3.027097	1.143548	3.216414
6630	-4315.916	-4863.751	547.8348	1.140127	3.300352	1.143548	3.154439
6636	-4317.261	-4865.414	548.1534	1.254724	3.535584	1.143548	2.840414
6642	-4327.218	-4875.924	548.7055	1.291053	2.970935	0.6604137	2.941061
6648	-4321.322	-4870.687	549.3648	1.33261	2.663856	0.6604137	2.597068
6654	-4329.457	-4878.372	548.9154	1.257879	3.139659	0.6604137	2.791223
6660	-4323.076	-4869.987	546.912	1.16493	2.994923	1.020518	3.819593
6666	-4331.298	-4878.157	546.8594	1.091172	3.46259	0.9597613	3.819593
6672	-4338.412	-4886.335	547.923	1.12944	3.46259	0.876076	3.229392
6678	-4327.294	-4876.352	549.0574	1.221747	2.907625	0.8025846	2.676587
6684	-4318.166	-4866.962	548.7956	1.300307	3.801764	0.6431348	2.699784
6690	-4316.139	-4865.596	549.4569	1.235889	3.798885	0.6431348	2.327672
6696	-4315.151	-4864.519	549.3685	1.279019	4.143613	0.9655212	2.033238
6702	-4305.665	-4854.437	548.7719	1.246428	2.888823	0.9655212	2.731831
6708	-4296.308	-4845.156	548.8477	1.242302	2.888823	0.8975764	2.731831
6714	-4311.724	-4861.159	549.4355	1.288367	3.371199	0.8975764	2.209638
6720	-4317.39	-4866.474	549.0842	1.256833	2.8813	1.075637	2.46683
6726	-4327.433	-4876.774	549.3405	1.412307	2.8813	0.8612769	2.345868
6732	-4326.345	-4875.768	549.4225	1.362128	3.247444	0.9213541	2.185264
6738	-4325.682	-4875.445	549.7631	1.406816	3.247444	0.8186317	2.007088
6744	-4322.636	-4872.456	549.8202	1.526223	3.247444	0.8186317	1.888338
6750	-4319.582	-4868.854	549.2722	1.350063	3.247444	0.8302093	2.353921
6756	-4328.146	-4877.39	549.244	1.284737	3.163947	0.9465257	2.353921
6762	-4321.544	-4870.681	549.1374	1.394927	3.163947	0.9431153	2.353921
6768	-4332.177	-4881.144	548.9668	1.365695	2.714413	0.8687527	2.650416
6774	-4332.624	-4881.236	548.6118	1.281472	3.04372	1.118922	2.676447
6780	-4334.723	-4883.184	548.461	1.169167	3.04372	1.118922	2.837194
6786	-4326.421	-4874.214	547.7936	1.14171	4.056678	0.8095394	3.21877
6792	-4315.03	-4863.961	548.9311	1.197379	3.207787	0.8095394	2.6869
6798	-4322.66	-4871.498	548.8385	1.443104	3.0156	1.146116	2.426908
6804	-4339.483	-4888.408	548.9245	1.264495	3.0156	1.146116	2.485079
6810	-4329.362	-4877.837	548.4741	1.382901	3.590943	1.136118	2.556446
6816	-4325.948	-4874.661	548.7136	1.244866	3.590943	1.187566	2.464422
6822	-4315.041	-4864.225	549.1841	1.344044	2.603439	1.187566	2.36463
6828	-4308.997	-4858.025	549.0283	1.336641	2.603439	1.187566	2.467508
6834	-4324.6	-4874.006	549.4056	1.386194	2.890153	0.9144616	2.28145
6840	-4312.406	-4861.876	549.4706	1.3917	2.890153	0.9144616	2.236174
6846	-4317.357	-4865.615	548.2575	1.186365	2.485599	0.9144616	3.222032
6852	-4336.154	-4884.31	548.1561	1.108346	2.870573	0.9144616	3.222032
6858	-4347.047	-4895.086	548.0398	1.184147	3.407171	0.8083399	3.185908
6864	-4345.361	-4894.203	548.8415	1.255412	3.407171	1.19905	2.414354
6870	-4339.924	-4888.462	548.538	1.229984	3.584742	0.9739288	2.709082
6876	-4346.285	-4894.832	548.5468	1.157638	2.934821	1.079893	2.842319
6882	-4351.016	-4899.219	548.2031	1.138226	3.331894	0.8000863	3.139236
6888	-4326.291	-4874.042	547.7513	1.127926	3.303799	0.9806599	3.30245
6894	-4330.428	-4878.691	548.2625	1.161606	3.226823	0.9350072	3.024975
6900	-4315.698	-4864.613	548.9151	1.326664	3.622296	0.7089239	2.595291
6906	-4318.889	-4867.557	548.6682	1.269391	3.021474	0.7089239	2.924986
6912	-4309.827	-4857.648	547.8207	1.269391	3.021474	1.281344	3.082559
6918	-4303.976	-4852.517	548.5415	1.247629	3.598338	0.9898042	2.683151
6924	-4305.762	-4853.797	548.0353	1.278893	3.598338	1.134772	2.888099
6930	-4321.904	-4870.625	548.7213	1.358396	2.902697	1.163876	2.573497
6936	-4324.857	-4873.446	548.5897	1.284969	2.902697	1.120169	2.724241
6942	-4340.74	-4889.746	549.006	1.398477	3.137631	1.120169	2.331889
6948	-4335.494	-4883.606	548.1127	1.291312	3.294207	1.369886	2.783118
6954	-4323.904	-4872.313	548.4092	1.245018	2.945408	0.9621182	2.940075
6960	-4312.085	-4860.795	548.7102	1.241695	2.945408	0.7005064	2.942501
6966	-4322.036	-4870.969	548.9327	1.324479	2.945408	0.7955332	2.685124
6972	-4312.87	-4861.709	548.8391	1.325152	3.291924	1.469587	2.261457
6978	-4328.68	-4877.432	548.7523	1.222221	2.931079	1.053353	2.693924
6984	-4338.138	-4887.074	548.9362	1.263248	3.580151	0.994086	2.429509
6990	-4322.307	-4871.744	549.4366	1.410226	3.580151	0.717176	2.216212
6996	-4315.064	-4864.044	548.9803	1.416412	2.871027	1.025865	2.464836
7002	-4315.357	-4863.55	548.1931	1.316257	2.871027	1.025865	3.008106
7008	-4323.437	-4871.599	548.1613	1.214558	2.862385	1.173205	3.008106
7014	-4325.453	-4873.777	548.3246	1.360956	3.645921	1.173205	2.629583
7020	-4314.994	-4863.687	548.6929	1.377613	4.414608	1.247302	2.183119
7026	-4324.229	-4873.536	549.3069	1.346276	3.839319	1.087814	2.017955
7032	-4313.694	-4863.012	549.3177	1.372123	3.464348	1.042581	2.111978
7038	-4311.998	-4860.883	548.8851	1.289503	3.464348	1.042581	2.442268
7044	-4311.832	-4860.819	548.9874	1.3248	3.448417	0.8152792	2.510792
7050	-4325.948	-4874.762	548.8143	1.201336	3.448417	0.950994	2.602443
7056	-4322.877	-4871.218	548.3414	1.204947	3.806022	1.074241	2.735752
7062	-4326.542	-4874.791	548.2486	1.099498	3.772624	1.072534	2.86455
7068	-4331.143	-4879.908	548.7644	1.158751	4.305814	0.7760374	2.596967
7074	-4304.874	-4854.175	549.3017	1.272713	3.643912	0.9481062	2.205519
7080	-4310.134	-4858.664	548.53	1.333983	3.643912	0.8883872	2.692282
7086	-4320.018	-4869.619	549.6009	1.31508	3.609947	0.864591	2.049128
7092	-4329.513	-4879.116	549.6025	1.440524	3.054843	0.9968091	2.016196
7098	-4343.063	-4891.961	548.8972	1.216327	3.054843	0.9210892	2.658257
7104	-4314.654	-4864.008	549.3539	1.303616	3.054843	0.9170775	2.320418
7110	-4309.302	-4858.864	549.5615	1.301481	3.054843	0.9170775	2.188417
7116	-4301.967	-4850.794	548.8267	1.301994	3.080104	0.9023696	2.654794
7122	-4320.495	-4869.786	549.2911	1.279407	3.279129	0.9023696	2.327751
7128	-4309.374	-4858.693	549.3184	1.320467	3.349182	0.8426711	2.308826
7134	-4296.342	-4845.529	549.1875	1.347892	3.349182	1.07316	2.222047
7140	-4313.063	-4862.141	549.0786	1.297258	3.316531	0.8252425	2.495577
7146	-4317.596	-4866.675	549.0788	1.322727	3.316531	0.8252425	2.479505
7152	-4310.459	-4859.406	548.9471	1.304161	3.358009	0.9471078	2.479883
7158	-4326.477	-4875.754	549.2771	1.280818	2.94577	0.9427003	2.395842
7164	-4324.756	-4873.938	549.1814	1.382156	2.981915	0.9427003	2.382519
7170	-4318.114	-4867.654	549.5399	1.411308	3.105038	0.6879034	2.292576
7176	-4336.277	-4884.869	548.5921	1.223651	4.196698	0.9498058	2.564706
7182	-4334.523	-4883.148	548.625	1.136842	3.457574	0.9383423	2.764366
7188	-4314.818	-4863.235	548.4169	1.181052	3.819262	0.9383423	2.784077
7194	-4307.883	-4856.261	548.3777	1.214934	4.289942	0.9383423	2.691394
7200	-4308.815	-4858.018	549.2027	1.357198	4.289942	0.6909981	2.266555
7206	-4322.858	-4872.27	549.4124	1.376789	4.289942	0.710055	2.101836
7212	-4338.502	-4887.717	549.2146	1.38867	3.751952	1.104888	2.060786
7218	-4327.199	-4875.532	548.3327	1.193477	3.839382	0.9116789	2.840638
7224	-4325.909	-4875.011	549.101	1.297745	3.042937	0.9116789	2.49057
7230	-4321.158	-4869.695	548.5373	1.228675	3.678848	0.9116789	2.729182
7236	-4342.113	-4891.037	548.9244	1.184426	3.678848	0.9773216	2.474513
7242	-4333.503	-4882.393	548.8898	1.269152	3.541896	0.9773216	2.474513
7248	-4320.092	-4869.291	549.1991	1.209217	2.920084	0.9773216	2.474513
7254	-4321.129	-4870.54	549.4114	1.359304	2.920084	0.95202	2.261255
7260	-4335.826	-4884.874	549.0486	1.279344	3.259816	0.9396191	2.460888
7266	-4312.477	-4860.711	548.2346	1.18241	3.53386	0.9058088	2.976758
7272	-4300.108	-4848.707	548.5992	1.21528	3.635032	0.9058088	2.713016
7278	-4314.816	-4864.257	549.4414	1.346084	3.614683	0.9559587	2.068085
7284	-4315.586	-4865.408	549.8222	1.453681	3.614683	0.7501177	1.896827
7290	-4324.31	-4874.403	550.0927	1.478315	4.040426	0.6333833	1.695594
7296	-4314.699	-4864.488	549.7897	1.451592	3.320151	0.7313778	2.010687
7302	-4313.551	-4863.242	549.6915	1.382644	3.76975	0.7313778	2.010687
7308	-4308.148	-4857.933	549.7849	1.433364	2.966761	0.9846649	1.932049
7314	-4317.696	-4867.273	549.5776	1.404532	2.908916	0.8727404	2.182793
7320	-4310.659	-4859.582	548.9229	1.378253	3.376742	1.008603	2.404608
7326	-4317.291	-4866.537	549.2458	1.290554	3.316425	0.9552178	2.304594
7332	-4313.33	-4862.381	549.0507	1.434778	3.071414	1.218206	2.241793
7338	-4327.155	-4875.814	548.6589	1.230126	2.510722	1.171958	2.797502
7344	-4317.722	-4866.321	548.599	1.304837	3.012041	0.9315295	2.790945
7350	-4322.094	-4870.54	548.4459	1.307094	3.012041	1.062014	2.803044
7356	-4324.197	-4873.528	549.3311	1.331631	3.424501	0.9085447	2.22823
7362	-4324.586	-4874.012	549.4263	1.377773	2.88183	0.9272374	2.267233
7368	-4327.845	-4876.643	548.7984	1.399626	2.999323	1.179812	2.464892
7374	-4310.045	-4858.669	548.6245	1.331318	2.999323	1.219014	2.594557
7380	-4323.195	-4872.001	548.8064	1.254679	3.452384	1.039708	2.517925
7386	-4327.771	-4876.319	548.5476	1.321337	3.452384	1.009707	2.655271
7392	-4326.132	-4875.613	549.4805	1.450218	3.195431	0.9624186	2.075386
7398	-4317.04	-4866.764	549.7245	1.473409	3.195431	0.9624186	1.896753
7404	-4319.729	-4870.022	550.2927	1.565431	2.862894	0.9624186	1.529071
7410	-4315.783	-4865.544	549.7605	1.468965	2.862894	0.9624186	1.970118
7416	-4305.641	-4855.462	549.8205	1.419269	3.704795	0.6686271	1.970118
7422	-4310.083	-4859.057	548.9732	1.382804	3.203044	1.185274	2.308573
7428	-4326.555	-4876.004	549.4497	1.439116	3.180769	0.8378964	2.194631
7434	-4352.058	-4901.928	549.8702	1.439116	3.180769	0.8378964	1.916671
7440	-4332.069	-4881.436	549.3667	1.440521	3.180769	0.8378964	2.247305
7446	-4327.746	-4877.209	549.4632	1.360421	3.140533	0.8378964	2.247305
7452	-4315.331	-4864.581	549.2505	1.309987	3.218049	1.161951	2.186487
7458	-4319.569	-4868.293	548.7245	1.384488	3.022116	1.253659	2.474738
7464	-4324.746	-4873.737	548.9907	1.441806	3.022116	1.084905	2.365451
7470	-4320.842	-4870.14	549.2982	1.441806	3.055941	1.084905	2.158913
7476	-4328.302	-4877.631	549.329	1.468109	3.552925	0.9028529	2.113509
7482	-4318.51	-4867.968	549.4576	1.408049	3.459579	0.8929865	2.098573
7488	-4307.67	-4855.768	548.0975	1.204003	3.320883	0.8929865	3.102854
7494	-4322.402	-4871.169	548.7676	1.282275	3.384597	0.8929865	2.634496
7500	-4333.424	-4882.287	548.8636	1.257631	3.384597	1.07791	2.473616
7506	-4350.164	-4899.09	548.9261	1.2787	3.318363	1.018079	2.473616
7512	-4351.793	-4900.291	548.4984	1.30014	3.20481	1.018079	2.752731
7518	-4352.241	-4900.462	548.2215	1.21129	3.20481	1.018079	2.974351
7524	-4343.319	-4891.63	548.3113	1.219313	3.618063	1.018079	2.819498
7530	-4339.94	-4888.407	548.4666	1.261158	3.109767	1.018079	2.819498
7536	-4332.437	-4881.438	549.0003	1.268514	3.988143	0.9158004	2.345995
7542	-4344.388	-4892.661	548.2724	1.249845	3.988143	0.8567805	2.848622
7548	-4342.117	-4890.884	548.7676	1.24903	2.798628	1.051151	2.705239
7554	-4352.248	-4901.223	548.975	1.321353	3.33415	0.9844439	2.433367
7560	-4333.948	-4882.896	548.9482	1.295144	3.078284	0.9844439	2.531109
7566	-4329.401	-4876.717	547.3156	1.189312	3.097408	1.30777	3.396934
7572	-4330.262	-4879.367	549.1045	1.339801	3.097408	1.26765	2.234397
7578	-4342.9	-4891.795	548.8956	1.349493	3.097408	1.222989	2.385638
7584	-4359.301	-4907.473	548.1718	1.185842	3.192543	1.026705	3.017336
7590	-4342.75	-4891.668	548.9189	1.300762	2.809159	1.095809	2.550782
7596	-4346.113	-4894.702	548.5898	1.314447	2.809159	1.146712	2.71664
7602	-4362.933	-4911.669	548.7359	1.211976	3.489383	0.9196316	2.655109
7608	-4354.964	-4903.367	548.4037	1.275138	3.489383	0.9196316	2.819645
7614	-4344.272	-4892.858	548.5854	1.324956	2.630802	1.203669	2.732207
7620	-4340.734	-4889.405	548.6712	1.324956	2.630802	1.241258	2.659733
7626	-4319.419	-4867.492	548.0729	1.225091	3.599451	0.9160453	3.027033
7632	-4331.252	-4879.352	548.0999	1.239998	3.599451	0.8130211	3.070719
7638	-4318.782	-4866.638	547.8556	1.159089	3.477417	1.154694	3.084144
7644	-4316.418	-4864.236	547.8186	1.196166	3.477417	1.154694	3.084144
7650	-4315.81	-4864.011	548.2016	1.207539	3.477417	0.9476442	2.967593
7656	-4305.698	-4854.634	548.9359	1.252256	3.792876	0.9476442	2.418348
7662	-4322.32	-4870.972	548.6522	1.289712	4.064997	0.7799103	2.630799
7668	-4323.123	-4872.304	549.1812	1.399525	4.064997	0.8944875	2.143531
7674	-4329.671	-4879.055	549.3842	1.323867	3.327142	0.829059	2.279999
7680	-4332.349	-4881.271	548.9223	1.474214	3.721703	0.9813881	2.279999
7686	-4328.444	-4877.785	549.3412	1.360898	2.941461	0.9813881	2.279999
7692	-4329.791	-4878.969	549.1777	1.348038	3.434282	0.9644206	2.27617
7698	-4319.072	-4868.488	549.4163	1.382183	3.351433	0.7851932	2.248939
7704	-4323.774	-4873.233	549.4592	1.531975	2.824167	0.901728	2.18062
7710	-4330.2	-4879.77	549.5705	1.539033	3.164523	1.002439	1.937571
7716	-4318.804	-4867.751	548.9474	1.518648	3.164523	1.179023	2.251632
7722	-4315.819	-4865.279	549.46	1.413249	3.375241	0.8488188	2.146687
7728	-4319.261	-4868.958	549.6972	1.462833	3.742147	0.7834319	1.916762
7734	-4315.689	-4864.902	549.2127	1.241629	3.667171	0.6873319	2.470238
7740	-4324.327	-4873.419	549.092	1.322721	3.640641	0.9869911	2.283404
7746	-4335.713	-4884.735	549.0222	1.357324	4.000569	0.9869911	2.22514
7752	-4328.696	-4877.743	549.0469	1.322186	3.414469	0.9869911	2.366202
7758	-4334.131	-4883.348	549.2169	1.313605	3.540378	0.9869911	2.23271
7764	-4324.854	-4873.899	549.0454	1.29104	3.050576	1.233314	2.334431
7770	-4327.471	-4876.605	549.134	1.217345	3.310796	0.8048446	2.527116
7776	-4321.212	-4870.855	549.6438	1.38765	3.310796	0.8048446	2.09277
7782	-4322.69	-4872.278	549.5879	1.39074	3.310796	0.8013666	2.130063
7788	-4305.694	-4854.617	548.9232	1.367993	3.037875	0.8013666	2.635662
7794	-4326.673	-4874.949	548.2756	1.218289	3.166932	0.8013666	3.086602
7800	-4345.241	-4894.141	548.9001	1.285636	3.085041	1.017524	2.544649
7806	-4326.31	-4875.743	549.4331	1.365515	2.598312	0.7272822	2.498879
7812	-4309.961	-4858.751	548.7899	1.431366	3.166129	1.31031	2.336511
7818	-4343.577	-4892.353	548.7761	1.345448	3.043736	1.147127	2.519229
7824	-4336.576	-4886.154	549.5782	1.501668	3.394019	0.785733	2.05451
7830	-4331.153	-4880.077	548.924	1.396184	2.690567	1.147127	2.492431
7836	-4320.89	-4869.869	548.9789	1.348706	3.081441	1.348185	2.271352
7842	-4310.401	-4859.17	548.7688	1.350946	3.403323	1.058676	2.481507
7848	-4323.547	-4872.582	549.035	1.447523	3.403323	1.235743	2.148039
7854	-4333.3	-4881.069	547.7697	1.137618	3.428399	0.7764309	3.390162
7860	-4330.461	-4879.233	548.7719	1.259757	3.428399	0.8644822	2.654685
7866	-4321.604	-4870.017	548.4125	1.223045	3.196254	0.8644822	2.951229
7872	-4325.292	-4873.211	547.9184	1.333618	3.608714	0.9553775	3.027795
7878	-4321.657	-4871.086	549.4288	1.484027	3.019166	0.9553775	2.139602
7884	-4333.37	-4882.082	548.7126	1.466143	3.019166	1.112455	2.509702
7890	-4331.781	-4880.701	548.9195	1.514358	3.09889	1.320161	2.212837
7896	-4334.317	-4883.564	549.247	1.519676	3.135705	1.212852	2.044085
7902	-4331.016	-4880.159	549.1431	1.45881	3.135705	1.317281	2.095035
7908	-4332.022	-4881.832	549.8099	1.513758	3.523933	0.9032257	1.765493
7914	-4334.682	-4884.068	549.3858	1.418755	3.410953	1.002963	2.075566
7920	-4331.705	-4881.66	549.9546	1.420403	3.410953	1.002963	1.686615
7926	-4326.813	-4876.377	549.5638	1.446072	3.410953	1.002963	1.938866
7932	-4332.379	-4881.394	549.0155	1.276479	3.70414	1.152148	2.24657
7938	-4331.399	-4880.19	548.7902	1.310119	3.793528	1.06618	2.39915
7944	-4336.379	-4885.47	549.0906	1.347778	2.930576	0.9160489	2.492819
7950	-4332.269	-4881.89	549.6218	1.299675	2.930576	0.7540946	2.304844
7956	-4308.736	-4858.287	549.5506	1.449087	3.832491	0.7540946	2.026757
7962	-4329.022	-4878.424	549.4018	1.378005	3.832491	0.7035929	2.212449
7968	-4308.048	-4857.071	549.0235	1.379952	3.774687	0.906024	2.313802
7974	-4303.353	-4852.063	548.71	1.2913	3.774687	0.9790049	2.519293
7980	-4299.021	-4847.18	548.1587	1.119346	3.774687	0.7912934	3.085279
7986	-4307.808	-4856.697	548.8888	1.157822	3.520401	0.8688794	2.621039
7992	-4311.699	-4861.339	549.6405	1.437865	3.302258	0.8688794	2.01565
7998	-4317.928	-4867.389	549.4602	1.471537	3.270921	0.8263977	2.151888
8004	-4311.723	-4861.463	549.7402	1.516205	3.270921	1.032626	1.787589
8010	-4315.161	-4864.687	549.5264	1.576883	3.270921	1.084086	1.859123
8016	-4303.716	-4853.232	549.5167	1.438083	3.685942	1.084086	1.853565
8022	-4320.053	-4869.706	549.6529	1.493883	3.064927	1.136467	1.853565
8028	-4308.482	-4858	549.5173	1.492808	2.837781	1.018524	2.085587
8034	-4321.625	-4871.534	549.909	1.396609	2.837781	1.018524	1.888073
8040	-4328.042	-4877.979	549.9372	1.506715	3.263263	0.7514179	1.872511
8046	-4310.985	-4861.03	550.0448	1.476187	3.055537	0.7514179	1.8777
8052	-4332.379	-4882.367	549.9876	1.413298	2.858069	0.7514179	2.015639
8058	-4328.417	-4878.623	550.206	1.535445	2.848302	0.7549223	1.784448
8064	-4349.395	-4899.709	550.3137	1.543286	2.848302	0.7549223	1.703436
8070	-4335.276	-4885.518	550.2421	1.6282	3.611986	0.7569489	1.467685
8076	-4326.344	-4876.499	550.1547	1.510144	3.434691	0.9020928	1.545953
8082	-4328.435	-4878.736	550.3011	1.699044	3.332582	0.9020928	1.318376
8088	-4319.565	-4869.92	550.3554	1.582053	3.332582	0.9020928	1.368238
8094	-4292.584	-4842.26	549.6763	1.582053	3.332582	0.9902617	1.798573
8100	-4307.192	-4856.871	549.6798	1.471742	3.217448	0.9902617	1.903006
8106	-4310.047	-4859.742	549.6945	1.48599	3.201708	1.108497	1.809386
8112	-4311.443	-4861.359	549.916	1.471498	3.201708	0.8795158	1.825697
8118	-4321.937	-4871.638	549.7007	1.417951	3.480436	0.7202969	2.060467
8124	-4315.484	-4864.419	548.9345	1.366787	4.732187	1.022509	2.103601
8130	-4317.654	-4866.915	549.2608	1.45037	2.717755	1.070947	2.28176
8136	-4309.268	-4857.792	548.5242	1.33944	2.717755	0.9530349	2.880497
8142	-4305.969	-4854.771	548.8019	1.452139	2.705572	1.213039	2.493093
8148	-4305.511	-4852.822	547.311	1.322848	3.788791	1.178089	3.230673
8154	-4308.335	-4855.985	547.6496	1.259344	3.788791	0.8964432	3.230673
8160	-4313.461	-4861.978	548.5171	1.228247	3.788791	0.8630444	2.750395
8166	-4326.218	-4874.608	548.3897	1.116758	4.212494	0.8483268	2.819035
8172	-4314.553	-4862.817	548.2636	1.219931	3.5559	0.8565568	2.964385
8178	-4312.326	-4861	548.6741	1.274834	3.877794	0.8565568	2.610607
8184	-4324.846	-4873.502	548.6557	1.308154	2.807265	1.015123	2.756667
8190	-4322.675	-4870.292	547.6163	1.128525	2.776077	1.015123	3.491346
8196	-4323.527	-4871.164	547.637	1.208948	3.038715	1.015123	3.365111
8202	-4331.521	-4879.242	547.7213	1.159134	3.038715	0.6226941	3.61387
8208	-4336.208	-4884.623	548.4143	1.195224	3.969666	0.8514545	2.803037
8214	-4354.158	-4902.916	548.7572	1.269542	3.097959	0.8514545	2.747251
8220	-4340.461	-4889.073	548.6122	1.25539	3.01635	1.247386	2.629641
8226	-4333.764	-4882.79	549.0259	1.31564	3.01635	0.774974	2.629641
8232	-4321.293	-4869.984	548.6906	1.223607	3.01635	0.774974	2.890643
8238	-4324.217	-4873.324	549.1072	1.278247	2.899501	0.9949133	2.483336
8244	-4318.971	-4868.627	549.6556	1.421022	2.931598	0.9635708	2.051085
8250	-4323.041	-4872.81	549.7695	1.35711	2.931598	0.9157977	2.051085
8256	-4316.567	-4865.601	549.0341	1.251951	3.181484	0.9137546	2.523861
8262	-4322.725	-4871.35	548.6256	1.25001	2.982078	1.250941	2.631839
8268	-4336.626	-4885.866	549.2393	1.226542	3.316439	0.8425191	2.426735
8274	-4327.117	-4875.691	548.5739	1.235965	3.582147	1.074192	2.623207
8280	-4316.141	-4864.709	548.5682	1.174884	3.582147	0.8448177	2.809605
8286	-4326.634	-4874.049	547.4145	1.262614	3.460596	1.329823	3.200226
8292	-4324.776	-4872.703	547.927	1.122325	3.460596	1.210457	3.037881
8298	-4336.955	-4885.427	548.4715	1.245748	3.460596	1.210457	2.632301
8304	-4333.56	-4882.503	548.9431	1.348445	3.460596	0.9439876	2.431924
8310	-4338.345	-4887.15	548.8051	1.288871	4.201674	0.8694349	2.443822
8316	-4342.787	-4891.497	548.7098	1.300544	3.376367	0.6588874	2.834324
8322	-4320.23	-4868.519	548.2892	1.13659	3.376367	0.7775122	3.094709
8328	-4323.69	-4871.753	548.0631	1.227954	3.344569	1.111459	2.972695
8334	-4319.308	-4867.156	547.848	1.336415	2.775674	1.111459	3.178711
8340	-4323.017	-4871.052	548.035	1.21237	2.775674	1.214041	3.086785
8346	-4340.353	-4888.938	548.5853	1.231358	2.93242	1.214041	2.700634
8352	-4325.941	-4874.697	548.7554	1.320933	2.828639	1.170167	2.59232
8358	-4311.236	-4860.133	548.8963	1.326501	3.244873	1.170167	2.391008
8364	-4324.093	-4872.165	548.0724	1.242955	3.244873	1.196702	2.935654
8370	-4315.147	-4864.008	548.8619	1.238014	3.244873	0.9272558	2.61472
8376	-4315.893	-4865.104	549.211	1.305786	3.244873	0.9272558	2.353705
8382	-4332.32	-4880.96	548.6397	1.295241	3.505791	0.9272558	2.654266
8388	-4321.556	-4870.242	548.686	1.295241	3.284036	1.136581	2.551623
8394	-4347.912	-4895.514	547.6028	1.16066	3.490362	0.9317722	3.358156
8400	-4331.444	-4879.159	547.7152	1.260343	3.490362	0.8701061	3.272492
8406	-4318.92	-4867.316	548.3966	1.168704	3.329674	0.9469766	2.908095
8412	-4319.742	-4867.829	548.0873	1.221026	3.150094	0.9460267	3.105817
8418	-4331.103	-4880.399	549.296	1.338058	3.152818	1.069935	2.210822
8424	-4326.997	-4875.005	548.0084	1.179562	3.152818	1.011949	3.136923
8430	-4331.848	-4880.681	548.833	1.346935	3.03903	1.176768	2.467416
8436	-4317.967	-4866.986	549.0192	1.291649	2.66995	1.362728	2.389965
8442	-4322.502	-4871.265	548.763	1.230502	3.661435	0.8329893	2.646822
8448	-4317.875	-4866.55	548.6753	1.334981	3.041841	1.046635	2.646822
8454	-4322.138	-4871.811	549.6734	1.462405	3.005725	0.8314077	2.085666
8460	-4325.606	-4875.141	549.5345	1.537188	3.005725	0.9037206	2.07493
8466	-4335.87	-4885.442	549.5719	1.418036	3.005725	0.9212127	2.116325
8472	-4329.944	-4879.633	549.6891	1.416527	3.824528	0.865727	1.869409
8478	-4327.671	-4877.03	549.359	1.34054	3.155965	0.9998236	2.211802
8484	-4334.371	-4883.011	548.6398	1.260134	3.226283	0.7288198	2.881489
8490	-4347.713	-4896.604	548.8907	1.245203	3.046002	0.9913066	2.601906
8496	-4323.591	-4872.553	548.9617	1.408952	3.167091	0.7956825	2.557575
8502	-4318.141	-4867.122	548.9808	1.273561	2.764292	0.9126395	2.655053
8508	-4322.945	-4871.87	548.9254	1.213958	2.764292	0.9126395	2.725648
8514	-4325.993	-4874.832	548.8391	1.36746	2.687471	0.9508274	2.681332
8520	-4337.308	-4886.171	548.8623	1.363125	2.787329	0.922844	2.659718
8526	-4327.383	-4876.344	548.9617	1.346289	3.779152	0.922844	2.362137
8532	-4326.359	-4875.875	549.5157	1.449272	2.903243	0.922844	2.160291
8538	-4322.943	-4872.938	549.9943	1.483593	3.206764	0.8724265	1.767092
8544	-4326.648	-4875.957	549.3093	1.337888	3.206764	1.080013	2.18199
8550	-4326.998	-4876.724	549.726	1.337803	2.648142	0.9070338	2.18199
8556	-4334.787	-4883.967	549.1797	1.505738	2.648142	1.432243	2.121177
8562	-4318.573	-4868.058	549.4852	1.397002	2.648142	1.263593	2.080344
8568	-4331.727	-4880.563	548.8361	1.281697	2.554795	0.9469637	2.776602
8574	-4329.608	-4877.216	547.6076	1.173916	2.88774	1.086692	3.400463
8580	-4337.392	-4885.464	548.0723	1.31682	3.083231	1.006799	3.037096
8586	-4329.444	-4878.063	548.6181	1.193348	2.890558	1.007284	2.831726
8592	-4336.25	-4883.982	547.7321	1.218792	2.988352	0.9331364	3.365126
8598	-4346.519	-4894.557	548.0381	1.105611	3.648165	0.9855441	3.065535
8604	-4333.067	-4881.585	548.5179	1.284703	3.648165	1.046604	2.629101
8610	-4344.254	-4892.444	548.1903	1.2567	3.064719	1.046604	2.983592
8616	-4326.488	-4875.157	548.6699	1.206644	3.064719	1.009115	2.745623
8622	-4337.86	-4886.633	548.7731	1.200606	3.486821	0.8689728	2.673665
8628	-4325.933	-4875.156	549.223	1.37766	3.486821	0.7597869	2.361829
8634	-4322.243	-4871.672	549.4294	1.366847	3.486821	0.9705513	2.083643
8640	-4331.419	-4880.164	548.7456	1.360409	3.154756	0.8485836	2.686335
8646	-4337.235	-4886.324	549.0889	1.529691	3.154756	1.064942	2.223368
8652	-4346.934	-4896.544	549.6094	1.387964	2.790579	1.00055	2.119465
8658	-4350.416	-4899.353	548.9363	1.397962	3.640697	0.6853915	2.552772
8664	-4327.575	-4876.832	549.2565	1.329159	3.352005	0.9399203	2.274328
8670	-4330.89	-4880.092	549.2017	1.402038	3.780262	0.9399203	2.160423
8676	-4329.779	-4879.503	549.7238	1.408942	3.41292	0.9399203	1.898796
8682	-4327.894	-4877.608	549.7141	1.413931	3.41292	0.8458416	1.97109
8688	-4330.924	-4880.915	549.9903	1.463428	3.41292	0.7615752	1.817165
8694	-4340.585	-4890.215	549.6308	1.469007	3.20723	0.8237049	2.060375
8700	-4343.287	-4892.613	549.3259	1.308635	3.20723	0.8237049	2.361127
8706	-4347.859	-4896.735	548.876	1.187708	3.20723	0.8237049	2.716658
8712	-4341.249	-4890.129	548.8801	1.173714	3.20723	1.02336	2.591945
8718	-4349.972	-4898.58	548.608	1.286178	3.117889	0.9235493	2.77502
8724	-4341.395	-4889.999	548.6045	1.257388	3.117889	1.026143	2.730796
8730	-4357.706	-4906.963	549.2575	1.335078	2.98127	1.026143	2.310596
8736	-4340.305	-4889.263	548.9585	1.290557	3.16811	1.017222	2.483992
8742	-4325.31	-4874.17	548.8595	1.341214	3.262028	1.188022	2.390665
8748	-4334.893	-4883.472	548.5793	1.251745	2.697361	1.006761	2.872872
8754	-4359.881	-4908.305	548.424	1.172864	2.697361	1.006761	3.013978
8760	-4336.708	-4884.626	547.9177	1.230535	2.697361	0.8908084	3.351726
8766	-4325.324	-4873.821	548.4965	1.142312	3.167186	1.133796	2.792651
8772	-4329.175	-4876.935	547.7605	1.087891	3.123683	1.10876	3.290193
8778	-4322.208	-4870.715	548.5069	1.255825	3.123683	1.10876	2.741877
8784	-4336.882	-4886.46	549.5774	1.463908	3.310493	1.10876	1.875067
8790	-4342.711	-4892.424	549.713	1.492995	2.613271	1.257239	1.878282
8796	-4339.424	-4889.613	550.1888	1.556002	2.62998	0.7229905	1.878282
8802	-4337.945	-4887.965	550.0205	1.672959	3.345814	1.122385	1.383962
8808	-4339.776	-4889.72	549.9438	1.629175	3.028551	1.122385	1.572216
8814	-4340.359	-4889.828	549.469	1.532114	3.502638	1.122385	1.843587
8820	-4322.337	-4872.352	550.0149	1.501663	3.296189	0.8191516	1.757392
8826	-4340.026	-4889.464	549.4372	1.380748	3.678897	0.7581915	2.178368
8832	-4341.294	-4890.376	549.0824	1.39193	3.678897	1.11757	2.154764
8838	-4329.097	-4877.93	548.8328	1.352648	3.108689	0.8815817	2.626436
8844	-4309.227	-4858.787	549.5597	1.484599	3.108689	0.8815817	2.080503
8850	-4339.665	-4889.043	549.3781	1.488484	3.386181	0.9441569	2.080503
8856	-4342.374	-4892.414	550.0408	1.399089	3.009826	0.8152012	1.893886
8862	-4338.156	-4887.635	549.4787	1.343338	3.350798	0.8502414	2.185131
8868	-4330.48	-4879.682	549.2023	1.194962	3.703337	1.009602	2.265554
8874	-4339.863	-4889.496	549.633	1.379345	3.112587	1.027895	2.000102
8880	-4333.699	-4883.199	549.5003	1.334597	3.356343	0.783703	2.225429
8886	-4348.051	-4897.421	549.37	1.491176	3.471612	0.783703	2.179894
8892	-4347.877	-4897.644	549.7668	1.565549	2.818744	0.9561905	1.918394
8898	-4348.321	-4897.967	549.6468	1.463265	3.649878	0.9561905	1.842488
8904	-4338.909	-4888.219	549.3099	1.363025	3.649878	1.030221	2.085902
8910	-4339.726	-4889.233	549.5069	1.418305	3.657951	0.6731617	2.184407
8916	-4340.289	-4888.83	548.5408	1.285313	3.749883	0.8871863	2.692996
8922	-4328.82	-4878.11	549.2902	1.354545	3.749883	0.8871863	2.177376
8928	-4325.584	-4874.777	549.1937	1.33868	3.263995	0.7951399	2.432489
8934	-4318.126	-4867.687	549.5608	1.355316	3.252288	1.052159	2.010818
8940	-4325.903	-4875.211	549.3078	1.346295	3.361787	0.9341932	2.231764
8946	-4326.848	-4876.296	549.4484	1.491522	3.361787	1.163362	1.896729
8952	-4333.056	-4882.316	549.2604	1.437922	3.361787	1.391135	1.931924
8958	-4339.065	-4887.873	548.8075	1.320568	3.361787	1.450685	2.276261
8964	-4328.305	-4877.219	548.9133	1.350377	3.213906	1.061304	2.436274
8970	-4335.861	-4885.106	549.2454	1.383353	3.278994	0.9003368	2.292049
8976	-4310.618	-4860.412	549.7938	1.396198	2.953721	1.088962	1.886135
8982	-4323.823	-4873.114	549.2914	1.463316	3.170293	1.167622	2.068835
8988	-4336.48	-4886.249	549.769	1.444129	3.035469	0.8650244	2.001045
8994	-4330.937	-4879.914	548.9773	1.288951	4.119547	0.7927844	2.407591
9000	-4344.347	-4892.92	548.5732	1.169592	4.119547	0.7927844	2.732645
9006	-4339.243	-4888.574	549.3312	1.290331	3.06477	0.854248	2.384321
9012	-4355.548	-4903.615	548.0664	1.183036	3.276677	1.017357	3.06741
9018	-4342.268	-4890.852	548.5834	1.370684	3.263012	1.102172	2.593216
9024	-4333.994	-4882.666	548.6725	1.321625	3.263012	1.102172	2.568412
9030	-4340.12	-4888.868	548.7479	1.403841	3.263012	1.102172	2.470069
9036	-4343.565	-4892.715	549.1495	1.322259	3.25743	1.060843	2.293619
9042	-4337.705	-4886.319	548.6144	1.36635	3.268228	0.9065331	2.696026
9048	-4330.069	-4877.993	547.9239	1.274918	2.818603	1.242602	3.089613
9054	-4338.426	-4886.597	548.1707	1.202193	3.056577	1.242602	2.923515
9060	-4348.45	-4898.345	549.8946	1.500675	2.494522	0.9943992	1.952192
9066	-4338.569	-4888.196	549.6268	1.449278	3.470316	0.6889724	2.117623
9072	-4352.551	-4902.308	549.7577	1.477759	3.791352	0.7408838	1.889117
9078	-4330.813	-4880.108	549.2955	1.314787	3.791352	0.6598154	2.367226
9084	-4325.264	-4875.049	549.7848	1.399172	3.318488	0.6598154	2.110773
9090	-4330.434	-4880.367	549.9325	1.52943	3.318488	0.8430109	1.770288
9096	-4333.096	-4882.983	549.8864	1.403296	3.318488	0.8430109	1.888792
9102	-4341.661	-4890.843	549.1814	1.393932	3.068253	1.093812	2.256639
9108	-4355.26	-4904.854	549.5939	1.421438	2.643983	0.9390067	2.192669
9114	-4337.536	-4886.815	549.2789	1.421438	2.643983	1.081579	2.304183
9120	-4339.649	-4888.968	549.3184	1.434025	2.606668	1.081579	2.28216
9126	-4344.208	-4892.903	548.6952	1.274972	2.606668	0.8440427	2.918918
9132	-4334.731	-4883.857	549.1253	1.274972	3.115177	0.8440427	2.517402
9138	-4340.154	-4889.092	548.9384	1.136852	3.483158	0.9637921	2.549121
9144	-4335.681	-4884.088	548.4066	1.329854	2.929939	1.206403	2.754448
9150	-4334.059	-4882.385	548.3262	1.281285	3.039759	1.303871	2.754448
9156	-4338.454	-4887.917	549.463	1.431255	3.039759	0.864823	2.209106
9162	-4333.214	-4882.588	549.3737	1.323936	3.576021	0.7411938	2.293558
9168	-4336.561	-4886.13	549.5686	1.378533	3.366783	0.7411938	2.183815
9174	-4324.021	-4873.341	549.3194	1.341935	3.33872	1.127828	2.109748
9180	-4330.969	-4880.354	549.3855	1.359195	2.871661	0.957768	2.287671
9186	-4324.152	-4872.8	548.6479	1.298132	3.328663	0.957768	2.669522
9192	-4346.024	-4895.194	549.1696	1.387408	3.040605	0.9831488	2.344482
9198	-4352.122	-4900.831	548.7087	1.266852	3.040605	1.45323	2.453957
9204	-4354.201	-4902.782	548.5812	1.381438	3.040605	1.45323	2.462054
9210	-4357.281	-4905.655	548.374	1.240946	3.040605	1.385166	2.709933
9216	-4355.12	-4903.356	548.2358	1.221254	2.854666	1.260561	2.915999
9222	-4340.808	-4889.975	549.167	1.360847	2.411992	1.260561	2.384599
9228	-4359.61	-4907.972	548.3621	1.264549	2.693513	1.23597	2.870122
9234	-4329.888	-4879.117	549.2292	1.391184	2.693513	1.304141	2.215362
9240	-4320.507	-4869.33	548.8227	1.369333	2.693513	1.304141	2.487475
9246	-4329.629	-4878.832	549.2029	1.31373	2.99328	0.8411254	2.478655
9252	-4346.545	-4895.295	548.7498	1.323438	2.762341	1.113449	2.644396
9258	-4340.158	-4889.556	549.3982	1.362018	2.834579	1.070896	2.216257
9264	-4346.55	-4895.6	549.0497	1.310694	2.834579	1.145119	2.427288
9270	-4335.781	-4884.185	548.4036	1.229903	3.095418	0.9523698	2.920387
9276	-4343.817	-4892.662	548.845	1.229903	4.040912	0.9523698	2.433035
9282	-4330.762	-4880.502	549.7402	1.504231	3.20852	0.9786913	1.850132
9288	-4331.688	-4881.603	549.9152	1.534394	3.383387	0.9786913	1.658403
9294	-4332.228	-4882.002	549.774	1.534394	3.383387	1.009586	1.736439
9300	-4350.487	-4900.719	550.232	1.608711	2.480525	1.025813	1.625879
9306	-4329.16	-4879.152	549.9921	1.556766	3.382236	0.8200096	1.710428
9312	-4336.853	-4886.068	549.2153	1.513368	3.718893	0.8741769	2.139311
9318	-4324.136	-4873.387	549.2507	1.425276	3.178279	0.8273008	2.339617
9324	-4332.804	-4881.877	549.0735	1.329945	3.178279	0.8273008	2.511317
9330	-4331.327	-4879.979	548.6517	1.4268	2.817188	1.269328	2.541134
9336	-4336.197	-4885.035	548.8375	1.325199	2.817188	1.171499	2.541134
9342	-4325.893	-4874.256	548.3632	1.394191	3.572836	1.433001	2.46905
9348	-4322.823	-4870.601	547.7779	1.134692	3.282169	1.009625	3.270671
9354	-4338.991	-4887.12	548.1285	1.189925	3.036552	1.009625	3.089317
9360	-4316.298	-4864.358	548.06	1.104126	2.968907	0.8681983	3.285873
9366	-4343.136	-4890.914	547.7775	1.120339	2.466157	0.8312803	3.601581
9372	-4342.413	-4890.826	548.4128	1.120339	2.89028	0.8312803	3.112029
9378	-4333.457	-4881.162	547.7046	1.181344	3.135038	1.155652	3.240091
9384	-4337.488	-4885.404	547.9169	1.314266	3.135038	1.155652	3.034726
9390	-4350.551	-4899.311	548.7609	1.430941	3.135038	1.116474	2.469032
9396	-4326.787	-4875.634	548.8467	1.364411	3.135038	1.128019	2.450263
9402	-4343.694	-4892.933	549.2392	1.399347	3.135038	1.099754	2.194498
9408	-4332.698	-4880.86	548.1614	1.260882	3.135038	1.274441	2.857839
9414	-4333.794	-4882.625	548.8305	1.32498	3.135038	1.044257	2.534351
9420	-4339.351	-4888.653	549.3014	1.32356	2.681613	1.044257	2.363639
9426	-4323.825	-4873.134	549.3096	1.248324	2.681613	0.934746	2.475471
9432	-4315.418	-4864.631	549.2133	1.225127	3.067505	0.9128381	2.458466
9438	-4321.479	-4870.423	548.9436	1.186215	3.481703	0.9128381	2.548745
9444	-4317.121	-4866.176	549.0557	1.300928	3.481703	0.9617267	2.374228
9450	-4304.032	-4853.1	549.0681	1.300928	3.481703	0.7428692	2.521834
9456	-4299.725	-4848.669	548.9448	1.36418	3.700591	1.123742	2.253002
9462	-4312.004	-4861.662	549.6588	1.400485	2.835676	1.084039	2.011942
9468	-4320.946	-4869.348	548.4024	1.231302	2.835676	1.241282	2.82399
9474	-4319.257	-4867.811	548.5541	1.426734	3.766607	1.262995	2.369559
9480	-4320.9	-4870.207	549.3079	1.340826	3.328896	0.9049903	2.263464
9486	-4320.978	-4869.495	548.5174	1.211572	3.674339	0.8838478	2.771236
9492	-4321.081	-4869.845	548.7636	1.187543	3.674339	0.8838478	2.634908
9498	-4325.606	-4875.396	549.7903	1.388946	3.283704	0.834246	1.979281
9504	-4317.429	-4867.054	549.6259	1.415489	3.986279	0.834246	1.899535
9510	-4320.142	-4869.546	549.4042	1.37625	2.902103	1.12445	2.151503
9516	-4335.247	-4884.361	549.1139	1.389674	3.544135	0.9423409	2.278575
9522	-4320.769	-4870.797	550.0287	1.364615	2.898101	0.8590527	1.924097
9528	-4328.136	-4877.816	549.6803	1.322677	3.113869	0.8590527	2.122561
9534	-4327.518	-4877.702	550.1848	1.559899	2.943833	1.006258	1.55405
9540	-4351.954	-4901.998	550.0441	1.613436	2.919614	1.006258	1.625272
9546	-4343.396	-4893.516	550.1202	1.631227	2.919614	1.006258	1.556843
9552	-4332.581	-4882.059	549.4785	1.325133	3.122387	1.006258	2.149067
9558	-4330.712	-4879.9	549.1881	1.380173	3.213283	1.221021	2.149067
9564	-4316.914	-4865.867	548.953	1.432635	3.277747	1.046058	2.352416
9570	-4327.264	-4875.796	548.5313	1.458409	3.006746	1.255629	2.552197
9576	-4321.177	-4869.145	547.9688	1.291265	3.006746	1.437849	2.90981
9582	-4308.692	-4857.356	548.6633	1.398683	3.006746	1.229682	2.520922
9588	-4317.886	-4866.815	548.9292	1.169315	3.006746	1.132354	2.551596
9594	-4322.884	-4871.006	548.1222	1.152808	2.755358	1.132354	3.118947
9600	-4308.711	-4856.968	548.2568	1.232864	3.136763	1.132354	2.891486
9606	-4324.558	-4873.895	549.3368	1.389017	3.225976	1.02593	2.15971
9612	-4310.658	-4859.977	549.3185	1.376749	2.86522	1.069704	2.250138
9618	-4324.725	-4874.312	549.5867	1.464385	2.853794	1.039497	2.040264
9624	-4331.157	-4879.973	548.8157	1.317772	2.853794	1.004601	2.646319
9630	-4334.671	-4883.042	548.3708	1.142783	3.395007	1.004601	2.888584
9636	-4325.348	-4872.971	547.6231	1.111145	3.395007	1.256658	3.216847
9642	-4321.729	-4870.051	548.3223	1.269263	3.658077	1.003515	2.782324
9648	-4325.453	-4874.38	548.9264	1.463864	3.317638	1.116496	2.297127
9654	-4327.341	-4876.69	549.349	1.441755	2.772313	1.186118	2.146306
9660	-4329.042	-4877.938	548.8958	1.368367	3.159722	1.284041	2.324602
9666	-4335.251	-4883.892	548.6405	1.252266	3.223362	1.077386	2.655263
9672	-4341.622	-4889.995	548.3729	1.23489	3.223362	0.871581	2.956643
9678	-4328.312	-4876.408	548.0952	1.204261	2.850579	0.871581	3.234161
9684	-4333.191	-4881.476	548.2843	1.116943	3.173337	0.7859362	3.151169
9690	-4317.005	-4864.94	547.9353	1.183207	3.315078	0.992547	3.151169
9696	-4324.508	-4872.102	547.5932	1.15465	3.315078	1.416258	3.151169
9702	-4313.13	-4861.918	548.7882	1.273323	3.315078	1.158024	2.481841
9708	-4318.454	-4867.324	548.8703	1.383203	3.315078	1.052083	2.422971
9714	-4308.081	-4856.651	548.57	1.411914	2.869002	1.049918	2.70802
9720	-4313.522	-4861.919	548.3971	1.271976	2.869002	1.039889	2.904308
9726	-4340.045	-4888.254	548.2094	1.194313	2.863475	1.243112	2.95469
9732	-4320.898	-4869.579	548.6803	1.304572	3.520153	1.199984	2.457453
9738	-4333.822	-4883.271	549.449	1.395542	2.576207	1.123046	2.207495
9744	-4324.558	-4873.599	549.0406	1.256715	3.541905	0.900076	2.438485
9750	-4324.243	-4873.024	548.7814	1.27361	3.541905	0.900076	2.589708
9756	-4312.977	-4861.788	548.8115	1.299367	2.929718	0.900076	2.70646
9762	-4309.005	-4857.799	548.7946	1.282732	3.32514	0.8924218	2.632142
9768	-4329.505	-4877.462	547.958	1.171186	3.32514	1.064855	3.100341
9774	-4318.499	-4866.481	547.9823	1.353982	3.097298	0.8415653	3.16973
9780	-4312.1	-4859.694	547.5942	1.135671	3.097298	1.146654	3.346025
9786	-4330.659	-4879.147	548.4872	1.303401	4.296395	1.267762	2.375189
9792	-4319.782	-4868.221	548.4383	1.34097	4.05718	1.267762	2.431442
9798	-4328.853	-4878.048	549.1948	1.383997	3.154296	1.267762	2.131899
9804	-4316.903	-4865.649	548.7458	1.327314	2.939227	1.088708	2.610323
9810	-4321.512	-4870.353	548.8414	1.330747	2.939227	1.135486	2.522004
9816	-4324.24	-4873.184	548.9438	1.33856	3.502497	1.135486	2.309682
9822	-4328.926	-4877.212	548.2863	1.335675	4.093034	1.135486	2.594111
9828	-4325.312	-4874.547	549.2352	1.32065	3.608151	0.8850058	2.269241
9834	-4325.706	-4875.373	549.6667	1.389712	2.800653	0.9016036	2.145107
9840	-4317.739	-4866.822	549.0828	1.368213	2.800653	0.9016036	2.530365
9846	-4332.308	-4880.356	548.0481	1.185746	3.788661	0.9016036	3.034025
9852	-4332.056	-4881.59	549.5339	1.42821	3.198299	0.7208276	2.233773
9858	-4316.373	-4865.987	549.6135	1.470557	3.462999	1.095776	1.813743
9864	-4333.577	-4883.171	549.5938	1.464197	3.462999	1.123878	1.813743
9870	-4333.762	-4883.352	549.5904	1.515824	3.462999	1.123878	1.780335
9876	-4333.178	-4881.409	548.2308	1.30714	3.462999	1.123878	2.788896
9882	-4326.452	-4875.503	549.051	1.361037	3.462999	0.7240509	2.514181
9888	-4335.698	-4885.035	549.3369	1.381882	2.875307	0.7240509	2.472064
9894	-4315.508	-4864.724	549.2156	1.34169	2.875307	0.7316212	2.566816
9900	-4318.612	-4867.305	548.6934	1.253843	3.645013	1.002972	2.566816
9906	-4322.582	-4871.287	548.705	1.242225	3.645013	1.002972	2.566816
9912	-4326.667	-4875.216	548.5488	1.242258	2.639983	1.002972	2.915532
9918	-4313.96	-4863.866	549.9061	1.497441	2.681647	1.002972	1.880233
9924	-4328.573	-4878.529	549.9554	1.608532	2.973585	0.7417181	1.880233
9930	-4328.173	-4878.157	549.9839	1.560523	2.973585	1.080793	1.637996
9936	-4321.866	-4872.029	550.1635	1.564583	2.973585	0.9366852	1.608886
9942	-4312.828	-4862.912	550.0834	1.573855	3.016301	0.9366852	1.646844
9948	-4300.285	-4849.875	549.5899	1.413356	3.5356	0.8347898	2.031751
9954	-4310.964	-4859.978	549.0148	1.369059	3.163502	1.114839	2.341401
9960	-4323.798	-4873.325	549.527	1.369059	2.992508	0.9113469	2.188021
9966	-4327.413	-4875.749	548.3362	1.203941	3.785262	0.9113469	2.843897
9972	-4336.566	-4885.672	549.1063	1.322635	3.689022	0.9113469	2.313375
9978	-4312.514	-4860.584	548.0692	1.397293	3.689022	1.198603	2.740866
9984	-4326.117	-4874.35	548.2322	1.303292	3.431402	1.344366	2.682473
9990	-4316.354	-4863.873	547.5196	1.298804	3.674012	1.226151	3.120616
9996	-4294.518	-4842.699	548.1806	1.234619	3.33679	1.226151	2.837934
10002	-4320.716	-4868.584	547.8688	1.115342	3.33679	1.226151	3.097165
10008	-4317.012	-4865.145	548.1334	1.230979	3.242189	0.8727686	3.097165
10014	-4321.316	-4869.44	548.1239	1.033357	4.089104	0.735089	3.134174
10020	-4332.204	-4880.397	548.1934	1.014022	2.870466	1.122013	3.134174
10026	-4340.818	-4889.139	548.3202	1.156395	3.163705	1.130428	2.893784
10032	-4330.412	-4878.869	548.4561	1.161542	3.345889	0.9138069	2.893784
10038	-4333.987	-4882.693	548.7062	1.182554	3.187599	0.9138069	2.767299
10044	-4333.733	-4882.647	548.9135	1.182554	3.187599	0.7347095	2.767299
10050	-4316.774	-4865.631	548.8566	1.22851	3.95143	0.7826538	2.563684
10056	-4306.976	-4855.68	548.7034	1.362112	3.95143	0.7826538	2.575857
10062	-4308.209	-4857.655	549.4458	1.401202	3.347535	0.9019765	2.13253
10068	-4318.477	-4867.379	548.9015	1.401911	3.444774	0.9019765	2.456277
10074	-4309.177	-4857.927	548.7493	1.329137	3.444774	1.313149	2.356196
10080	-4322.731	-4871.37	548.6392	1.296623	3.444774	1.413861	2.396089
10086	-4308.37	-4857.281	548.9117	1.315662	3.107109	0.9900871	2.530062
10092	-4312.65	-4861.456	548.8067	1.42068	3.107109	0.9900871	2.530062
10098	-4314.289	-4863.674	549.3851	1.426903	3.107109	0.8680073	2.241793
10104	-4321.233	-4870.358	549.1257	1.426903	3.736891	1.082547	2.111387
10110	-4323.53	-4872.625	549.0945	1.373528	3.736891	1.088273	2.163044
10116	-4305.708	-4854.684	548.9752	1.241395	3.821402	0.9767756	2.375096
10122	-4312.632	-4860.403	547.7708	1.226056	3.60081	1.278075	3.003664
10128	-4317.164	-4865.513	548.3487	1.210851	3.60081	1.278075	2.661927
10134	-4328.942	-4877.697	548.7559	1.16773	3.257337	1.086872	2.622296
10140	-4331.48	-4879.871	548.3912	1.128928	3.14843	1.086872	2.895575
10146	-4337.439	-4885.874	548.4352	1.261848	3.25841	0.8436394	2.913322
10152	-4337.418	-4886.667	549.2485	1.320916	3.25841	0.993196	2.273323
10158	-4349.118	-4899.092	549.9745	1.514518	3.25841	0.7560456	1.839029
10164	-4327.763	-4877.942	550.1788	1.532106	3.25841	0.7560456	1.684038
10170	-4335.399	-4885.553	550.1542	1.568607	3.264652	0.7488493	1.680147
10176	-4359.09	-4909.198	550.1083	1.475093	2.855004	0.8154217	1.841522
10182	-4336.31	-4886.39	550.0806	1.558284	2.855004	0.9204578	1.721747
10188	-4341.524	-4891.617	550.0928	1.546058	2.855004	0.9204578	1.721747
10194	-4340.728	-4889.968	549.2403	1.460066	3.309096	1.122925	2.094691
10200	-4330.344	-4879.788	549.4441	1.470924	2.852409	0.9906171	2.161706
10206	-4330.448	-4879.864	549.4158	1.39561	3.366783	0.886694	2.161706
10212	-4323.816	-4872.451	548.6357	1.410453	2.975807	1.255501	2.525301
10218	-4322.53	-4871.126	548.5961	1.309244	3.548613	1.197832	2.501799
10224	-4328.509	-4877.418	548.9097	1.231554	2.852328	0.9388856	2.683219
10230	-4332.918	-4881.65	548.732	1.389977	3.452665	0.9388856	2.543265
10236	-4339.511	-4888.831	549.3199	1.440936	3.686828	0.8912651	2.113488
10242	-4316.464	-4864.728	548.2646	1.223702	3.117963	1.141873	2.891738
10248	-4308.121	-4856.954	548.8334	1.241341	3.319551	0.8099225	2.69236
10254	-4314.868	-4863.507	548.6385	1.261385	3.791118	0.8099225	2.69236
10260	-4333.375	-4882.16	548.7849	1.515361	3.694289	0.977752	2.349952
10266	-4330.03	-4879.009	548.9792	1.260965	2.966621	0.7925472	2.692135
10272	-4322.021	-4870.84	548.8186	1.368124	2.910091	1.120836	2.529119
10278	-4331.657	-4879.354	547.6971	1.334057	2.573095	1.293105	3.231676
10284	-4335.049	-4883.596	548.5472	1.251764	2.831399	0.9475026	2.891971
10290	-4317.097	-4864.857	547.76	1.256807	2.954142	1.099232	3.238096
10296	-4315.884	-4864.145	548.2611	1.368481	2.939709	0.9798142	2.945496
10302	-4326.628	-4876.063	549.4346	1.432522	3.543928	0.9798142	2.0164
10308	-4321.681	-4870.452	548.7709	1.452223	2.890727	1.244316	2.443513
10314	-4317.944	-4866.905	548.9615	1.35814	3.372099	0.9319445	2.443513
10320	-4317.004	-4865.6	548.5958	1.250676	2.900035	1.013902	2.803941
10326	-4315.182	-4864.238	549.0554	1.263745	3.194283	0.7947341	2.583375
10332	-4318.701	-4867.485	548.7849	1.349101	3.679981	0.7947341	2.583375
10338	-4308.458	-4858.024	549.5666	1.344776	3.679981	0.7408674	2.131288
10344	-4309.788	-4859.011	549.2228	1.357077	3.679981	0.7408674	2.344763
10350	-4322.113	-4871.374	549.261	1.391285	3.679981	0.7408674	2.29861
10356	-4308.586	-4857.94	549.3534	1.45944	3.362536	0.7700524	2.248648
10362	-4289.325	-4838.268	548.943	1.371937	3.507951	1.223334	2.237823
10368	-4282.719	-4831.53	548.81	1.488777	3.507951	1.223334	2.248165
10374	-4293.09	-4842.067	548.9771	1.417056	3.507951	1.29227	2.148922
10380	-4284.665	-4833.87	549.2049	1.303416	3.325711	0.8293716	2.407135
10386	-4320.967	-4869.719	548.7517	1.407351	4.278592	1.03448	2.278019
10392	-4307.767	-4857.187	549.4202	1.432237	4.417399	0.9990335	1.812803
10398	-4320.121	-4869.847	549.7254	1.461796	3.944545	0.9990335	1.686014
10404	-4313.244	-4862.856	549.6118	1.506832	3.045758	1.076827	1.915805
10410	-4297.113	-4845.773	548.6603	1.212989	3.477151	0.9098759	2.710165
10416	-4302.28	-4850.355	548.0747	1.286885	3.1624	1.357676	2.846888
10422	-4308.83	-4857.037	548.207	1.25453	3.738659	1.23597	2.713328
10428	-4312.92	-4861.177	548.2577	1.319026	3.425962	1.23597	2.713328
10434	-4302.404	-4851.336	548.9318	1.426443	3.084758	1.162321	2.350926
10440	-4307.625	-4856.495	548.8705	1.368009	3.084758	0.7684344	2.680363
10446	-4316.48	-4865.313	548.833	1.405155	3.084758	1.171393	2.421799
10452	-4296.867	-4846.026	549.159	1.322006	3.084758	0.9708278	2.388906
10458	-4314.799	-4863.42	548.6201	1.296409	3.815761	0.9708278	2.568235
10464	-4320.393	-4869.196	548.8035	1.194861	3.752502	0.9063417	2.573293
10470	-4323.493	-4872.287	548.7944	1.276846	3.196539	0.8314361	2.709245
10476	-4330.053	-4879.611	549.558	1.302609	3.196539	1.041112	2.069472
10482	-4345.139	-4892.912	547.7727	1.341181	4.134058	1.0102	2.968242
10488	-4340.188	-4888.636	548.448	1.148365	4.011644	0.9490189	2.737983
10494	-4335.604	-4883.089	547.4847	1.116519	3.582413	0.9490189	3.42258
10500	-4338.79	-4886.29	547.5	1.036598	3.525102	0.7308832	3.617907
10506	-4338.55	-4886.881	548.3315	1.191905	3.993744	0.7308832	2.937244
10512	-4340.44	-4888.396	547.9565	1.20261	3.911617	0.7162614	3.1828
10518	-4339.27	-4887.141	547.8712	1.194101	3.911617	0.7444516	3.217314
10524	-4340.705	-4888.73	548.0255	1.186	3.536848	0.6714171	3.265726
10530	-4325.641	-4873.502	547.8612	1.180118	3.536848	0.6714171	3.365921
10536	-4332.845	-4880.966	548.121	1.201435	3.824268	0.8131781	3.03293
10542	-4328.075	-4876.939	548.8639	1.240647	3.824268	0.85479	2.526765
10548	-4326.39	-4875.602	549.2114	1.240647	3.767713	0.85479	2.320356
10554	-4320.689	-4869.989	549.3001	1.364556	2.928741	0.9616114	2.320356
10560	-4319.958	-4869.2	549.2425	1.237401	2.928741	0.9309192	2.457452
10566	-4336.795	-4886.01	549.2156	1.313225	3.254094	0.9309192	2.341208
10572	-4318.178	-4866.824	548.6459	1.268904	3.477176	0.9309192	2.670881
10578	-4338.651	-4887.13	548.4795	1.26583	3.950847	0.9309192	2.670881
10584	-4345.581	-4894.547	548.9662	1.345867	2.813362	1.108562	2.484563
10590	-4329.216	-4878.01	548.7947	1.347583	2.813362	0.8295524	2.766662
10596	-4320.226	-4869.425	549.1984	1.426064	2.730257	0.9094549	2.436496
10602	-4320.441	-4869.818	549.3772	1.40524	3.238344	0.8776694	2.219621
10608	-4321.411	-4871.066	549.6544	1.536542	3.173263	1.140281	1.789999
10614	-4335.149	-4884.305	549.1563	1.551271	3.485251	0.9199455	2.176481
10620	-4329.589	-4877.824	548.235	1.415218	3.329608	1.520493	2.552998
10626	-4329.58	-4877.786	548.2062	1.223997	3.329608	1.520493	2.68895
10632	-4323.859	-4873.086	549.2274	1.462986	3.308747	0.8483159	2.281914
10638	-4323.09	-4871.632	548.542	1.36747	3.308747	0.8483159	2.769119
10644	-4296.141	-4844.792	548.6509	1.287677	3.057171	0.9978078	2.716511
10650	-4310.71	-4858.876	548.1657	1.467342	3.511131	1.034854	2.771164
10656	-4320.411	-4869.33	548.9191	1.399978	4.042619	1.065876	2.205065
10662	-4328.945	-4877.921	548.9754	1.477058	4.042619	0.9604068	2.186426
10668	-4333.125	-4881.513	548.3881	1.238644	4.042619	0.9604068	2.705819
10674	-4329.276	-4877.857	548.5814	1.279132	3.641782	0.879209	2.701018
10680	-4309.666	-4858.194	548.5285	1.267433	3.641782	1.014277	2.654137
10686	-4308.745	-4857.154	548.4086	1.20965	3.8476	0.7494231	2.896223
10692	-4323.508	-4872.515	549.0074	1.334533	3.60131	0.9909224	2.336442
10698	-4321.51	-4870.41	548.9002	1.341018	3.446995	1.05561	2.396517
10704	-4301.997	-4850.6	548.6022	1.343586	3.812328	1.157155	2.439413
10710	-4312.316	-4861.704	549.3888	1.372486	3.710221	1.157155	1.93357
10716	-4335.534	-4884.091	548.5571	1.416088	3.432271	1.18226	2.495299
10722	-4328.278	-4876.373	548.0958	1.445126	3.149578	1.585416	2.636437
10728	-4338.44	-4886.753	548.3133	1.168211	3.121974	1.018336	2.965194
10734	-4336.41	-4884.854	548.4438	1.369802	3.232919	1.00576	2.744109
10740	-4335.289	-4883.732	548.4438	1.369802	3.232919	1.00576	2.744109
10746	-4332.868	-4881.444	548.5767	1.229371	3.232919	1.121734	2.680837
10752	-4320.102	-4868.682	548.5804	1.3382	3.156204	1.121734	2.630627
10758	-4339.99	-4888.424	548.4343	1.243786	3.599816	1.326364	2.56445
10764	-4329.943	-4878.692	548.7494	1.226896	3.599816	0.9026402	2.623486
10770	-4311.347	-4860.04	548.6924	1.191707	3.682104	0.9026402	2.661883
10776	-4321.683	-4870.107	548.4241	1.254639	3.682104	1.108415	2.661883
10782	-4324.578	-4873.755	549.1767	1.27655	3.128036	1.09282	2.319475
10788	-4324.164	-4872.819	548.655	1.288889	3.128036	0.9732227	2.710486
10794	-4336.333	-4885.158	548.8245	1.296561	3.22011	1.070318	2.518707
10800	-4342.82	-4891.684	548.864	1.294449	3.22011	1.070318	2.495355
10806	-4322.41	-4871.958	549.5489	1.354946	3.299307	0.8074315	2.177041
10812	-4340.342	-4889.721	549.3796	1.372601	3.299307	0.8074315	2.27484
10818	-4324.784	-4874.083	549.2992	1.375476	3.299307	1.062078	2.151201
10824	-4339.738	-4888.849	549.1105	1.404976	3.398846	0.6491046	2.526679
10830	-4322.589	-4872.254	549.6655	1.30755	3.389478	0.6491046	2.239283
10836	-4340.323	-4890.203	549.8802	1.467398	4.520439	0.5623553	1.817222
10842	-4342.283	-4891.652	549.3682	1.51074	4.040657	0.848264	1.98585
10848	-4330.736	-4880.267	549.5309	1.463402	3.697209	0.848264	1.988228
10854	-4307.992	-4857.33	549.3376	1.308235	3.596435	0.848264	2.240446
10860	-4310.299	-4859.141	548.842	1.341287	3.609396	0.6788588	2.658645
10866	-4320.278	-4870.024	549.7455	1.480651	2.950967	0.9033873	1.988286
10872	-4334.935	-4883.841	548.9058	1.303494	3.356631	0.7971341	2.609861
10878	-4334.555	-4883.332	548.7769	1.298571	3.356631	0.9162124	2.609861
10884	-4349.023	-4897.587	548.5636	1.301289	2.589353	1.219935	2.763477
10890	-4347.467	-4895.832	548.3645	1.283647	3.011249	0.8201515	3.019903
10896	-4354.461	-4903.522	549.0607	1.400808	2.710918	0.872318	2.569195
10902	-4329.866	-4878.451	548.5851	1.460165	2.672216	1.329187	2.572394
10908	-4317.322	-4866.248	548.9261	1.421682	2.777147	0.9175138	2.590505
10914	-4326.383	-4874.492	548.1085	1.247613	2.951717	0.9175138	3.144796
10920	-4334.992	-4883.282	548.29	1.135866	2.849859	0.9635671	3.101018
10926	-4355.637	-4904.598	548.9609	1.172388	2.586092	0.8912195	2.79416
10932	-4356.633	-4905.362	548.729	1.244114	3.364236	0.8912195	2.687788
10938	-4364.196	-4913.796	549.6	1.283529	3.522394	0.8912195	2.072508
10944	-4354.347	-4903.376	549.0293	1.240767	3.31959	1.022201	2.429758
10950	-4339.87	-4888.903	549.0334	1.235008	2.87419	1.022201	2.546392
10956	-4329.806	-4878.918	549.1121	1.39361	3.167652	0.729312	2.523864
10962	-4334.837	-4883.248	548.4115	1.351248	4.359835	1.175098	2.430459
10968	-4317.706	-4866.061	548.3545	1.293287	3.861334	1.160548	2.612697
10974	-4314.916	-4863.671	548.7556	1.374395	3.466622	0.9910822	2.501571
10980	-4323.292	-4871.196	547.9036	1.376927	3.684007	1.036473	2.9454
10986	-4322.187	-4870.845	548.6583	1.401322	2.85964	1.036473	2.67087
10992	-4324.756	-4873.643	548.8869	1.365772	2.85964	1.036473	2.551483
10998	-4326.742	-4875.985	549.2425	1.434919	3.256323	1.036473	2.176532
11004	-4324.566	-4873.18	548.6137	1.375007	3.561953	1.158733	2.46817
11010	-4302.006	-4851.437	549.4309	1.425412	3.561953	0.7231822	2.209491
11016	-4322.617	-4872.046	549.4289	1.404283	3.657264	0.8487397	2.103992
11022	-4326.336	-4875.28	548.9436	1.372242	3.657264	0.9340814	2.377211
11028	-4330.61	-4879.659	549.0485	1.311236	3.429813	0.9340814	2.402873
11034	-4337.962	-4886.502	548.5401	1.158058	3.429813	0.8654705	2.857401
11040	-4309.1	-4857.655	548.5557	1.210006	3.256591	0.8654705	2.857401
11046	-4308.59	-4857.241	548.651	1.302786	3.037365	1.091735	2.656375
11052	-4327.266	-4876.325	549.0594	1.303745	3.037365	1.056479	2.42227
11058	-4323.136	-4872.138	549.0016	1.297428	3.610294	0.7929431	2.497727
11064	-4329.71	-4878.604	548.8944	1.373255	3.610294	0.9462112	2.410408
11070	-4334.711	-4884.182	549.4709	1.373255	3.486432	0.9411492	2.072185
11076	-4339.163	-4888.709	549.5462	1.375963	3.284299	0.9411492	2.072185
11082	-4348.53	-4898.96	550.4295	1.623834	2.959248	0.8244292	1.463829
11088	-4340.102	-4890.854	550.7524	1.63665	2.959248	0.5768373	1.454867
11094	-4344.684	-4893.789	549.1049	1.304283	3.685088	0.7563854	2.439343
11100	-4332.679	-4882.275	549.5966	1.38908	3.258106	0.7291691	2.196242
11106	-4330.822	-4879.22	548.3977	1.335538	3.180779	1.137826	2.729387
11112	-4328.335	-4877.107	548.7715	1.212682	3.452064	0.9933548	2.594247
11118	-4329.165	-4877.898	548.733	1.309281	3.452064	0.9303901	2.598443
11124	-4331.114	-4880.011	548.8968	1.318416	3.452064	1.050259	2.414959
11130	-4332.272	-4881.458	549.1867	1.294648	3.452064	0.7810595	2.429255
11136	-4325.275	-4873.808	548.5327	1.230357	3.487755	0.6904979	2.932689
11142	-4331.336	-4880.404	549.0683	1.406938	3.487755	0.7215683	2.470822
11148	-4334.101	-4883.23	549.1286	1.493429	2.867388	1.103184	2.276328
11154	-4324.801	-4874.078	549.2769	1.336903	2.867388	0.7920653	2.487685
11160	-4335.243	-4884.525	549.2825	1.440066	2.968893	0.7317877	2.438051
11166	-4338.69	-4887.493	548.8029	1.433556	2.968893	1.071948	2.510711
11172	-4321.917	-4870.896	548.9787	1.257795	2.968893	1.071948	2.510711
11178	-4326.598	-4875.087	548.4893	1.433247	3.438468	1.175932	2.528924
11184	-4322.348	-4871.766	549.4173	1.439485	3.438468	0.7727403	2.199413
11190	-4316.671	-4865.408	548.7376	1.275461	3.202521	1.076324	2.586712
11196	-4320.601	-4869.764	549.1629	1.439943	3.202521	0.8220238	2.383644
11202	-4322.784	-4872.141	549.3569	1.343111	3.678328	0.7321165	2.275475
11208	-4315.227	-4864.319	549.0919	1.275333	3.206695	0.8199445	2.532019
11214	-4322.714	-4871.302	548.5881	1.416123	3.206695	0.8736116	2.718693
11220	-4319.481	-4868.817	549.3362	1.470892	3.206695	0.8678414	2.218932
11226	-4324.818	-4875.185	550.3677	1.634929	3.012265	0.8178717	1.490806
11232	-4330.211	-4880.319	550.108	1.681121	2.939706	0.7484435	1.728753
11238	-4323.159	-4873.352	550.1924	1.66453	2.859856	1.02757	1.481991
11244	-4343.213	-4893.033	549.82	1.684205	3.842291	0.9962733	1.481991
11250	-4347.403	-4896.813	549.4104	1.399703	3.288441	0.9962733	2.107656
11256	-4325.434	-4874.007	548.573	1.286589	3.288441	0.9962733	2.708252
11262	-4329.009	-4877.651	548.6413	1.282827	3.288441	0.9962733	2.668591
11268	-4328.603	-4877.079	548.476	1.245681	3.310453	0.8419594	2.887168
11274	-4339.547	-4887.474	547.9265	1.188133	3.310453	0.9644788	3.171458
11280	-4334.97	-4884.4	549.4301	1.409987	2.807278	1.083829	2.164485
11286	-4336.66	-4885.284	548.6242	1.234036	2.807278	1.083829	2.780687
11292	-4325.698	-4873.925	548.2263	1.161601	3.287967	1.083829	2.943263
11298	-4321.269	-4869.135	547.8657	1.161601	2.747126	1.183645	3.240924
11304	-4323.088	-4870.845	547.757	1.343535	3.154392	1.423769	2.97536
11310	-4319.71	-4868.138	548.428	1.346552	3.765936	1.061541	2.611502
11316	-4322.075	-4870.405	548.3296	1.251179	3.765936	1.050657	2.73712
11322	-4327.842	-4877.588	549.7462	1.499656	3.765936	0.844584	1.803515
11328	-4323.907	-4873.562	549.6551	1.502578	3.765936	0.844584	1.864122
11334	-4320.174	-4869.522	549.3484	1.40702	3.765936	0.8548047	2.124994
11340	-4335.117	-4884.437	549.3197	1.363815	3.973675	0.8548047	2.124994
11346	-4335.544	-4884.356	548.8124	1.207331	3.309284	0.8104066	2.728215
11352	-4336.206	-4885.05	548.8439	1.164019	3.126788	0.8104066	2.780239
11358	-4334.293	-4882.959	548.666	1.224327	2.767653	0.980078	2.833679
11364	-4324.744	-4873.425	548.6806	1.316351	2.767653	1.135788	2.677286
11370	-4335.415	-4883.955	548.5402	1.307691	2.529741	1.135788	2.836605
11376	-4329.883	-4879.023	549.1407	1.222521	3.177822	0.8518188	2.519081
11382	-4352.336	-4901.305	548.9688	1.314859	3.100955	1.020697	2.477436
11388	-4337.137	-4885.822	548.6848	1.241701	2.80817	1.020697	2.775867
11394	-4338.3	-4887.638	549.3382	1.336272	2.510055	1.020697	2.398671
11400	-4359.514	-4908.498	548.9835	1.30254	2.510055	0.9249836	2.701139
11406	-4331.92	-4880.713	548.7928	1.305067	3.532548	1.155324	2.408277
11412	-4337.235	-4886.335	549.0998	1.275027	3.409224	0.7327413	2.543333
11418	-4348.607	-4897.269	548.6621	1.266322	3.409224	0.7327413	2.817743
11424	-4317.029	-4865.831	548.8023	1.274021	3.409224	0.7672032	2.701391
11430	-4316.105	-4864.973	548.8679	1.279006	3.409224	0.9329249	2.541953
11436	-4333.212	-4882.213	549.0014	1.429607	3.412998	0.8345484	2.430811
11442	-4315.418	-4864.903	549.4851	1.421391	3.412998	0.8788927	2.093479
11448	-4321.53	-4870.903	549.3737	1.517319	3.412998	0.7497247	2.201768
11454	-4314.311	-4863.417	549.1053	1.307729	3.21179	0.8124958	2.507546
11460	-4317.866	-4866.988	549.1227	1.386278	3.21179	0.7521938	2.492843
11466	-4316.02	-4865.689	549.6689	1.485792	3.21179	0.7521938	2.079294
11472	-4308.876	-4858.6	549.723	1.431612	3.21179	0.7521938	2.079294
11478	-4304.033	-4853.152	549.1192	1.344378	3.210467	0.8975875	2.416126
11484	-4309.761	-4858.705	548.9442	1.4063	3.210467	0.8975875	2.487177
11490	-4332.528	-4881.192	548.6638	1.455738	2.958187	1.465562	2.379425
11496	-4318.342	-4867.407	549.0647	1.404651	3.382753	1.045714	2.273034
11502	-4326.295	-4874.336	548.0408	1.206332	3.155854	0.7819566	3.249515
11508	-4320.556	-4869.428	548.8728	1.245926	3.663679	0.7819566	2.605947
11514	-4325.378	-4873.576	548.1975	1.1712	3.424161	0.9206993	3.020992
11520	-4314.638	-4863.156	548.5181	1.257817	2.921452	0.7002219	3.054525
11526	-4318.428	-4867.036	548.6086	1.211004	2.921452	1.030236	2.804858
11532	-4319.64	-4868.06	548.4199	1.216378	2.921452	1.030236	2.915964
11538	-4312.551	-4861.613	549.0614	1.290277	2.41954	1.30068	2.472152
11544	-4330.723	-4879.967	549.2444	1.491924	2.41954	1.220353	2.271137
11550	-4337.36	-4886.995	549.6346	1.454971	2.41954	1.085942	2.120659
11556	-4326.679	-4876.324	549.645	1.41591	3.57547	0.7755814	2.029893
11562	-4328.95	-4878.865	549.9151	1.520208	3.581737	0.8026328	1.751663
11568	-4343.1	-4892.894	549.7944	1.544791	3.933461	0.8026328	1.731666
11574	-4332.568	-4882.499	549.9303	1.408943	3.933461	0.8026328	1.731666
11580	-4329.564	-4878.941	549.377	1.289498	3.933461	0.8686652	2.134939
11586	-4321.631	-4871.185	549.5537	1.434766	4.111645	0.8702634	1.879492
11592	-4325.218	-4874.682	549.4634	1.460619	4.134889	0.8702634	1.918087
11598	-4325.026	-4874.835	549.809	1.562995	3.669397	0.637765	1.918087
11604	-4334.097	-4883.495	549.3976	1.553203	3.451436	0.8894405	2.047029
11610	-4310.769	-4860.567	549.7979	1.51651	2.883138	0.8785086	1.967047
11616	-4292.589	-4842.395	549.8066	1.553274	2.883138	0.8785086	1.936521
11622	-4305.154	-4854.965	549.8104	1.585721	2.883138	0.7958115	1.975634
11628	-4314.659	-4864.182	549.523	1.534122	3.337095	0.9807852	1.941267
11634	-4320.86	-4870.623	549.7629	1.45875	2.858219	0.9807852	1.964152
11640	-4313.391	-4863.096	549.705	1.508383	2.858219	0.8827425	2.038604
11646	-4315.523	-4864.284	548.7605	1.433222	3.141158	1.095882	2.478239
11652	-4319.289	-4867.851	548.5614	1.225706	3.015198	1.076354	2.773128
11658	-4317.94	-4867.527	549.5872	1.467278	3.015198	1.124327	1.937973
11664	-4301.817	-4851.503	549.6857	1.492003	3.266977	0.8109225	2.002699
11670	-4311.524	-4861.231	549.7072	1.479825	3.912592	0.9007224	1.765768
11676	-4322.482	-4872.283	549.8013	1.456542	2.86415	0.8256712	2.049921
11682	-4337.824	-4887.51	549.6861	1.590401	2.86415	1.177227	1.798421
11688	-4328.468	-4878.24	549.7722	1.565867	3.355601	1.04362	1.699618
11694	-4315.168	-4865.202	550.0344	1.512643	3.190199	0.9804655	1.641883
11700	-4332.001	-4881.822	549.8215	1.511751	3.360259	0.7193861	1.948863
11706	-4330.338	-4879.218	548.8803	1.381217	3.360259	0.7500809	2.611878
11712	-4341.227	-4889.864	548.6374	1.172717	3.360259	0.7542562	2.884693
11718	-4331.58	-4880.568	548.988	1.318164	3.360259	0.7107561	2.614951
11724	-4333.058	-4882.404	549.346	1.318164	2.853246	0.7107561	2.522942
11730	-4328.716	-4877.541	548.8257	1.291038	2.789289	1.138697	2.595742
11736	-4315.286	-4864.58	549.2935	1.387586	2.814146	1.203236	2.195592
11742	-4311.456	-4860.856	549.4003	1.387586	2.801181	1.09126	2.195592
11748	-4309.809	-4859.197	549.3879	1.382473	3.55359	0.8760773	2.14994
11754	-4303.069	-4852.875	549.8062	1.436094	3.55359	0.8760773	1.834699
11760	-4315.196	-4864.044	548.8485	1.304347	3.55359	0.8217919	2.580679
11766	-4336.904	-4885.937	549.0333	1.342379	3.55359	0.7833967	2.469914
11772	-4312.22	-4860.685	548.4646	1.327616	3.55359	1.126412	2.6106
11778	-4312.117	-4861.223	549.1055	1.303326	3.55359	0.908971	2.359251
11784	-4331.94	-4881.711	549.7712	1.45217	3.612331	0.908971	1.808155
11790	-4333.291	-4881.67	548.3788	1.145092	3.612331	0.908971	2.89285
11796	-4346.276	-4895.417	549.1413	1.254906	3.167668	1.008102	2.39726
11802	-4335.184	-4884.182	548.9978	1.24547	3.514957	0.756036	2.582146
11808	-4347.963	-4897.423	549.4608	1.404883	3.333462	0.756036	2.232944
11814	-4341.823	-4890.838	549.0146	1.280418	3.569145	0.7761915	2.522192
11820	-4336.399	-4885.102	548.7031	1.290363	3.202582	1.075468	2.599332
11826	-4315.914	-4864.161	548.2468	1.323029	3.406416	0.8709539	2.936718
11832	-4318.436	-4867.239	548.803	1.39759	4.137538	0.957055	2.330234
11838	-4322.167	-4871.364	549.1967	1.300296	3.299404	0.957055	2.33269
11844	-4313.322	-4861.113	547.7914	1.208454	3.815668	0.9550818	3.134306
11850	-4323.628	-4872.203	548.5751	1.135467	3.815668	0.9550818	2.70537
11856	-4325.927	-4874.71	548.7825	1.221389	3.048379	0.9550818	2.70537
11862	-4310.599	-4858.582	547.9833	1.152024	3.28636	1.112105	3.079298
11868	-4325.763	-4874.16	548.3974	1.164894	3.448669	0.9972203	2.851141
11874	-4344.542	-4893.199	548.6568	1.17296	3.296874	0.9477725	2.754791
11880	-4330.533	-4879.708	549.175	1.266451	3.296874	0.8194521	2.46354
11886	-4337.264	-4886.698	549.4339	1.377437	3.296874	0.7094886	2.314558
11892	-4321.63	-4870.623	548.9929	1.377437	2.849812	1.085532	2.451317
11898	-4336.357	-4885.534	549.1762	1.32103	2.663308	1.041447	2.451317
11904	-4327.114	-4876.021	548.9061	1.270061	2.910095	1.041447	2.582245
11910	-4329.188	-4877.935	548.7464	1.272646	3.707613	0.888662	2.582245
11916	-4330.631	-4880.097	549.4659	1.26809	3.707613	0.954484	2.082144
11922	-4332.741	-4881.74	548.9985	1.355209	3.493939	0.9479902	2.382127
11928	-4339.944	-4888.693	548.7492	1.250715	3.493939	0.9479902	2.603465
11934	-4325.422	-4874.591	549.1689	1.328651	3.493939	0.7559606	2.428262
11940	-4328.105	-4877.314	549.2085	1.389181	3.235577	0.7559606	2.428262
11946	-4333.96	-4882.862	548.9017	1.370998	4.135729	0.7559606	2.428262
11952	-4341.176	-4889.425	548.2489	1.366621	4.135729	1.204828	2.551169
11958	-4345.588	-4894.432	548.8438	1.311555	4.207283	0.7686211	2.477571
11964	-4336.769	-4885.438	548.6684	1.307202	3.804711	0.5714786	2.835591
11970	-4319.993	-4868.197	548.2041	1.165421	3.552233	0.8051227	3.068933
11976	-4309.935	-4858.662	548.7263	1.395936	3.552233	0.8051227	2.61197
11982	-4304.682	-4853.561	548.8793	1.32058	3.477269	0.7636757	2.61197
11988	-4321.539	-4869.982	548.4428	1.2798	3.477269	1.059057	2.709874
11994	-4308.878	-4857.544	548.6666	1.266752	3.477269	0.8810177	2.692477
12000	-4301.952	-4850.455	548.5036	1.181982	4.437186	0.6989734	2.776991
12006	-4292.227	-4841.143	548.9167	1.308715	4.285467	0.7492655	2.432781
12012	-4307.963	-4856.228	548.2652	1.193863	3.109318	0.9667717	3.012939
12018	-4312.714	-4861.102	548.3884	1.150213	3.273161	0.9271454	2.950134
12024	-4311.823	-4859.766	547.9428	1.229008	3.77708	1.025425	2.997307
12030	-4298.462	-4847.386	548.9237	1.355069	3.77708	0.7068565	2.53949
12036	-4304.709	-4854.169	549.4603	1.339634	3.987564	0.7068565	2.1622
12042	-4330.767	-4880.089	549.3214	1.392529	3.987564	0.7090398	2.216061
12048	-4328.123	-4876.355	548.2314	1.265247	3.987564	0.9915324	2.777321
12054	-4325.669	-4873.99	548.3218	1.288893	3.78188	0.9915324	2.750996
12060	-4321.633	-4869.896	548.263	1.427877	3.888873	0.8798176	2.750996
12066	-4318.776	-4867.461	548.6852	1.343203	3.377578	0.7321415	2.764715
12072	-4328.258	-4877.012	548.754	1.390914	4.090888	0.7321415	2.536068
12078	-4312.699	-4861.175	548.4763	1.380349	3.209326	0.9622027	2.750535
12084	-4314.941	-4863.633	548.6918	1.232795	3.209326	0.9430446	2.721131
12090	-4303.895	-4852.226	548.3304	1.326884	3.209326	0.9430446	2.883817
12096	-4316.956	-4865.282	548.3256	1.182239	3.209326	1.106942	2.876749
12102	-4319.28	-4867.479	548.1985	1.229225	3.481368	1.071949	2.880981
12108	-4309.122	-4857.41	548.2885	1.24631	3.202637	0.8127359	3.045569
12114	-4313.901	-4862.433	548.5322	1.260719	3.998096	0.8127359	2.712309
12120	-4295.493	-4843.693	548.1996	1.245869	3.213331	0.8727149	3.055645
12126	-4292.682	-4841.48	548.7976	1.312711	3.306889	0.7627368	2.708233
12132	-4311.216	-4859.885	548.6686	1.279201	4.207473	0.7627368	2.611147
12138	-4318.899	-4867.827	548.9278	1.337403	3.415375	0.8156993	2.547621
12144	-4332.741	-4882.057	549.3163	1.49881	3.15577	0.9458119	2.172771
12150	-4332.647	-4881.77	549.1223	1.290391	3.824392	0.7601284	2.403137
12156	-4332.031	-4881.086	549.055	1.227753	3.824392	0.6831331	2.546014
12162	-4336.84	-4885.468	548.6278	1.360404	3.824392	0.9936822	2.5073
12168	-4356.233	-4905.25	549.0174	1.298093	3.824392	0.9936822	2.300674
12174	-4340.49	-4889.455	548.9649	1.353921	2.903845	1.039321	2.496406
12180	-4338.193	-4887.625	549.4326	1.609402	2.903845	1.401249	1.820538
12186	-4326.668	-4876.053	549.3847	1.515736	3.227241	1.057842	2.024264
12192	-4318.463	-4868.071	549.608	1.396607	3.440276	1.054026	1.901044
12198	-4340.509	-4889.791	549.2824	1.35654	2.883964	1.006243	2.320381
12204	-4345.428	-4893.786	548.3581	1.297848	2.954039	1.314519	2.741809
12210	-4333.526	-4882.588	549.0618	1.302296	3.237767	0.8780114	2.485185
12216	-4337.949	-4886.458	548.5083	1.276622	3.29684	0.9299772	2.793542
12222	-4332.21	-4881.715	549.5051	1.409278	3.311655	0.9130076	2.089828
12228	-4328.424	-4877.428	549.0038	1.353418	4.618007	0.9130076	2.16256
12234	-4320.767	-4869.85	549.0831	1.421663	4.396414	0.9130076	2.110422
12240	-4296.6	-4845.943	549.3421	1.383242	4.396414	0.9130076	1.964221
12246	-4320.897	-4869.793	548.8959	1.33756	3.48431	0.8882198	2.500098
12252	-4316.674	-4865.625	548.9505	1.228173	3.316177	0.8882198	2.574455
12258	-4312.559	-4861.444	548.8847	1.282594	3.43957	0.707375	2.684477
12264	-4307.498	-4856.282	548.7835	1.383615	3.43957	0.8782471	2.558828
12270	-4326.872	-4875.485	548.6129	1.361829	2.72508	0.9113002	2.837789
12276	-4338.435	-4886.29	547.8555	1.299358	3.873747	0.7916462	3.137845
12282	-4312.388	-4860.542	548.1536	1.230389	3.873747	0.7916462	3.000961
12288	-4332.569	-4880.37	547.8002	1.232998	3.873747	0.6529535	3.314351
12294	-4337.465	-4885.714	548.2487	1.239153	4.116007	1.060939	2.714875
12300	-4324.867	-4873.596	548.729	1.213418	3.897899	0.7261188	2.706092
12306	-4333.239	-4881.408	548.1692	1.252155	4.231715	1.083939	2.719198
12312	-4318.981	-4867.271	548.2891	1.180773	3.057305	1.083939	2.950289
12318	-4315.517	-4863.698	548.1813	1.255494	3.419628	1.085635	2.881895
12324	-4307.628	-4856.291	548.6629	1.366757	3.419628	1.003553	2.567374
12330	-4317.699	-4866.331	548.6317	1.257649	3.679247	1.003553	2.594652
12336	-4302.216	-4851.256	549.0398	1.367447	3.566192	1.003553	2.294959
12342	-4317.948	-4867.081	549.1337	1.393147	3.063824	1.003553	2.344473
12348	-4305.056	-4854.435	549.3789	1.360228	3.107045	0.8854774	2.276245
12354	-4319.474	-4868.794	549.3203	1.433594	3.107045	1.138979	2.103346
12360	-4311.272	-4860.702	549.4297	1.345829	3.442072	0.8590517	2.186072
12366	-4315.385	-4864.047	548.6621	1.40517	3.442072	1.04662	2.512319
12372	-4308.809	-4858.164	549.355	1.355726	3.47304	0.9978016	2.125065
12378	-4303.981	-4853.687	549.7058	1.558213	3.413743	0.9844973	1.776916
12384	-4324.726	-4874.884	550.1574	1.55815	3.839847	0.6314957	1.643108
12390	-4329.016	-4879.248	550.2318	1.469982	3.839847	0.6547184	1.629846
12396	-4316.495	-4866.389	549.8941	1.517972	3.832333	0.6270553	1.861705
12402	-4324.901	-4874.138	549.237	1.45762	3.832333	0.7841876	2.202655
12408	-4301.052	-4850.509	549.4578	1.448577	3.832333	0.9056446	1.972697
12414	-4311.736	-4861.471	549.7351	1.483302	3.623574	0.9056446	1.811183
12420	-4319.74	-4868.692	548.9522	1.375724	3.390789	1.084113	2.338005
12426	-4312.096	-4860.94	548.8449	1.483001	3.390789	1.084113	2.338005
12432	-4327	-4876.416	549.4164	1.512976	3.390789	0.9855928	2.009609
12438	-4314.317	-4863.227	548.9098	1.31437	3.176333	0.8995462	2.573207
12444	-4333.61	-4882.344	548.7339	1.278922	4.030078	0.6434828	2.702448
12450	-4340.844	-4890.035	549.1914	1.33294	4.097685	0.7263936	2.300007
12456	-4347.099	-4896.761	549.6623	1.498325	4.504779	0.6097594	1.90043
12462	-4346.291	-4895.815	549.5244	1.627348	3.776408	1.141268	1.656325
12468	-4338.644	-4888.484	549.8406	1.492026	3.392186	0.7249272	1.936265
12474	-4342.452	-4892.291	549.8391	1.469734	3.2258	0.9571961	1.816192
12480	-4328.426	-4878.239	549.8129	1.475399	3.685634	0.8033044	1.82692
12486	-4334.07	-4883.759	549.689	1.475399	3.685634	0.8033044	1.91147
12492	-4336.886	-4886.412	549.5254	1.530711	3.421179	0.8317263	2.02767
12498	-4317.772	-4866.977	549.2048	1.399	3.421179	1.021689	2.191982
12504	-4322.323	-4871.665	549.342	1.304725	3.176662	0.7916624	2.385011
12510	-4321.392	-4870.413	549.0207	1.266669	3.251536	1.106508	2.385011
12516	-4323.878	-4872.798	548.9197	1.281786	3.469899	1.106508	2.385755
12522	-4314.038	-4862.898	548.8604	1.353672	3.469899	1.106508	2.377829
12528	-4319.431	-4867.834	548.4024	1.370723	3.03922	1.069457	2.779488
12534	-4326.988	-4874.665	547.6768	1.362851	3.792279	1.278654	2.936324
12540	-4337.116	-4886.022	548.9058	1.492045	3.56103	1.103084	2.240775
12546	-4311.648	-4861.447	549.7989	1.418597	3.56103	0.8556224	1.865392
12552	-4304.456	-4854.146	549.6893	1.473702	4.116677	0.6396698	1.953316
12558	-4317.872	-4867.432	549.5602	1.370969	3.714332	0.8666824	2.012457
12564	-4315.79	-4864.068	548.2787	1.426523	3.199937	1.275639	2.668369
12570	-4322.087	-4870.779	548.6922	1.414147	3.199937	1.275639	2.418721
12576	-4306.989	-4856.139	549.15	1.401944	4.288535	1.186426	1.925724
12582	-4306.954	-4856.458	549.5034	1.469684	3.928638	0.7504889	2.025369
12588	-4315.073	-4864.894	549.821	1.581593	3.50312	0.890606	1.725244
12594	-4307.825	-4857.765	549.9397	1.581593	3.50312	0.9614817	1.586396
12600	-4319.666	-4869.655	549.9884	1.596574	3.50312	0.9614817	1.539578
12606	-4303.019	-4853.116	550.0974	1.596574	3.539278	1.054018	1.376165
12612	-4315.234	-4865.3	550.0664	1.621642	3.52403	1.054018	1.38531
12618	-4316.865	-4866.882	550.0167	1.582391	3.52403	1.030267	1.471441
12624	-4322.222	-4871.829	549.6073	1.484527	3.52403	0.8051955	1.998534
12630	-4323.997	-4873.779	549.7829	1.590546	3.521531	0.8051955	1.808121
12636	-4324.041	-4873.787	549.7453	1.44766	3.119811	0.8051955	2.036557
12642	-4325.276	-4874.87	549.5941	1.432627	3.160945	0.832499	2.114069
12648	-4312.53	-4861.839	549.3086	1.450317	3.160945	0.832499	2.287422
12654	-4339.97	-4889.307	549.3378	1.335687	3.160945	0.832499	2.34188
12660	-4321.244	-4870.488	549.2441	1.456101	3.160945	0.832499	2.324856
12666	-4332.528	-4881.789	549.2614	1.404251	3.108323	0.8644549	2.337599
12672	-4329.212	-4877.322	548.1103	1.341184	3.108323	1.120745	2.928015
12678	-4331.717	-4880.281	548.5641	1.276372	3.335745	1.063752	2.668074
12684	-4313.354	-4862.574	549.22	1.327019	2.999364	1.063752	2.311505
12690	-4326.25	-4874.949	548.699	1.296193	2.999364	1.063752	2.657103
12696	-4321.798	-4870.235	548.4366	1.264384	3.827166	1.038975	2.657103
12702	-4314.398	-4863.639	549.2418	1.389564	3.124317	1.024503	2.248371
12708	-4325.323	-4873.955	548.6322	1.453948	3.124317	0.9678472	2.627271
12714	-4329.09	-4878.862	549.7723	1.594945	3.124317	1.173125	1.659231
12720	-4333.225	-4882.489	549.2639	1.439654	3.686182	1.23894	1.930171
12726	-4307.34	-4857.307	549.9669	1.518635	3.182002	0.8859448	1.758387
12732	-4327.814	-4877.626	549.8112	1.510422	3.182002	1.045372	1.758387
12738	-4332.998	-4882.745	549.7479	1.532435	3.164539	0.966043	1.846546
12744	-4328.694	-4877.841	549.1474	1.419313	2.551627	1.116248	2.396488
12750	-4327.745	-4877.289	549.5435	1.518894	3.643532	1.118133	1.767939
12756	-4337.829	-4887.53	549.7005	1.459988	3.603043	0.9753918	1.805963
12762	-4343.078	-4892.559	549.4818	1.499202	3.119436	0.9753918	2.053886
12768	-4317.662	-4866.697	549.0353	1.370026	3.483856	0.9418152	2.355921
12774	-4309.705	-4858.742	549.0367	1.379785	3.612137	0.9418152	2.318552
12780	-4329.694	-4878.114	548.42	1.311787	3.612137	1.061948	2.671767
12786	-4324.088	-4872.191	548.1035	1.417204	3.470276	1.061948	2.832951
12792	-4336.936	-4885.76	548.8243	1.400416	3.902627	1.01588	2.327174
12798	-4345.674	-4894.277	548.6027	1.2985	4.0427	0.9344189	2.553072
12804	-4343.844	-4893.082	549.2382	1.332623	3.679073	0.9617317	2.190498
12810	-4337.298	-4885.908	548.6101	1.257714	3.466097	0.8504673	2.756038
12816	-4329.151	-4878.721	549.5693	1.437769	3.466097	0.8504673	2.034683
12822	-4328.668	-4877.677	549.0088	1.466037	3.043275	0.9279417	2.431892
12828	-4322.96	-4871.594	548.6343	1.301558	3.320723	0.9279417	2.696856
12834	-4338.587	-4887.986	549.3989	1.416548	2.754976	1.067553	2.205755
12840	-4328.511	-4878.116	549.605	1.398489	2.841339	0.797629	2.243697
12846	-4328.515	-4878.288	549.7731	1.429794	2.841339	0.9621479	1.994479
12852	-4319.644	-4869.388	549.7435	1.453254	3.388152	0.776761	1.985462
12858	-4330.465	-4880.238	549.7727	1.500687	2.805023	0.776761	2.095017
12864	-4328.047	-4877.481	549.4341	1.501047	3.645466	0.776761	2.095017
12870	-4311.342	-4860.914	549.5726	1.418409	3.635241	0.7426225	2.088276
12876	-4323.363	-4872.183	548.8198	1.250732	3.90964	0.7483267	2.607534
12882	-4321.272	-4870.347	549.0746	1.291886	3.90964	0.9057603	2.307617
12888	-4317.026	-4866.249	549.2237	1.361959	3.196472	0.6744174	2.511218
12894	-4314.234	-4863.876	549.6412	1.319332	3.483374	0.7660002	2.126192
12900	-4315.422	-4864.746	549.3235	1.47156	3.673001	0.814826	2.150625
12906	-4324.028	-4873.093	549.0646	1.393553	3.673001	1.144686	2.150625
12912	-4322.472	-4872.045	549.5724	1.590442	3.494205	0.5526943	2.181504
12918	-4326.805	-4876.729	549.9243	1.518448	3.17843	0.5929924	2.039148
12924	-4323.852	-4873.527	549.6756	1.494365	3.220115	0.7328187	2.082894
12930	-4333.044	-4882.781	549.737	1.467688	2.968455	0.7897129	2.082894
12936	-4321.816	-4870.717	548.9004	1.367597	3.329799	0.8369773	2.551218
12942	-4326.175	-4875.372	549.1965	1.405537	3.329799	0.8369773	2.34125
12948	-4335.398	-4884.453	549.0554	1.43568	3.329799	0.8498717	2.402242
12954	-4335.317	-4884.48	549.1636	1.43568	3.329799	0.7120858	2.438542
12960	-4327.703	-4877.204	549.5007	1.452531	2.985216	0.9221918	2.145338
12966	-4308.599	-4858.244	549.6452	1.506569	2.985216	0.9221918	2.014657
12972	-4309.066	-4858.714	549.648	1.588249	2.589408	0.8761652	2.109638
12978	-4324.216	-4873.99	549.7731	1.522965	2.466717	0.8761652	2.109638
12984	-4341.563	-4891.382	549.8192	1.476863	2.466717	0.8761652	2.109638
12990	-4344.24	-4893.932	549.6915	1.56987	3.219095	1.02409	1.804311
12996	-4335.418	-4885.074	549.6566	1.416282	3.219095	0.9573469	1.978143
13002	-4318.524	-4868.099	549.5755	1.434145	3.219095	0.9186323	2.047217
13008	-4322.437	-4872.181	549.7431	1.508542	2.248744	1.055083	2.091752
13014	-4332.471	-4882.303	549.8328	1.615697	2.645387	1.055083	1.82609
13020	-4319.981	-4869.892	549.9108	1.531654	2.566809	1.068084	1.847359
13026	-4326.937	-4876.502	549.5649	1.488531	2.674599	1.120966	2.041694
13032	-4343.205	-4892.916	549.7108	1.451552	3.292592	1.016877	1.857194
13038	-4322.078	-4870.789	548.7107	1.321156	3.292592	0.6507039	2.847893
13044	-4338.107	-4886.717	548.6105	1.270623	3.041611	0.9244723	2.80168
13050	-4318.819	-4867.929	549.1094	1.29241	3.225305	0.9244723	2.433141
13056	-4314.76	-4863.66	548.8997	1.319082	2.908239	0.8367914	2.689109
13062	-4325.176	-4873.888	548.7127	1.229052	2.769126	0.8527844	2.884531
13068	-4328.139	-4876.663	548.5244	1.169156	3.565912	0.8527844	2.837833
13074	-4319.721	-4868.291	548.5701	1.27565	3.565912	0.7634125	2.809056
13080	-4316.649	-4865.789	549.1401	1.3087	3.565912	1.033761	2.249307
13086	-4314.032	-4863.329	549.2971	1.384559	2.991163	0.7946215	2.409429
13092	-4317.015	-4866.058	549.0427	1.361795	3.199726	0.7931884	2.530131
13098	-4325.508	-4873.997	548.4888	1.177945	3.058467	1.142255	2.798247
13104	-4313.193	-4861.592	548.3995	1.219828	2.927883	1.142255	2.860835
13110	-4337.936	-4886.242	548.3062	1.226844	3.156701	1.131335	2.860835
13116	-4334.651	-4883.25	548.5985	1.251766	3.156701	0.8605651	2.833801
13122	-4328.798	-4877.866	549.0682	1.213813	3.156701	0.8572281	2.571183
13128	-4338.058	-4886.92	548.862	1.408697	3.608462	0.910605	2.432684
13134	-4324.052	-4872.929	548.8766	1.203839	3.608462	0.910605	2.551679
13140	-4311.011	-4859.518	548.5069	1.309339	3.54116	0.8703979	2.756768
13146	-4327.512	-4876.546	549.0338	1.279677	3.54116	0.8211311	2.48393
13152	-4316.749	-4865.533	548.7846	1.340473	3.043199	0.8211311	2.722216
13158	-4312.496	-4861.14	548.6436	1.366809	3.043199	0.924681	2.722216
13164	-4328.559	-4877.042	548.4829	1.350314	3.218451	1.028017	2.722216
13170	-4330.122	-4878.316	548.1938	1.267594	3.518754	1.028017	2.877779
13176	-4327.713	-4875.384	547.671	1.3128	4.072215	1.232224	2.935945
13182	-4330.475	-4878.921	548.4462	1.253002	3.645836	0.8901379	2.791467
13188	-4325.396	-4874.402	549.0066	1.442827	3.645836	0.8973557	2.319895
13194	-4337.393	-4885.027	547.634	1.352031	2.850046	1.219562	3.219477
13200	-4317.383	-4865.768	548.3845	1.382567	3.06509	0.657747	3.057066
13206	-4319.632	-4867.82	548.1879	1.249143	3.06509	1.06679	2.977816
13212	-4322.454	-4870.651	548.1973	1.290393	2.456404	0.8874711	3.221937
13218	-4317.652	-4866.026	548.3743	1.352682	2.677858	0.9025038	3.00612
13224	-4311.106	-4859.116	548.0103	1.321694	2.677858	1.293351	3.023041
13230	-4317.438	-4866.153	548.7157	1.30444	3.377048	0.8041585	2.716333
13236	-4320.543	-4869.94	549.3969	1.32612	3.211284	0.8377338	2.293491
13242	-4337.056	-4885.248	548.1918	1.512983	3.211284	0.8377338	2.924061
13248	-4307.057	-4855.937	548.8798	1.389268	3.351009	1.031292	2.41707
13254	-4307.308	-4856.475	549.1673	1.360852	3.351009	1.138028	2.187338
13260	-4309.303	-4858.805	549.5021	1.367786	3.617155	0.8635305	2.07853
13266	-4299.347	-4848.29	548.9428	1.300859	3.617155	0.993447	2.393483
13272	-4317.98	-4866.597	548.617	1.316614	3.192727	1.079867	2.636223
13278	-4302.945	-4851.937	548.992	1.311442	3.862339	0.8558493	2.392924
13284	-4321.076	-4870.653	549.5769	1.482814	3.402392	0.814189	2.043457
13290	-4313.447	-4863.504	550.0576	1.496352	3.402392	0.8329852	1.690718
13296	-4312.039	-4860.95	548.9107	1.259203	3.402392	0.8144475	2.610733
13302	-4333.575	-4882.744	549.1692	1.257085	3.402392	0.9761506	2.339797
13308	-4352.325	-4901.34	549.0155	1.22131	3.402392	0.9123327	2.501188
13314	-4333.679	-4882.154	548.4747	1.242104	3.343426	1.032016	2.760764
13320	-4332.033	-4880.539	548.5058	1.211055	3.343426	1.032016	2.760764
13326	-4331.869	-4880.639	548.77	1.190785	3.551744	0.8146372	2.704637
13332	-4345.874	-4894.352	548.4779	1.218805	2.724924	1.335612	2.768694
13338	-4330.872	-4879.513	548.641	1.357761	2.625186	1.293821	2.632714
13344	-4319.603	-4868.018	548.4146	1.160916	2.625186	1.172869	2.953406
13350	-4344.347	-4892.678	548.3307	1.181363	3.935634	0.7831841	2.917178
13356	-4330.2	-4878.382	548.1813	1.209676	2.951422	0.7267152	3.25537
13362	-4331.405	-4880.198	548.7921	1.278541	3.373456	0.917916	2.607695
13368	-4330.027	-4878.294	548.2668	1.163265	3.364442	0.917916	2.999793
13374	-4329.343	-4877.362	548.0184	1.15634	2.925293	0.8672407	3.291323
13380	-4330.217	-4879.092	548.8745	1.211569	3.427515	0.8441812	2.635416
13386	-4321.585	-4870.278	548.6928	1.216595	2.966417	0.960832	2.780772
13392	-4316.913	-4865.544	548.6306	1.195797	3.168072	0.960832	2.780057
13398	-4308.15	-4856.706	548.5561	1.185437	2.871277	1.064983	2.845196
13404	-4295.574	-4844.915	549.3403	1.470263	2.752196	0.9444464	2.288627
13410	-4306.032	-4855.069	549.0374	1.45237	2.752196	1.350073	2.258238
13416	-4310.675	-4859.736	549.0607	1.467223	3.383064	1.350073	2.061649
13422	-4310.905	-4860.384	549.4786	1.501643	3.422548	0.821099	2.0855
13428	-4344.195	-4893.627	549.4319	1.319039	2.959111	0.9997378	2.231864
13434	-4336.067	-4885.628	549.5613	1.482955	2.611104	0.9997378	2.143571
13440	-4336.389	-4886.198	549.809	1.468093	2.785436	0.7209879	2.143571
13446	-4333.84	-4883.191	549.3516	1.348649	2.851969	1.02791	2.276523
13452	-4331.14	-4880.627	549.4864	1.40515	2.851969	1.105775	2.104543
13458	-4325.768	-4875.547	549.779	1.487139	3.041033	1.071297	1.820048
13464	-4335.56	-4884.739	549.1791	1.362803	3.148332	0.7189254	2.514453
13470	-4348.157	-4897.023	548.8656	1.227271	3.148332	0.6756357	2.825508
13476	-4337.884	-4886.17	548.2853	1.258462	3.416541	1.072123	2.825508
13482	-4337.173	-4885.956	548.7833	1.201941	3.471019	0.9204401	2.635777
13488	-4321.639	-4870.645	549.0057	1.332747	3.363459	0.9365535	2.430767
13494	-4323.254	-4873.273	550.0185	1.475718	3.218652	0.8410829	1.77693
13500	-4332.98	-4882.456	549.4761	1.475718	3.260454	0.8410829	2.13047
13506	-4323.416	-4871.358	547.9418	1.384482	3.260454	1.25883	2.893218
13512	-4314.035	-4862.079	548.0443	1.254256	3.260454	1.282209	2.898184
13518	-4325.542	-4872.975	547.4329	1.255285	3.260454	0.8491633	3.506938
13524	-4344.239	-4890.701	546.4617	1.135179	3.260454	1.384442	3.849886
13530	-4330.048	-4878.527	548.4788	1.317095	3.425774	1.11006	2.647318
13536	-4328.046	-4876.524	548.4783	1.203491	3.87773	1.041122	2.656805
13542	-4315.046	-4864.17	549.1237	1.376629	3.607359	0.9296926	2.274233
13548	-4335.342	-4884.242	548.8995	1.337501	4.519578	1.006446	2.197303
13554	-4327.626	-4876.686	549.0603	1.392425	3.963909	1.030631	2.157631
13560	-4326.441	-4875.805	549.3647	1.334778	3.288631	1.030631	2.157631
13566	-4328.571	-4877.951	549.38	1.30588	3.21461	1.030631	2.18561
13572	-4345.209	-4893.718	548.509	1.185276	3.256979	1.058454	2.779661
13578	-4328.788	-4877.115	548.327	1.206088	3.256979	1.205607	2.79616
13584	-4314.933	-4862.833	547.9009	1.261607	3.326262	1.298576	2.956467
13590	-4315.292	-4863.701	548.4089	1.194941	3.733362	0.8209175	2.877449
13596	-4348.374	-4896.39	548.0163	1.091699	3.927649	1.081367	2.971918
13602	-4340.514	-4888.759	548.2446	1.267098	3.927649	1.107606	2.712073
13608	-4334.201	-4882.483	548.2816	1.229806	3.708034	0.7405206	2.996882
13614	-4336.195	-4884.87	548.6758	1.280573	2.748211	0.9827439	2.797301
13620	-4339.216	-4888.218	549.0018	1.308277	3.598282	0.9827439	2.36262
13626	-4334.11	-4882.235	548.1257	1.279931	3.197865	1.078397	2.95735
13632	-4335.752	-4884.773	549.0215	1.362403	3.156654	0.8449265	2.516434
13638	-4331.483	-4880.578	549.0949	1.368675	2.98323	1.217089	2.280345
13644	-4334.529	-4883.174	548.6452	1.363416	3.248428	1.216296	2.499387
13650	-4328.82	-4878.034	549.214	1.383308	2.896417	1.216296	2.21892
13656	-4334.968	-4883.847	548.8787	1.383308	2.722426	1.216296	2.481497
13662	-4340.341	-4889.251	548.9102	1.352464	2.722426	1.060503	2.569235
13668	-4335.639	-4884.212	548.5731	1.329518	2.722426	1.363234	2.629509
13674	-4335.801	-4884.705	548.9041	1.277923	2.722426	1.172411	2.555323
13680	-4338.416	-4887.649	549.2327	1.364755	3.006704	0.9361586	2.358707
13686	-4333.068	-4881.553	548.4853	1.068647	3.006704	1.03578	2.940239
13692	-4315.797	-4864.615	548.8181	1.268214	2.961323	1.009554	2.643432
13698	-4331.712	-4881.114	549.4022	1.313734	3.747565	0.7001932	2.275609
13704	-4342.745	-4891.918	549.1736	1.412207	3.750979	1.064378	2.097621
13710	-4338.222	-4887.449	549.2275	1.358346	3.750979	1.064378	2.097621
13716	-4326.768	-4875.745	548.9773	1.260904	3.750979	1.064378	2.322321
13722	-4308.442	-4856.955	548.5134	1.413991	3.459518	1.064378	2.584621
13728	-4305.524	-4854.48	548.956	1.359618	3.459518	0.7525648	2.552816
13734	-4303.222	-4852.405	549.1828	1.484617	3.528843	1.179122	2.027596
13740	-4303.724	-4853.108	549.3836	1.391942	3.809951	0.706223	2.218069
13746	-4323.191	-4872.28	549.0888	1.287676	4.290031	0.9213295	2.209907
13752	-4346.14	-4895.624	549.4836	1.346892	3.289547	0.9061921	2.155167
13758	-4338.096	-4886.974	548.8775	1.301841	3.415537	0.9061921	2.537986
13764	-4337.945	-4887.343	549.3979	1.34441	3.415537	0.8042897	2.254574
13770	-4331.115	-4879.393	548.2781	1.298788	3.630548	1.225384	2.671988
13776	-4329.201	-4878.112	548.911	1.264128	3.469369	0.8666442	2.554812
13782	-4323.94	-4873.261	549.3214	1.297531	3.469369	0.9721343	2.20251
13788	-4311.628	-4860.962	549.3342	1.429263	3.240927	0.8997998	2.215608
13794	-4315.646	-4865.579	549.9334	1.432308	3.225192	0.8997998	1.818958
13800	-4316.001	-4865.789	549.7887	1.492113	3.225192	0.8800819	1.891803
13806	-4321.566	-4871.128	549.5619	1.469623	3.225192	0.9076215	2.038945
13812	-4315.525	-4864.555	549.0308	1.334914	3.462551	1.064767	2.308113
13818	-4305.329	-4854.113	548.7832	1.286615	3.695227	1.064767	2.44126
13824	-4312.554	-4860.747	548.1925	1.243878	3.308972	0.9642212	2.979903
13830	-4319.565	-4868.05	548.4843	1.3038	4.392582	0.9642212	2.53396
13836	-4311.163	-4859.846	548.6821	1.321062	3.181985	0.9642212	2.666197
13842	-4300.352	-4849.012	548.6606	1.28393	3.329283	0.9642212	2.666197
13848	-4329.029	-4877.581	548.5518	1.270659	3.329283	0.9642212	2.741108
13854	-4338.241	-4886.911	548.6704	1.182421	3.819423	0.9509474	2.619603
13860	-4337.101	-4886.148	549.0468	1.346402	4.304943	0.9030446	2.208689
13866	-4327.5	-4876.655	549.1549	1.364136	3.794137	0.9496386	2.205612
13872	-4325.349	-4874.648	549.2983	1.43856	3.794137	0.9094691	2.091301
13878	-4331.949	-4880.885	548.9368	1.273323	4.111211	0.9094691	2.361523
13884	-4339.131	-4888.493	549.3619	1.325454	3.243875	0.8121254	2.326772
13890	-4339.915	-4889.046	549.1316	1.393721	3.243875	0.9599442	2.326772
13896	-4342.457	-4891.365	548.9083	1.313153	3.50621	0.8853357	2.504466
13902	-4347.613	-4896.513	548.9001	1.315613	3.50621	0.9540254	2.462226
13908	-4336.646	-4885.732	549.0854	1.369425	3.802342	0.6605175	2.462226
13914	-4315.281	-4864.5	549.2197	1.395183	4.498392	0.9249898	2.008488
13920	-4324.27	-4873.569	549.2988	1.469496	3.455769	0.9897543	2.096874
13926	-4324.219	-4873.563	549.3437	1.424631	3.455769	0.9897543	2.096874
13932	-4324.31	-4873.582	549.2724	1.34056	3.61528	0.8389643	2.263926
13938	-4334.934	-4884.22	549.2861	1.435003	3.61528	1.083984	2.028303
13944	-4328.876	-4878.102	549.2268	1.379427	2.917809	1.041238	2.309926
13950	-4328.272	-4876.824	548.5514	1.262847	2.853292	0.9934063	2.84842
13956	-4313.733	-4862.474	548.7411	1.211327	3.639412	0.9934063	2.570772
13962	-4326.39	-4874.712	548.3221	1.220829	3.639412	1.256722	2.674513
13968	-4330.105	-4878.466	548.3607	1.241073	4.101812	1.256722	2.539086
13974	-4311.804	-4860.522	548.7182	1.248281	3.950571	0.9232573	2.539086
13980	-4318.626	-4867.152	548.5265	1.233737	3.950571	0.9350346	2.65911
13986	-4316.654	-4864.887	548.2332	1.267672	3.950571	1.140101	2.695682
13992	-4306.436	-4854.76	548.3238	1.206515	3.374375	1.079828	2.839092
13998	-4288.981	-4837.704	548.7234	1.233232	3.374375	1.079828	2.577577
14004	-4310.331	-4859.41	549.0793	1.281232	3.212452	0.929461	2.459025
14010	-4331.382	-4880.126	548.7443	1.317677	3.396817	0.8121295	2.680246
14016	-4323.926	-4873.197	549.2712	1.287878	3.168681	0.944017	2.335078
14022	-4314.389	-4863.325	548.9366	1.317127	3.168681	1.010111	2.485331
14028	-4321.67	-4871.271	549.6008	1.325321	3.168681	0.8157213	2.190165
14034	-4343.594	-4893.03	549.4362	1.330386	3.168681	1.030956	2.145005
14040	-4332.141	-4881.406	549.2651	1.496302	3.39266	0.9221415	2.162845
14046	-4325.866	-4875.291	549.4252	1.383561	3.252028	1.059773	2.077153
14052	-4311.902	-4861.587	549.6848	1.463357	3.239316	0.8266677	2.017562
14058	-4322.11	-4871.054	548.9445	1.282685	3.239316	1.05404	2.457192
14064	-4335.655	-4885.112	549.4565	1.41244	2.634081	0.8439307	2.355969
14070	-4315.647	-4864.639	548.9916	1.338326	2.83073	0.9553323	2.562043
14076	-4310.475	-4859.702	549.2268	1.388062	3.148491	0.788288	2.414959
14082	-4302.467	-4851.718	549.2508	1.366293	3.971088	0.8780853	2.15206
14088	-4310.359	-4859.546	549.187	1.436862	4.217155	0.8780853	2.094443
14094	-4315.814	-4865.362	549.5482	1.436862	4.217155	0.8878806	1.845066
14100	-4319.737	-4869.645	549.9079	1.412069	3.472891	0.869922	1.806639
14106	-4334.43	-4883.73	549.3002	1.412069	3.246391	1.167598	2.076642
14112	-4341.541	-4890.636	549.0948	1.37625	3.897311	0.936308	2.222438
14118	-4318.833	-4868.078	549.2448	1.334513	3.65262	0.8350632	2.279627
14124	-4317.322	-4866.83	549.5083	1.393717	2.869236	1.17834	2.049339
14130	-4320.843	-4870.675	549.8318	1.608929	3.245678	1.175278	1.568976
14136	-4325.352	-4874.987	549.6343	1.570387	3.533932	1.175278	1.659566
14142	-4307.19	-4856.565	549.3749	1.443513	3.322287	1.127183	2.010627
14148	-4320.66	-4870.289	549.6289	1.434852	3.308949	0.998146	1.932408
14154	-4323.338	-4872.875	549.537	1.589724	3.308949	0.9385055	1.931148
14160	-4332.978	-4883.227	550.2499	1.601753	3.308949	0.9717403	1.385508
14166	-4341.706	-4891.627	549.9211	1.535835	3.308949	0.8785278	1.748654
14172	-4329.6	-4879.917	550.3168	1.59233	3.290713	0.8785278	1.42315
14178	-4333.943	-4884.271	550.3278	1.673299	3.290713	0.7987427	1.422421
14184	-4318.041	-4868.31	550.2687	1.661427	3.053815	0.7987427	1.548527
14190	-4339.823	-4890.086	550.2634	1.655098	2.758188	0.9907161	1.497449
14196	-4341.983	-4892.1	550.1171	1.622116	2.960487	1.091704	1.49144
14202	-4332.879	-4882.975	550.0966	1.57918	2.769857	0.9973048	1.666279
14208	-4317.664	-4867.285	549.6206	1.481122	2.65051	0.9271552	2.142675
14214	-4331.807	-4881.632	549.8244	1.428147	2.60317	0.8115242	2.142675
14220	-4336.034	-4885.486	549.4519	1.353473	2.94918	1.177439	2.090639
14226	-4322.07	-4871.493	549.4235	1.317394	2.94918	0.7623625	2.407964
14232	-4326.756	-4876.436	549.6801	1.41791	3.194116	0.7623625	2.112967
14238	-4345.19	-4895.018	549.8275	1.432041	3.194116	0.6858087	2.070718
14244	-4327.376	-4877.139	549.7632	1.430065	2.806333	0.9955865	1.988585
14250	-4335.393	-4885.246	549.8533	1.430065	2.806333	1.046654	1.894074
14256	-4333.152	-4882.92	549.7682	1.461109	2.806333	1.103735	1.894074
14262	-4333.21	-4882.524	549.3137	1.359863	3.068026	1.17954	2.142711
14268	-4322.442	-4871.512	549.0701	1.412896	3.273982	1.17954	2.212088
14274	-4308.131	-4857.707	549.5763	1.413278	3.273982	0.9990344	1.99086
14280	-4317.148	-4866.758	549.6105	1.443229	3.638942	0.9990344	1.853962
14286	-4310.76	-4860.444	549.684	1.445396	3.278044	0.9990344	1.895673
14292	-4312.673	-4862.621	549.9485	1.554368	3.126362	0.9990344	1.678702
14298	-4314.18	-4864.288	550.1076	1.554368	3.126362	1.061162	1.518684
14304	-4316.268	-4866.353	550.0853	1.596272	3.126362	1.061162	1.504046
14310	-4318.247	-4868.155	549.9082	1.543938	2.603648	1.192097	1.750093
14316	-4321.3	-4871.105	549.8057	1.511033	2.961271	1.238528	1.703492
14322	-4299.253	-4848.962	549.7086	1.526372	4.011867	0.9072229	1.703492
14328	-4294.71	-4844.644	549.9337	1.554171	4.011867	0.7795133	1.626473
14334	-4316.285	-4866.078	549.7928	1.592398	4.011867	1.023169	1.507803
14340	-4323.086	-4872.433	549.3475	1.441476	3.908352	1.023169	1.952756
14346	-4318.417	-4868.307	549.8902	1.469041	3.908352	0.867172	1.671253
14352	-4335.969	-4884.698	548.7286	1.511669	3.77446	1.216478	2.22726
14358	-4320.826	-4869.674	548.8478	1.40281	3.77446	1.122925	2.274093
14364	-4302.757	-4852.094	549.3363	1.470412	3.452178	0.810843	2.199115
14370	-4304.083	-4853.474	549.3912	1.453371	3.452178	0.810843	2.174608
14376	-4324.514	-4873.619	549.1045	1.383022	3.183949	0.8715818	2.42579
14382	-4327.644	-4876.858	549.2135	1.379138	2.88654	0.8935556	2.423278
14388	-4325.71	-4874.707	548.9965	1.30129	2.88654	0.8935556	2.607311
14394	-4338.736	-4888.169	549.433	1.328822	3.021663	0.8648627	2.299118
14400	-4353.22	-4902.329	549.1097	1.476559	3.349771	1.19423	2.11724
14406	-4322.972	-4872.22	549.2476	1.534388	3.594415	0.8564575	2.146754
14412	-4327.302	-4875.964	548.6618	1.388269	3.839834	0.8564575	2.55616
14418	-4330.341	-4878.896	548.5551	1.363903	3.374714	0.8564575	2.742008
14424	-4318.877	-4868.032	549.1555	1.432565	3.768945	0.8558262	2.232185
14430	-4338.212	-4887.401	549.1886	1.43945	3.768945	1.041477	2.080139
14436	-4330.399	-4879.294	548.895	1.414527	3.755591	0.7022575	2.528756
14442	-4325.037	-4873.059	548.0217	1.17537	3.847486	0.9955524	2.985151
14448	-4318.662	-4866.954	548.292	1.187328	3.847486	0.9455207	2.84567
14454	-4338.476	-4887.535	549.0597	1.259098	2.888525	0.9094957	2.583095
14460	-4334	-4882.783	548.7827	1.263524	3.622412	0.9094957	2.570527
14466	-4336.554	-4884.542	547.9879	1.213349	4.027124	0.7409133	3.115927
14472	-4334.88	-4883.202	548.3212	1.313547	4.027124	0.9776737	2.693241
14478	-4326.905	-4875.467	548.562	1.228591	3.269946	0.9776737	2.766455
14484	-4316.807	-4866.125	549.3181	1.317225	2.976645	0.8911449	2.373305
14490	-4318.055	-4867.181	549.1262	1.336262	3.191106	1.037875	2.330661
14496	-4306.448	-4854.638	548.1895	1.247829	3.191106	1.037875	2.963247
14502	-4311.928	-4859.974	548.0453	1.159788	3.191106	0.9194461	3.173993
14508	-4311.87	-4860.883	549.0123	1.288215	2.902149	0.9889821	2.539337
14514	-4313.981	-4862.799	548.8188	1.239345	3.482184	0.996421	2.539337
14520	-4299.105	-4847.752	548.6475	1.348041	3.494502	0.996421	2.57537
14526	-4309.836	-4858.748	548.9124	1.223825	3.228132	1.059466	2.513671
14532	-4303.625	-4851.97	548.3451	1.272101	3.228132	1.059466	2.832979
14538	-4322.673	-4871.812	549.1393	1.270201	3.773649	1.038721	2.223185
14544	-4331.97	-4881.626	549.6559	1.500929	3.773649	0.7865064	1.908889
14550	-4329.007	-4878.012	549.0044	1.314529	3.59435	0.7597308	2.513992
14556	-4322.414	-4871.601	549.1874	1.312587	3.59435	0.7597308	2.4003
14562	-4317.612	-4866.846	549.2345	1.373225	3.59435	0.7597308	2.331983
14568	-4321.51	-4870.976	549.466	1.351823	3.946178	0.6563821	2.203102
14574	-4343.55	-4892.652	549.1021	1.300335	3.697371	0.9699932	2.289203
14580	-4346.018	-4894.778	548.7602	1.325267	3.697371	0.9699932	2.489649
14586	-4328.089	-4877.581	549.4926	1.405421	3.556561	0.9699932	1.999357
14592	-4315.058	-4864.059	549.0003	1.277321	3.043417	0.8631426	2.598863
14598	-4320.089	-4869.237	549.148	1.365195	3.043417	1.003748	2.358398
14604	-4313.348	-4861.905	548.5577	1.276472	3.043417	1.010946	2.775838
14610	-4325.696	-4874.78	549.0845	1.314444	3.043417	0.711639	2.63589
14616	-4340.362	-4889.374	549.0115	1.311912	3.043417	0.8250684	2.59725
14622	-4330.187	-4879.15	548.9622	1.28811	2.981902	1.068914	2.500414
14628	-4331.959	-4880.852	548.8927	1.273473	3.488204	0.7801564	2.617934
14634	-4324.809	-4873.558	548.7495	1.235003	3.488204	0.9176947	2.634036
14640	-4328.071	-4877.35	549.2783	1.38596	3.488204	0.8975366	2.219316
14646	-4330.374	-4879.981	549.6068	1.360916	2.78134	0.8859515	2.219316
14652	-4317.969	-4867.334	549.3659	1.265038	2.78134	0.9358953	2.400046
14658	-4318.539	-4867.347	548.8076	1.25293	3.10718	1.078422	2.580164
14664	-4323.038	-4872.367	549.3286	1.333773	3.10718	1.036742	2.225251
14670	-4327.357	-4876.297	548.9399	1.317092	3.175537	1.036742	2.465097
14676	-4322.88	-4871.253	548.3725	1.291704	3.183356	0.87347	2.931109
14682	-4337.663	-4885.811	548.1472	1.228693	2.73027	0.87347	3.219748
14688	-4345.392	-4894.237	548.8451	1.395034	2.378763	1.224919	2.594109
14694	-4343.484	-4892.898	549.414	1.342929	2.531644	0.7438322	2.531968
14700	-4342.511	-4891.522	549.0111	1.351393	2.546446	1.106232	2.531968
14706	-4330.717	-4879.277	548.5592	1.286141	3.362286	0.8401312	2.801108
14712	-4330.706	-4879.552	548.846	1.275774	3.441773	0.9265089	2.554072
14718	-4339.212	-4888.051	548.839	1.406035	3.099711	1.273979	2.357787
14724	-4345.036	-4894.954	549.9174	1.406615	2.206458	0.952898	2.126081
14730	-4328.317	-4877.466	549.1489	1.511402	2.699576	1.346205	2.165636
14736	-4346.021	-4895.004	548.9829	1.485524	2.66624	1.626105	2.165636
14742	-4359.415	-4908.805	549.3898	1.396903	2.66624	0.7728528	2.450919
14748	-4348.67	-4897.88	549.2095	1.332199	3.233926	0.7728528	2.450919
14754	-4364.78	-4913.01	548.2301	1.278865	3.04065	1.001967	2.978752
14760	-4359.303	-4908.057	548.7533	1.278865	3.04065	0.9423462	2.698123
14766	-4350.881	-4899.842	548.9607	1.305721	2.635699	0.8916703	2.698123
14772	-4331.999	-4880.123	548.124	1.23011	3.153926	0.7174762	3.23392
14778	-4341.65	-4890.26	548.6096	1.251968	3.153926	0.7715632	2.890383
14784	-4331.724	-4880.156	548.4314	1.19489	3.774673	0.7715632	2.890383
14790	-4338.209	-4886.857	548.6478	1.310999	3.237348	0.7896222	2.797811
14796	-4350.343	-4899.456	549.1132	1.283256	2.502068	0.8008959	2.720839
14802	-4346.169	-4895.221	549.0519	1.3411	2.5318	1.121601	2.508552
14808	-4355.494	-4905.012	549.5184	1.354831	2.729634	1.193512	2.100871
14814	-4325.799	-4875.523	549.7241	1.567743	2.729634	1.119158	1.865474
14820	-4330.797	-4880.573	549.7758	1.48928	3.080289	0.8129237	1.993488
14826	-4337.61	-4887.621	550.011	1.468824	2.837475	0.7408033	1.977872
14832	-4344.982	-4894.61	549.6275	1.363921	2.806007	0.804443	2.256396
14838	-4319.283	-4868.87	549.5874	1.493141	2.806007	0.6999078	2.282141
14844	-4333.135	-4883.199	550.0645	1.578534	2.806007	0.6999078	1.912546
14850	-4343.158	-4892.938	549.779	1.483152	2.806007	0.6298344	2.22624
14856	-4349.873	-4899.203	549.33	1.49268	2.806007	0.8435093	2.335439
14862	-4348.472	-4897.883	549.4115	1.400691	2.540763	0.9679758	2.335439
14868	-4352.82	-4901.001	548.1816	1.171745	2.540763	1.168289	3.113078
14874	-4337.971	-4886.804	548.8337	1.331636	2.882201	1.199354	2.506266
14880	-4328.999	-4878.592	549.5925	1.313229	2.695322	0.8104861	2.338896
14886	-4329.127	-4877.839	548.7126	1.357448	2.695322	0.9824147	2.742952
14892	-4329.239	-4878.816	549.5763	1.357448	2.695322	0.9824147	2.201045
14898	-4330.697	-4880.771	550.0738	1.399225	2.404846	0.8101492	2.062977
14904	-4340.476	-4890.379	549.9025	1.364594	2.404846	0.8508412	2.167263
14910	-4331.775	-4881.399	549.6233	1.471405	2.644792	0.8508412	2.203073
14916	-4320.142	-4869.639	549.4969	1.458353	2.419696	0.9881769	2.26922
14922	-4347.164	-4896.497	549.3331	1.341583	2.606103	0.9881769	2.389734
14928	-4334.565	-4883.767	549.2023	1.435692	2.905193	1.275383	2.157673
14934	-4335.538	-4884.41	548.8718	1.385673	2.654317	1.275383	2.472757
14940	-4312.891	-4862.131	549.2409	1.480689	2.272635	1.13772	2.375485
14946	-4322.506	-4872.109	549.6028	1.410846	2.339209	0.8720659	2.336553
14952	-4310.653	-4859.757	549.1049	1.402488	3.132611	0.8449279	2.445251
14958	-4325.508	-4875.21	549.7023	1.428817	2.877514	0.7781897	2.165831
14964	-4326.509	-4876.204	549.6955	1.43559	2.877514	0.7781897	2.165831
14970	-4340.138	-4889.538	549.4007	1.434877	2.877514	0.9365959	2.241894
14976	-4334.248	-4883.906	549.6578	1.317511	2.877514	0.9289137	2.15671
14982	-4346.583	-4896.223	549.6406	1.3281	2.774769	0.9864085	2.152159
14988	-4365.835	-4915.499	549.6639	1.407243	2.458845	0.9864085	2.182981
14994	-4338.037	-4887.974	549.9363	1.360508	2.458845	0.7811825	2.182981
15000	-4338.944	-4888.327	549.3832	1.353832	2.641856	0.7772882	2.485861
15006	-4350.787	-4899.976	549.1882	1.343575	2.954528	0.8053263	2.505429
15012	-4344.617	-4893.878	549.2607	1.326145	3.147675	0.8053263	2.420132
15018	-4338.092	-4887.386	549.2938	1.300068	3.044084	0.6754517	2.544299
15024	-4340.402	-4890.12	549.7178	1.453859	3.044084	0.7300838	2.131405
15030	-4337.606	-4887.186	549.5799	1.345273	3.644974	0.7398267	2.131405
15036	-4313.224	-4862.973	549.7488	1.33848	3.431729	0.7587142	2.061676
15042	-4322.417	-4872.011	549.5944	1.453297	3.431729	1.020196	1.896309
15048	-4311.648	-4861.606	549.9573	1.435156	3.431729	0.7124171	1.896309
15054	-4326.175	-4875.715	549.5407	1.43674	3.431729	0.8409577	2.070065
15060	-4312.757	-4862.275	549.518	1.368356	3.399871	0.9853857	2.036003
15066	-4318.122	-4867.302	549.1802	1.32891	3.105584	0.9853857	2.356249
15072	-4321.683	-4870.54	548.8571	1.390999	2.912715	0.9853857	2.571324
15078	-4328.391	-4877.828	549.4368	1.39748	3.065738	0.6872703	2.377927
15084	-4341.642	-4890.914	549.2716	1.328251	3.341997	0.7853186	2.377927
15090	-4340.156	-4889.205	549.0491	1.309167	2.729798	1.073457	2.499908
15096	-4347.58	-4897.265	549.6854	1.342619	2.544081	1.158473	2.076971
15102	-4336.821	-4886.023	549.2018	1.363074	2.708758	1.026699	2.404547
15108	-4347.445	-4897	549.5553	1.325015	2.632442	1.026699	2.226046
15114	-4345.603	-4895.057	549.4541	1.515706	3.486516	0.6875288	2.184131
15120	-4337.177	-4886.125	548.9477	1.362571	3.065632	1.116901	2.412397
15126	-4333.123	-4880.481	547.3572	1.185323	3.065632	1.116901	3.479339
15132	-4346.317	-4893.904	547.5871	1.168212	3.065632	0.8567312	3.509087
15138	-4335.949	-4884.01	548.0612	1.417682	3.065632	1.042138	2.96678
15144	-4329.816	-4878.581	548.7647	1.37216	3.142593	1.066394	2.530743
15150	-4340.854	-4888.782	547.9273	1.352606	3.058098	1.579306	2.822044
15156	-4344.507	-4891.987	547.4806	1.290895	2.790503	1.579306	3.196612
15162	-4350.078	-4897.991	547.9132	1.227035	2.790503	1.322707	3.092539
15168	-4344.382	-4892.764	548.3815	1.389794	3.111475	1.100193	2.744577
15174	-4320.502	-4869.137	548.6345	1.277504	3.4724	1.029668	2.611888
15180	-4337.646	-4886.642	548.9964	1.282321	3.222631	0.9452303	2.497307
15186	-4336.347	-4885.149	548.8019	1.405256	2.757509	0.9452303	2.664779
15192	-4324.493	-4873.507	549.0135	1.483848	2.925513	0.9590332	2.428899
15198	-4328.943	-4878.828	549.8846	1.512682	3.08695	0.6820119	2.011911
15204	-4340.225	-4889.936	549.7104	1.618984	3.08695	1.028911	1.791303
15210	-4342.648	-4892.761	550.1121	1.743565	3.08695	0.9471198	1.470867
15216	-4344.493	-4895.314	550.8218	1.712577	2.842083	0.6605903	1.286839
15222	-4329.076	-4879.367	550.2908	1.672509	2.842083	0.9157452	1.49395
15228	-4379.208	-4929.578	550.3705	1.586575	2.217786	1.028575	1.637964
15234	-4353.12	-4901.709	548.5888	1.250203	3.679512	1.117133	2.558363
15240	-4345.874	-4895.386	549.5121	1.372285	3.250354	0.6993649	2.288014
15246	-4315.711	-4864.652	548.9411	1.419623	3.250354	0.7542947	2.573966
15252	-4331.732	-4881.436	549.7045	1.382417	3.250354	1.110054	1.859373
15258	-4318.775	-4867.999	549.2233	1.382417	3.36183	0.9574088	2.24737
15264	-4323.89	-4872.888	548.9974	1.466938	3.438857	1.268284	2.133141
15270	-4327.161	-4876.401	549.2406	1.35433	3.438857	0.6882988	2.434324
15276	-4327.493	-4876.595	549.1024	1.386154	3.727624	0.6882988	2.434324
15282	-4337.585	-4885.72	548.1347	1.271683	2.950654	1.091052	3.011614
15288	-4326.682	-4875.255	548.5738	1.280776	2.950654	0.8154861	2.914552
15294	-4321.613	-4871.126	549.5131	1.365915	2.947256	0.8541674	2.252036
15300	-4314.349	-4863.735	549.3867	1.43427	2.947256	0.8831883	2.268595
15306	-4318.327	-4867.05	548.7229	1.37456	3.587279	1.123883	2.413747
15312	-4336.505	-4885.588	549.0829	1.46588	4.086811	0.8206597	2.213318
15318	-4329.327	-4878.268	548.9412	1.344911	3.539664	0.9042276	2.443236
15324	-4320.668	-4870.074	549.406	1.454605	3.539664	0.8299916	2.128306
15330	-4328.672	-4877.808	549.1359	1.353331	3.539664	0.8826553	2.329582
15336	-4333.637	-4882.942	549.3054	1.332804	3.39287	0.9325199	2.23545
15342	-4334.518	-4882.841	548.3228	1.282351	3.149036	0.9089778	2.951819
15348	-4341.096	-4889.003	547.9074	1.251196	4.058643	0.7475047	3.130172
15354	-4320.987	-4869.739	548.7527	1.335962	3.661627	0.8023967	2.609933
15360	-4326.004	-4874.855	548.8517	1.39672	4.664431	0.8111644	2.297158
15366	-4347.886	-4896.279	548.3927	1.266856	4.664431	0.7609746	2.702895
15372	-4316.084	-4864.615	548.5308	1.315459	3.712854	1.181267	2.510445
15378	-4315.602	-4864.603	549.001	1.507728	3.712854	1.181267	2.086768
15384	-4302.641	-4851.468	548.8275	1.450144	3.961781	1.004106	2.287942
15390	-4296.785	-4846.375	549.5894	1.493616	3.238607	0.9718341	1.956114
15396	-4316.392	-4865.198	548.8054	1.366177	3.466326	0.9718341	2.487839
15402	-4313.178	-4861.463	548.2842	1.175216	3.466326	1.070002	2.866374
15408	-4302.779	-4851.675	548.8965	1.207459	3.440432	1.070002	2.47576
15414	-4327.314	-4875.348	548.0333	1.204928	3.426798	0.9801577	3.061527
15420	-4328.388	-4876.778	548.3899	1.362264	3.308516	1.278888	2.611115
15426	-4321.56	-4870.307	548.7474	1.327472	3.308516	0.9326265	2.611115
15432	-4322.535	-4871.415	548.8802	1.2737	3.308516	0.8718132	2.60284
15438	-4330.83	-4879.931	549.1009	1.324945	3.588876	0.9953112	2.28299
15444	-4338.36	-4887.54	549.1796	1.4098	3.588876	0.8492707	2.277764
15450	-4321.45	-4870.715	549.2643	1.397226	3.588876	0.7530196	2.304268
15456	-4323.445	-4871.458	548.0125	1.325195	3.300356	1.044736	2.992951
15462	-4302.027	-4850.194	548.1672	1.309752	3.300356	0.9081286	2.992951
15468	-4299.343	-4849.068	549.7248	1.443007	3.300356	1.053688	1.826704
15474	-4323.294	-4872.698	549.4043	1.586009	3.4356	0.9770423	1.963201
15480	-4310.777	-4860.326	549.5486	1.481105	4.239484	0.6731796	1.98531
15486	-4302.066	-4851.802	549.7359	1.500961	3.569187	0.7211901	1.959011
15492	-4287.661	-4837.483	549.8222	1.545999	3.68796	0.7361382	1.827481
15498	-4282.742	-4832.618	549.8762	1.465757	3.68796	0.7572793	1.827481
15504	-4304.757	-4854.179	549.4218	1.372965	3.68796	0.7642846	2.186492
15510	-4321.47	-4871.108	549.6377	1.503216	3.286415	0.8145808	2.01925
15516	-4334.452	-4884.244	549.792	1.357857	3.237308	0.8236622	2.01925
15522	-4327.192	-4876.919	549.7275	1.439328	3.198192	0.8236622	2.01844
15528	-4310.665	-4860.713	550.0475	1.450143	3.198192	0.8370027	1.783513
15534	-4322.065	-4871.595	549.5302	1.485184	2.945913	1.200428	1.938439
15540	-4311.861	-4861.663	549.8016	1.556914	2.945913	0.851386	1.93942
15546	-4312.886	-4862.733	549.8471	1.530574	2.989333	0.7353612	2.00647
15552	-4317.644	-4867.191	549.5467	1.403492	3.179834	0.7353612	2.234462
15558	-4314.652	-4864.122	549.4708	1.403492	3.271392	0.7670529	2.234462
15564	-4319.293	-4868.229	548.9367	1.305989	2.992674	0.8330803	2.654644
15570	-4320.32	-4869.44	549.1202	1.369711	3.172335	1.124416	2.265786
15576	-4318.665	-4867.877	549.2117	1.414764	3.013597	1.049124	2.265786
15582	-4333.83	-4883.441	549.611	1.482945	2.933721	1.049124	1.982295
15588	-4350.587	-4900.182	549.5948	1.444704	2.933721	1.049124	2.018631
15594	-4340.034	-4889.886	549.8526	1.551744	3.313325	0.8767127	1.785505
15600	-4342.937	-4892.731	549.7939	1.521455	3.313325	0.773019	1.928409
15606	-4330.249	-4880.267	550.0186	1.409122	3.015154	0.7779782	1.930482
15612	-4327.829	-4877.534	549.7053	1.403942	3.015154	0.7723689	2.146023
15618	-4326.586	-4874.926	548.3408	1.331053	3.680772	1.359304	2.53365
15624	-4333.151	-4882.681	549.5299	1.458279	2.581647	1.359304	1.979291
15630	-4331.369	-4880.966	549.5976	1.647848	2.806394	1.434888	1.69036
15636	-4315.717	-4865.211	549.4941	1.519705	3.336615	0.8750096	2.045064
15642	-4322.911	-4872.152	549.241	1.335145	3.194349	0.8157346	2.407222
15648	-4322.668	-4871.507	548.8393	1.350282	2.881439	0.9542959	2.635715
15654	-4326.812	-4876.042	549.2303	1.494724	2.881439	0.8993485	2.336883
15660	-4326.61	-4875.992	549.383	1.408252	3.867732	0.99293	1.980792
15666	-4311.613	-4861.051	549.4373	1.521442	3.25941	0.82998	2.134555
15672	-4321.157	-4870.22	549.0633	1.307824	3.022802	0.82998	2.569534
15678	-4328.802	-4876.509	547.7071	1.35537	3.022802	1.681187	2.92024
15684	-4317.052	-4865.869	548.8168	1.278112	3.35797	1.035415	2.522032
15690	-4328.918	-4878.236	549.3175	1.352345	3.35797	0.9036629	2.243552
15696	-4329.415	-4878.663	549.2478	1.323279	2.910918	1.195216	2.243552
15702	-4345.244	-4894.744	549.5003	1.372657	2.910918	0.9868524	2.174853
15708	-4326.32	-4875.313	548.9928	1.273169	3.281476	0.9868524	2.463906
15714	-4329.153	-4877.802	548.6493	1.341426	3.281476	0.9868524	2.635105
15720	-4319.954	-4868.482	548.5285	1.2904	2.994455	0.9868524	2.812451
15726	-4320.515	-4869.328	548.8133	1.276659	2.994455	1.226007	2.508687
15732	-4304.943	-4853.415	548.4723	1.250835	3.136032	1.107747	2.763525
15738	-4318.477	-4866.358	547.8809	1.190467	3.505298	1.156742	3.042924
15744	-4314.302	-4863.664	549.3612	1.320133	3.01238	0.9525537	2.292836
15750	-4303.201	-4853.056	549.8553	1.427915	3.01238	0.9525537	1.897193
15756	-4320.076	-4869.075	548.9992	1.157794	2.965179	0.8905603	2.675119
15762	-4329.782	-4878.261	548.4793	1.210476	2.965179	0.8905603	2.959166
15768	-4341.33	-4890.424	549.0938	1.34446	2.965179	0.7988797	2.565573
15774	-4325.007	-4873.213	548.2058	1.348891	2.477448	1.20846	2.990137
15780	-4339.975	-4889.06	549.0854	1.285395	3.602542	1.098027	2.251417
15786	-4337.925	-4886.291	548.3663	1.228691	3.647815	0.8891158	2.855009
15792	-4342.928	-4892.088	549.1609	1.356172	2.856735	0.8891158	2.482028
15798	-4339.873	-4888.256	548.3836	1.220536	3.164865	1.254292	2.750024
15804	-4351.21	-4900.109	548.8993	1.260225	3.164865	1.130911	2.473328
15810	-4329.276	-4878.424	549.1474	1.322505	3.164865	0.8809658	2.435228
15816	-4331.984	-4880.217	548.2335	1.248328	3.164865	1.027401	2.949064
15822	-4334.846	-4883.877	549.0317	1.175309	2.821446	1.027401	2.595808
15828	-4335.652	-4884.627	548.9747	1.373395	3.285761	1.027401	2.385718
15834	-4355.77	-4905.124	549.3544	1.28557	2.89639	0.803936	2.454489
15840	-4336.22	-4885.199	548.9796	1.317979	3.00997	0.9525737	2.5355
15846	-4341.451	-4890.289	548.8377	1.293394	3.462043	0.9387732	2.5355
15852	-4340.599	-4889.106	548.5062	1.223061	3.328103	1.002569	2.774601
15858	-4347.217	-4896.111	548.8938	1.249615	3.328103	0.7141415	2.72015
15864	-4344.978	-4893.088	548.11	1.194348	3.328103	1.05737	2.999146
15870	-4340.347	-4889.233	548.8859	1.235912	2.814774	0.8049335	2.796225
15876	-4336.932	-4885.846	548.9145	1.274205	3.563367	0.8049335	2.568387
15882	-4343.891	-4892.65	548.7592	1.255444	3.563367	0.8806351	2.62291
15888	-4326.807	-4875.733	548.9261	1.255444	3.567254	0.7370554	2.622887
15894	-4335.569	-4884.558	548.9893	1.249256	3.851092	0.749288	2.514943
15900	-4329.341	-4877.728	548.3877	1.147029	3.900333	0.749288	2.935713
15906	-4337.855	-4886.02	548.165	1.175631	3.873719	0.8356716	2.996197
15912	-4356.101	-4904.52	548.4194	1.350793	3.873719	1.327267	2.44555
15918	-4345.93	-4894.152	548.2218	1.217797	3.404352	1.327267	2.756024
15924	-4328.746	-4877.634	548.8882	1.272577	2.800475	0.8882204	2.718728
15930	-4328.945	-4878.23	549.285	1.359687	2.800475	0.9705172	2.363227
15936	-4324.49	-4874.042	549.552	1.359687	2.56627	0.8887708	2.317553
15942	-4331.433	-4881.253	549.8196	1.437815	2.844215	0.8887708	2.009095
15948	-4334.009	-4883.558	549.5489	1.350247	2.844215	0.8387578	2.279171
15954	-4346.493	-4895.77	549.2768	1.302594	2.366609	1.089061	2.462489
15960	-4320.072	-4868.871	548.7992	1.365079	2.493052	1.019627	2.721616
15966	-4313.754	-4862.439	548.6853	1.345398	2.889316	0.9694937	2.721616
15972	-4320.342	-4868.896	548.5542	1.223987	3.045349	1.06945	2.774831
15978	-4315.894	-4864.327	548.4327	1.18583	3.045349	1.06945	2.871831
15984	-4340.353	-4888.68	548.3272	1.306348	3.00969	1.06945	2.871831
15990	-4354.764	-4904.629	549.8653	1.380475	3.00969	1.06945	1.844323
15996	-4338.602	-4887.93	549.3276	1.455077	3.00969	1.223583	2.062089
16002	-4326.933	-4875.822	548.8887	1.17341	3.515464	0.9153803	2.581266
16008	-4327.392	-4875.638	548.2457	1.242914	2.959316	1.248316	2.875604
16014	-4321.551	-4869.716	548.1651	1.221644	2.959316	1.365166	2.879502
16020	-4328.251	-4876.131	547.8797	1.221644	2.534065	1.316547	3.189975
16026	-4338.564	-4886.262	547.6979	1.170593	2.534065	1.316547	3.327493
16032	-4322.519	-4870.077	547.5588	1.161443	2.723099	1.390724	3.327493
16038	-4329.797	-4879.065	549.2686	1.275838	2.893783	0.9141328	2.437657
16044	-4352.609	-4901.634	549.025	1.340165	3.190742	1.059162	2.379446
16050	-4352.905	-4902.155	549.2493	1.39582	3.171877	0.8893955	2.316609
16056	-4326.333	-4876.396	550.0625	1.533305	3.159742	0.8893955	1.684397
16062	-4314.525	-4864.07	549.5445	1.471439	2.840605	0.8893955	2.168483
16068	-4319.651	-4869.151	549.4994	1.515857	3.294837	0.8893955	2.044436
16074	-4319.135	-4868.594	549.4587	1.436052	3.511134	0.7798012	2.151426
16080	-4329.235	-4879.189	549.9543	1.485359	3.511134	0.6884249	1.865044
16086	-4324.172	-4873.498	549.3263	1.345493	3.746088	0.836479	2.19749
16092	-4311.407	-4860.729	549.3222	1.394373	3.746088	0.7566726	2.22959
16098	-4316.81	-4866.379	549.5681	1.459891	3.326987	0.8900151	2.027176
16104	-4312.244	-4862.372	550.1277	1.453211	3.326987	0.7543477	1.758121
16110	-4309.087	-4858.779	549.6916	1.414585	3.38478	0.7543477	2.064625
16116	-4330.228	-4879.203	548.9743	1.539897	4.216647	1.316514	1.892467
16122	-4323.143	-4872.831	549.6882	1.455155	2.966641	0.8016932	2.114346
16128	-4320.982	-4870.083	549.1012	1.322354	2.923601	1.213706	2.324214
16134	-4308.256	-4857.296	549.0397	1.322354	3.043927	1.11625	2.385753
16140	-4337.914	-4887.095	549.1805	1.257698	2.946223	0.9940234	2.438098
16146	-4335.192	-4883.875	548.6834	1.404304	3.501975	0.9940234	2.517794
16152	-4325.96	-4874.819	548.8589	1.215618	3.358163	0.8313979	2.667992
16158	-4324.019	-4872.005	547.9865	1.146416	3.919374	0.9195106	3.055819
16164	-4328.894	-4876.983	548.0884	1.321853	3.919374	0.9063994	2.897556
16170	-4327.183	-4875.405	548.2222	1.2975	3.745031	1.016801	2.799091
16176	-4319.577	-4868.325	548.7472	1.283014	2.615331	0.9679595	2.799091
16182	-4317.43	-4865.528	548.0977	1.232705	2.957336	1.342834	2.924754
16188	-4326.431	-4874.772	548.3411	1.205986	2.871337	1.204545	2.886098
16194	-4339.718	-4887.628	547.9099	1.262586	3.136846	1.362746	2.964958
16200	-4339.088	-4887.065	547.9773	1.164254	3.159938	0.9995568	3.170097
16206	-4309.973	-4857.855	547.8819	1.135042	3.159938	0.9995568	3.243911
16212	-4299.76	-4847.555	547.7954	1.135042	3.159938	1.091134	3.242718
16218	-4314.314	-4861.975	547.6611	1.176408	3.159938	1.091134	3.297526
16224	-4334.443	-4882.803	548.3598	1.197479	2.779412	1.091134	2.966301
16230	-4327.125	-4875.551	548.426	1.468985	3.503074	1.17007	2.534119
16236	-4304.289	-4853.126	548.8367	1.294118	3.448409	0.8945454	2.568183
16242	-4313.395	-4863.068	549.673	1.538089	3.448409	0.9860563	1.803379
16248	-4310.445	-4859.5	549.0548	1.52052	4.09095	1.011897	2.061525
16254	-4309.074	-4858.238	549.1634	1.482991	4.09095	0.9420207	2.061525
16260	-4323.659	-4873.469	549.8101	1.410703	3.13517	0.8478751	1.981109
16266	-4313.165	-4862.799	549.6342	1.343612	3.632954	0.7812745	2.066383
16272	-4319.821	-4869.649	549.8274	1.492993	3.308458	0.8778948	1.843919
16278	-4326.964	-4876.724	549.7593	1.489974	3.318714	0.8891687	1.881268
16284	-4327.251	-4875.907	548.6566	1.266313	3.318714	0.7875642	2.80157
16290	-4320.264	-4869.025	548.7612	1.201366	3.578187	1.049591	2.544045
16296	-4312.911	-4861.763	548.8524	1.201366	3.025819	0.7557897	2.817792
16302	-4325.492	-4873.908	548.4153	1.146305	3.915874	0.8311689	2.85731
16308	-4325.981	-4874.877	548.8965	1.211147	3.555651	0.8039681	2.621062
16314	-4321.101	-4869.299	548.198	1.392021	3.230408	1.126077	2.811065
16320	-4305.759	-4853.809	548.0496	1.258192	3.109141	1.126077	3.01126
16326	-4316.713	-4865.273	548.5602	1.416426	3.243657	1.217945	2.519648
16332	-4303.598	-4853.007	549.4088	1.429996	3.243657	1.217945	1.963964
16338	-4316.798	-4865.485	548.6872	1.361824	3.317806	0.9453312	2.616583
16344	-4306.424	-4855.168	548.7448	1.241773	3.317806	0.9540278	2.649549
16350	-4306.766	-4856.047	549.281	1.302505	3.500915	0.9540278	2.229779
16356	-4331.307	-4880.206	548.8998	1.291136	3.418327	0.9540278	2.498612
16362	-4330.496	-4879.356	548.8599	1.369189	3.418327	0.9802151	2.457882
16368	-4323.596	-4872.928	549.3325	1.236941	3.63645	0.904184	2.240498
16374	-4323.946	-4871.788	547.8425	1.288258	2.766953	1.21501	3.158017
16380	-4338.577	-4886.952	548.3757	1.274227	2.766953	1.337874	2.784418
16386	-4342.668	-4891.634	548.9656	1.20318	2.678503	1.080403	2.628253
16392	-4344.991	-4893.961	548.9702	1.275679	2.678503	1.080403	2.580533
16398	-4326.428	-4875.826	549.3983	1.370573	2.982484	1.080403	2.163072
16404	-4321.944	-4870.944	549.0005	1.281125	3.553624	0.8103551	2.508825
16410	-4321.419	-4870.124	548.7056	1.258157	3.616049	1.025263	2.549393
16416	-4325.643	-4873.659	548.0161	1.038486	3.616049	1.025263	3.102106
16422	-4341.337	-4890.197	548.8597	1.222672	2.990611	1.086322	2.592329
16428	-4342.804	-4890.586	547.7819	1.222672	3.925123	1.089942	3.02965
16434	-4331.761	-4879.603	547.842	1.244381	3.303767	1.089942	3.116703
16440	-4327.996	-4876.387	548.3903	1.20196	3.510144	1.135062	2.738692
16446	-4329.107	-4877.61	548.5038	1.199815	3.510144	0.8201769	2.866893
16452	-4330.193	-4878.412	548.2195	1.296679	3.62723	0.9264563	2.88297
16458	-4329.808	-4878.413	548.6049	1.277287	3.62723	0.9264563	2.659649
16464	-4341.436	-4889.604	548.168	1.293159	3.666316	0.9844084	2.871386
16470	-4327.151	-4875.906	548.7554	1.393981	3.410099	0.9919261	2.502371
16476	-4341.489	-4890.088	548.599	1.355308	3.306241	1.152085	2.554189
16482	-4350.192	-4898.443	548.2513	1.303993	3.375712	1.411642	2.650983
16488	-4337.015	-4884.881	547.8668	1.226687	4.046173	1.411642	2.786683
16494	-4333.908	-4881.961	548.0526	1.29461	3.454677	1.411642	2.760093
16500	-4318.329	-4867.803	549.4745	1.426148	3.454677	0.8927294	2.076911
16506	-4331.845	-4880.968	549.1229	1.39956	3.874067	1.084822	2.098235
16512	-4329.024	-4877.769	548.7446	1.320404	4.139792	0.9731892	2.405205
16518	-4318.297	-4867.119	548.8221	1.322397	4.139792	0.9731892	2.35486
16524	-4316.469	-4865.327	548.8581	1.312561	3.128302	1.049885	2.523225
16530	-4337.516	-4886.181	548.6654	1.329883	2.624349	1.081433	2.749775
16536	-4336.237	-4884.919	548.682	1.26447	2.624349	1.235586	2.695097
16542	-4325.244	-4874.023	548.7791	1.201046	3.35456	0.8121327	2.740422
16548	-4316.195	-4864.045	547.8499	1.375572	2.691118	1.318516	3.070764
16554	-4317.401	-4866.072	548.6706	1.258979	2.750984	0.9678282	2.822042
16560	-4325.006	-4873.278	548.272	1.19658	2.491687	1.13421	3.076952
16566	-4339.562	-4887.851	548.289	1.15617	3.479083	1.13421	2.835896
16572	-4325.06	-4873.4	548.3401	1.242696	3.479083	1.00182	2.828931
16578	-4328.744	-4877.527	548.7822	1.274683	2.831321	1.002115	2.701061
16584	-4331.318	-4879.951	548.6335	1.26094	2.939321	1.002115	2.771495
16590	-4321.005	-4868.693	547.6884	1.289504	3.423006	1.214553	3.086994
16596	-4315.484	-4864.626	549.1416	1.330627	3.423006	0.7672493	2.452387
16602	-4305.882	-4854.226	548.3433	1.240502	3.423006	0.9968704	2.844244
16608	-4335.825	-4883.964	548.1391	1.200919	4.111124	0.9968704	2.844244
16614	-4335.861	-4884.025	548.1637	1.259829	3.866715	1.082361	2.793172
16620	-4321.696	-4870.005	548.309	1.187195	3.518353	1.051829	2.842736
16626	-4299.219	-4847.39	548.1718	1.278823	3.518353	1.218478	2.778233
16632	-4317.427	-4866.38	548.9528	1.391181	3.318923	0.7447443	2.574888
16638	-4327.549	-4875.836	548.2871	1.391181	3.599024	1.08896	2.691867
16644	-4323.633	-4872.063	548.4294	1.380754	3.599024	1.090747	2.60956
16650	-4325.187	-4873.906	548.7182	1.313018	3.599024	0.9179473	2.579488
16656	-4322.299	-4870.888	548.5887	1.396471	3.599024	0.9659785	2.576938
16662	-4303.728	-4852.46	548.7318	1.371037	3.599024	0.9659785	2.503667
16668	-4329.45	-4879.13	549.6805	1.371037	3.599024	0.9755858	1.881607
16674	-4321.423	-4870.683	549.2596	1.279732	3.217993	1.046139	2.269482
16680	-4311.297	-4860.506	549.2096	1.31441	3.217993	1.046139	2.279285
16686	-4315.861	-4864.967	549.1059	1.316697	3.796964	0.9248574	2.283736
16692	-4326.975	-4875.804	548.8291	1.21524	3.212435	1.228373	2.47957
16698	-4337.161	-4885.691	548.5303	1.28411	3.212435	0.9925354	2.756744
16704	-4316.608	-4866.04	549.4317	1.381058	3.060339	0.7650909	2.330416
16710	-4302.066	-4850.888	548.8212	1.344498	3.04772	1.160026	2.483366
16716	-4310.052	-4858.982	548.9303	1.349518	2.731624	1.075574	2.547038
16722	-4295.937	-4844.026	548.0891	1.316674	2.82934	0.9675824	3.115958
16728	-4299.487	-4847.711	548.2238	1.279437	2.82934	1.275094	2.887558
16734	-4309.425	-4858.407	548.9826	1.378411	3.063961	1.424026	2.216517
16740	-4330.06	-4879.227	549.1669	1.310602	2.98044	0.9811777	2.412229
16746	-4356.993	-4906.479	549.4864	1.369355	2.98044	0.8065577	2.292862
16752	-4340.059	-4889.185	549.1256	1.354859	3.22743	0.9804749	2.34614
16758	-4331.441	-4880.687	549.2458	1.335862	3.22743	1.093784	2.21062
16764	-4327.494	-4876.455	548.9609	1.292	3.527931	0.7917784	2.546294
16770	-4319.365	-4868.008	548.6431	1.222726	3.038676	0.9214609	2.813681
16776	-4320.846	-4869.573	548.7272	1.15205	2.922365	0.9214609	2.835752
16782	-4316.433	-4864.798	548.3643	1.255506	3.123485	1.041981	2.867378
16788	-4332.648	-4881.289	548.6408	1.304629	3.123485	0.743916	2.867738
16794	-4320.367	-4868.939	548.5721	1.240818	3.123485	0.7997016	2.906982
16800	-4311.118	-4860.42	549.3016	1.391726	3.250984	0.7997016	2.330463
16806	-4320.035	-4868.98	548.9444	1.357257	3.108919	1.028953	2.458978
16812	-4311.386	-4860.317	548.9318	1.444352	3.495199	1.175769	2.228149
16818	-4317.953	-4867.12	549.1666	1.342669	3.02337	0.9029184	2.432338
16824	-4305.898	-4854.96	549.0621	1.377523	3.170306	0.9029184	2.437853
16830	-4318.418	-4866.783	548.3648	1.417666	2.845423	1.176038	2.765227
16836	-4324.511	-4873.709	549.1987	1.396667	2.865886	1.160579	2.260276
16842	-4312.73	-4861.266	548.5362	1.419954	3.116732	1.000664	2.688767
16848	-4318.698	-4868.022	549.324	1.426431	3.464443	0.890516	2.174305
16854	-4349.798	-4898.643	548.8441	1.258927	2.973187	0.7096628	2.836743
16860	-4335.94	-4885.489	549.5492	1.365569	3.562922	0.7096628	2.182607
16866	-4346.897	-4895.944	549.0469	1.389064	4.038499	0.8181863	2.297917
16872	-4338.688	-4888.014	549.3261	1.427778	2.923432	0.912355	2.297917
16878	-4344.805	-4894.334	549.5281	1.422554	3.356986	0.7371936	2.187263
16884	-4353.158	-4902.878	549.7195	1.422554	3.356986	0.7583691	2.044733
16890	-4370.798	-4918.959	548.1614	1.456423	3.500279	1.609972	2.492802
16896	-4353.131	-4901.532	548.4016	1.317806	3.18063	1.405658	2.600191
16902	-4335.083	-4883.432	548.3485	1.211835	2.836498	0.9335002	3.04293
16908	-4328.531	-4877.343	548.8118	1.260239	3.222451	0.8647491	2.679264
16914	-4326.952	-4875.835	548.8826	1.251002	2.752767	0.9267093	2.723202
16920	-4348.283	-4896.682	548.3996	1.194389	2.593383	1.197174	2.938517
16926	-4345.524	-4894.269	548.7455	1.2652	2.593383	0.7758619	2.946358
16932	-4346.347	-4896.318	549.9712	1.462512	2.593383	0.8030534	2.033156
16938	-4341.526	-4891.367	549.8414	1.43465	3.606745	0.8030534	1.855159
16944	-4327.42	-4876.653	549.2335	1.366685	3.606745	0.8030534	2.300747
16950	-4316.955	-4866.073	549.1179	1.390035	3.459745	0.8030534	2.394138
16956	-4319.205	-4869.23	550.0248	1.504379	3.407481	0.7227165	1.799969
16962	-4319.002	-4869.009	550.0067	1.55014	3.407481	0.7227165	1.780723
16968	-4325.537	-4875.13	549.5932	1.40208	3.568345	0.8026923	2.053684
16974	-4303.139	-4852.826	549.6874	1.445925	2.974613	0.7921317	2.126092
16980	-4309.213	-4858.487	549.2745	1.457965	2.974613	1.120144	2.164904
16986	-4322.991	-4872.54	549.5489	1.389315	2.974613	0.9151875	2.16293
16992	-4323.111	-4872.461	549.3501	1.466667	3.499746	0.6795866	2.286292
16998	-4308.508	-4858.053	549.5452	1.466949	3.213663	0.8607665	2.088689
17004	-4321.825	-4871.491	549.6654	1.418215	3.213663	0.8485854	2.050587
17010	-4326.079	-4875.153	549.0743	1.450498	3.213663	0.9968042	2.310964
17016	-4326.278	-4876.124	549.8453	1.512165	2.503246	0.9791879	1.984913
17022	-4329.79	-4879.606	549.8161	1.522628	2.895838	0.8856153	1.94178
17028	-4316.516	-4866.608	550.0924	1.691093	3.023314	0.8155013	1.650239
17034	-4322.22	-4872.717	550.4976	1.65254	2.994618	0.8658935	1.340308
17040	-4326.136	-4876.332	550.1958	1.746841	2.975939	1.162074	1.276339
17046	-4330.645	-4880.001	549.3554	1.496586	3.080917	1.076049	2.084312
17052	-4315.771	-4865.791	550.0203	1.47317	3.080917	0.7891564	1.857964
17058	-4311.985	-4862.188	550.2032	1.653485	2.852644	0.9171426	1.568508
17064	-4312.431	-4862.716	550.2854	1.587646	2.852644	0.9171426	1.556507
17070	-4317.309	-4867.648	550.339	1.576389	3.112237	0.7816185	1.556507
17076	-4316.395	-4866.916	550.5209	1.613679	3.355927	0.5339856	1.57316
17082	-4318.987	-4868.572	549.5846	1.362699	3.655966	0.5339856	2.300592
17088	-4333.394	-4882.445	549.0514	1.362699	3.340292	0.8300546	2.462335
17094	-4340.892	-4889.93	549.0381	1.418488	2.974058	1.326968	2.228502
17100	-4315.224	-4863.943	548.7187	1.301701	3.664887	1.304004	2.346014
17106	-4329.358	-4878.353	548.9951	1.415158	4.078296	0.7020516	2.396381
17112	-4327.298	-4875.805	548.5066	1.170274	3.350256	0.7020516	3.00703
17118	-4345.06	-4893.383	548.323	1.340062	3.350256	1.004946	2.808215
17124	-4333.126	-4882.873	549.7461	1.419886	3.271075	1.004946	1.868614
17130	-4315.267	-4864.738	549.4709	1.353151	3.305334	1.079421	2.040748
17136	-4316.412	-4865.752	549.34	1.352486	3.389961	0.8278124	2.275337
17142	-4327.634	-4876.757	549.123	1.273504	3.877197	0.8278124	2.350875
17148	-4302.638	-4851.586	548.9473	1.326298	3.656593	0.8894115	2.434224
17154	-4317.928	-4865.995	548.0677	1.318385	3.656593	0.8894115	2.978976
17160	-4312.535	-4861.648	549.1125	1.268136	3.823446	0.8700962	2.342446
17166	-4327.648	-4876.682	549.0342	1.467009	3.203619	1.226973	2.191828
17172	-4308.076	-4856.8	548.7244	1.295098	3.127408	0.8653562	2.734708
17178	-4323.036	-4871.87	548.8339	1.293479	3.127408	0.9762038	2.59568
17184	-4322.66	-4871.654	548.9939	1.335515	3.127408	0.9762038	2.469849
17190	-4336.727	-4886.008	549.2813	1.363928	3.501711	0.7293496	2.354025
17196	-4331.555	-4880.961	549.4067	1.301811	3.501711	0.8885379	2.193799
17202	-4332.27	-4881.35	549.0802	1.327553	3.501711	1.101838	2.249383
17208	-4332.925	-4881.799	548.8739	1.330165	3.802494	0.8888844	2.445605
17214	-4339.876	-4888.474	548.5981	1.327455	3.448779	1.050962	2.596248
17220	-4325.884	-4874.548	548.6641	1.289045	3.448779	1.050962	2.579171
17226	-4338.88	-4888.097	549.2171	1.360181	3.448779	1.094208	2.157262
17232	-4330.28	-4879.843	549.563	1.450078	3.448779	0.8240711	2.054991
17238	-4315.17	-4864.48	549.3102	1.440928	3.448779	0.9677548	2.124543
17244	-4312.691	-4860.662	547.9707	1.320714	3.448779	1.116344	2.945655
17250	-4321.819	-4870.312	548.4935	1.341494	3.448779	0.7693802	2.837804
17256	-4329.146	-4877.692	548.546	1.264529	3.098945	0.9125474	2.837804
17262	-4313.921	-4861.968	548.0474	1.253395	3.54347	1.111009	2.921566
17268	-4320.723	-4868.872	548.1488	1.171051	4.047422	0.8958968	2.932849
17274	-4342.635	-4892.088	549.4537	1.318612	3.263583	0.8874888	2.212674
17280	-4321.076	-4869.984	548.9075	1.231102	3.495747	0.8874888	2.557037
17286	-4318.891	-4867.706	548.8154	1.274249	3.876426	0.8823494	2.505638
17292	-4312.36	-4862.03	549.6693	1.385516	3.26789	1.026016	1.930776
17298	-4307.47	-4856.191	548.7203	1.42998	3.799341	0.9364038	2.448129
17304	-4319.952	-4867.458	547.5063	1.309952	3.799341	1.258139	3.079125
17310	-4318.128	-4867.2	549.0712	1.352544	3.56413	0.9301253	2.332976
17316	-4323.271	-4872.086	548.8154	1.273569	3.331975	1.344188	2.361258
17322	-4318.352	-4866.361	548.009	1.306599	3.428	1.344188	2.817782
17328	-4340.153	-4889.505	549.3521	1.309661	3.622903	0.8315078	2.236232
17334	-4334.124	-4883.536	549.4118	1.433332	3.714917	0.8435855	2.086393
17340	-4326.97	-4875.778	548.8071	1.288896	3.427915	1.121042	2.453836
17346	-4334.945	-4884.456	549.5104	1.358286	3.29773	0.7570753	2.2392
17352	-4333.55	-4882.418	548.8683	1.358286	4.31352	0.7988331	2.388579
17358	-4340.262	-4889.147	548.8855	1.25073	2.966093	0.7988331	2.751361
17364	-4349.734	-4897.853	548.1187	1.218478	4.104039	1.09556	2.789409
17370	-4356.116	-4905.242	549.1264	1.418989	2.925778	1.09556	2.31355
17376	-4322.172	-4871.624	549.4519	1.418769	3.184744	1.027859	2.074481
17382	-4336.563	-4885.76	549.1973	1.378929	3.184744	0.858832	2.378554
17388	-4323.889	-4872.842	548.9532	1.409292	3.480836	0.9976519	2.347524
17394	-4330.257	-4879.16	548.9033	1.217706	2.975122	0.9976519	2.625739
17400	-4324.682	-4873.452	548.7696	1.249477	3.447748	1.162819	2.47366
17406	-4330.938	-4879.327	548.3885	1.317283	3.358843	1.162819	2.689119
17412	-4342.814	-4891.883	549.0692	1.295716	3.500262	0.8010858	2.475937
17418	-4337.246	-4886.471	549.2253	1.430176	3.405663	0.8010858	2.314987
17424	-4324.306	-4873.403	549.0977	1.260707	2.868018	1.169773	2.405295
17430	-4335.173	-4883.971	548.7977	1.413816	2.868018	1.214704	2.472968
17436	-4330.068	-4879.147	549.0791	1.433409	2.749373	1.214704	2.31629
17442	-4335.448	-4884.167	548.7194	1.442646	3.680532	1.118786	2.354387
17448	-4330.578	-4880.61	550.0318	1.498953	3.296794	1.093489	1.542544
17454	-4332.326	-4881.625	549.2996	1.357249	3.133317	1.093728	2.186725
17460	-4313.692	-4863.12	549.4275	1.275894	3.633984	0.8695335	2.179004
17466	-4330.302	-4879.2	548.8979	1.351954	3.376968	0.9541568	2.471565
17472	-4342.385	-4891.96	549.5758	1.453662	3.376968	0.9500028	1.970676
17478	-4346.425	-4895.526	549.1014	1.436142	3.376968	0.7906034	2.404746
17484	-4347.022	-4896.466	549.444	1.466062	3.574602	1.09066	1.907454
17490	-4326.192	-4874.796	548.6041	1.339778	3.574602	0.978197	2.600343
17496	-4320.339	-4869.096	548.7576	1.311976	3.618274	0.978197	2.512208
17502	-4321.385	-4870.23	548.8455	1.25889	3.618274	0.978197	2.490468
17508	-4323.832	-4872.953	549.1207	1.230046	3.618274	0.9168463	2.375668
17514	-4326.616	-4875.92	549.3043	1.371184	3.618274	0.7722142	2.273386
17520	-4316.253	-4865.562	549.309	1.33975	3.618274	1.006432	2.124665
17526	-4323.196	-4871.839	548.6422	1.321903	4.354461	1.006432	2.404282
17532	-4344.588	-4892.473	547.8848	1.322553	3.650014	1.510887	2.755879
17538	-4338.039	-4885.775	547.7355	1.268909	3.52774	1.190975	3.059842
17544	-4336.852	-4886.107	549.2542	1.529013	3.52774	1.081286	2.010191
17550	-4349.222	-4898.273	549.0507	1.347743	3.445876	1.001226	2.330854
17556	-4354.233	-4903.168	548.9348	1.412588	3.582168	1.001226	2.330854
17562	-4371.788	-4921.89	550.1022	1.60383	2.746934	1.034283	1.625816
17568	-4345.248	-4895.555	550.3065	1.577371	2.572579	0.9099087	1.648083
17574	-4355.545	-4905.633	550.0885	1.503033	2.572579	0.9099087	1.852783
17580	-4336.876	-4886.786	549.9108	1.480414	3.553224	0.769868	1.816856
17586	-4329.583	-4879.084	549.5015	1.389505	3.158367	1.023993	2.070665
17592	-4343.375	-4892.394	549.0195	1.370039	3.158367	0.873943	2.492146
17598	-4342.293	-4891.205	548.9122	1.370039	3.430485	0.873943	2.492146
17604	-4331.079	-4879.896	548.8174	1.368691	3.430485	0.873943	2.552138
17610	-4336.784	-4886.71	549.9262	1.552237	3.359944	0.9003668	1.702711
17616	-4334.184	-4884.047	549.8637	1.530865	3.359944	0.9003668	1.761699
17622	-4333.518	-4883.144	549.6265	1.521735	3.359944	1.016443	1.849084
17628	-4331.648	-4881.538	549.8898	1.46375	2.518831	1.032738	1.946682
17634	-4331.508	-4880.545	549.0371	1.375943	3.058052	1.063198	2.381254
17640	-4352.919	-4902.408	549.4884	1.433089	3.058052	0.7731617	2.255207
17646	-4331.422	-4880.534	549.1121	1.444905	3.329111	0.8731556	2.344188
17652	-4345.029	-4894.385	549.3562	1.280278	3.429378	0.8272599	2.30186
17658	-4331.113	-4880.815	549.7024	1.466184	3.416979	0.7516472	2.017316
17664	-4332.287	-4882.409	550.1218	1.473931	2.526675	0.8165805	1.935813
17670	-4329.913	-4879.445	549.5313	1.340175	2.631735	1.145104	2.159863
17676	-4336.093	-4884.583	548.4902	1.182855	2.631735	1.193436	2.881787
17682	-4330.876	-4879.474	548.5981	1.316981	3.067245	1.04379	2.700563
17688	-4335.432	-4885.243	549.8103	1.46968	3.067245	1.04379	1.821061
17694	-4325.663	-4875.637	549.9742	1.475553	3.067245	0.770534	1.906843
17700	-4315.95	-4865.728	549.7783	1.436334	3.067245	0.770534	2.063974
17706	-4337.104	-4886.566	549.462	1.389861	3.067245	0.8416861	2.245835
17712	-4346.121	-4895.715	549.5947	1.420651	3.067245	0.8416861	2.139913
17718	-4343.933	-4892.941	549.0082	1.335204	3.067245	0.855091	2.557454
17724	-4339.741	-4887.945	548.2034	1.20555	3.067245	1.068375	2.993293
17730	-4334.651	-4883.974	549.3227	1.36541	3.067245	1.068375	2.199632
17736	-4321.397	-4869.433	548.0363	1.263717	2.955425	0.9167013	3.177688
17742	-4314.199	-4863.328	549.1286	1.365596	3.264729	1.119487	2.24211
17748	-4323.142	-4872.458	549.3164	1.420716	3.264729	1.047306	2.12867
17754	-4312.893	-4862.79	549.8977	1.412657	3.25237	0.8534011	1.884506
17760	-4331.258	-4880.944	549.6859	1.346945	3.25237	0.6039405	2.276284
17766	-4328.208	-4877.505	549.297	1.262963	3.25237	0.6039405	2.574221
17772	-4325.046	-4873.954	548.9083	1.333369	3.25237	0.9006436	2.54255
17778	-4321.004	-4870.586	549.5812	1.426121	3.403447	0.8401111	2.058123
17784	-4323.158	-4873.117	549.9584	1.53556	3.050855	0.8356826	1.828989
17790	-4325.471	-4875.388	549.9168	1.391899	3.050855	0.8356826	1.954915
17796	-4343.708	-4893.869	550.1609	1.47829	3.271698	0.6856405	1.793697
17802	-4325.018	-4875.098	550.0797	1.523782	3.59793	0.6856405	1.731813
17808	-4340.008	-4889.974	549.9664	1.484778	3.59793	0.9170238	1.645421
17814	-4326.057	-4875.408	549.3514	1.39554	3.554141	0.9999859	2.07993
17820	-4323.858	-4873.119	549.261	1.357791	3.150613	0.9999859	2.265107
17826	-4322.043	-4870.898	548.8551	1.166996	3.261951	0.8722011	2.695183
17832	-4320.22	-4868.43	548.2094	1.194401	3.534209	1.172947	2.827381
17838	-4330.705	-4879.484	548.7791	1.448659	3.534209	1.172947	2.315556
17844	-4321.968	-4870.365	548.3967	1.268768	3.426644	1.078081	2.745495
17850	-4330.478	-4879.022	548.5443	1.236809	3.314574	1.292157	2.584937
17856	-4317.98	-4866.341	548.3609	1.236809	4.613651	0.8478173	2.687473
17862	-4321.57	-4870.475	548.9052	1.385404	4.613651	0.9077046	2.210263
17868	-4315.642	-4865.046	549.4034	1.438094	3.541643	0.6549538	2.281683
17874	-4339.982	-4887.869	547.8867	1.140689	3.875154	1.197128	2.968093
17880	-4325.147	-4874.049	548.902	1.314758	3.329193	1.158256	2.380514
17886	-4309.756	-4857.705	547.949	1.279573	3.695325	1.38094	2.792844
17892	-4323.699	-4872.399	548.6994	1.449587	3.695325	1.229987	2.29654
17898	-4318.953	-4867.596	548.6434	1.243341	4.184891	0.8526998	2.588194
17904	-4332.582	-4881.154	548.5725	1.351925	4.069732	0.9470964	2.524723
17910	-4328.068	-4876.974	548.9051	1.393094	3.697927	0.9470964	2.370482
17916	-4319.82	-4869.309	549.4891	1.377989	3.697927	0.7971916	2.111248
17922	-4317.919	-4866.776	548.8575	1.346398	3.776036	0.9251856	2.427009
17928	-4303.131	-4852.251	549.1197	1.330178	3.46961	0.8049161	2.427009
17934	-4321.517	-4870.896	549.379	1.473662	3.002826	1.085017	2.099822
17940	-4295.503	-4845.12	549.6171	1.47258	3.002826	0.8599567	2.095573
17946	-4308.076	-4857.72	549.6436	1.445997	3.002826	0.8599567	2.095573
17952	-4343.316	-4892.781	549.4649	1.293939	3.224754	0.8878954	2.231086
17958	-4326.95	-4876.489	549.5387	1.486867	3.456159	1.032478	1.89688
17964	-4326.704	-4876.266	549.5621	1.422441	3.422845	1.032478	1.933237
17970	-4321.753	-4871.509	549.7561	1.520937	3.613608	0.7568388	1.890727
17976	-4320.387	-4869.822	549.4352	1.28695	4.040243	0.7568388	2.160267
17982	-4321.735	-4870.644	548.9086	1.328669	4.040243	0.7568388	2.469641
17988	-4309.144	-4857.343	548.1996	1.169755	3.0695	0.9109782	3.111353
17994	-4315.112	-4862.952	547.8397	1.156882	3.36623	0.8484413	3.302342
18000	-4308.123	-4857.005	548.8816	1.360845	3.810072	1.047416	2.316734
18006	-4311.399	-4860.906	549.5078	1.307457	3.033095	0.7902883	2.316734
18012	-4302.447	-4851.096	548.6485	1.289143	3.033095	0.9928799	2.726277
18018	-4326.387	-4875.025	548.6379	1.180206	3.40551	0.9227184	2.752228
18024	-4324.301	-4873.066	548.7652	1.336266	3.316906	0.8889303	2.621617
18030	-4313.463	-4861.835	548.3719	1.366359	3.316906	1.125122	2.700125
18036	-4317.849	-4867.053	549.2037	1.324094	3.316906	0.7638433	2.44592
18042	-4309.142	-4858.723	549.5812	1.54997	3.316906	0.7638433	2.057826
18048	-4315.396	-4865.33	549.9337	1.491283	3.466701	0.7638433	1.820924
18054	-4319.889	-4869.883	549.994	1.431077	3.466701	0.7638433	1.820924
18060	-4310.657	-4860.406	549.749	1.431077	3.466701	1.032334	1.788171
18066	-4315.558	-4865.028	549.4704	1.25706	3.466701	0.6429018	2.382694
18072	-4317.967	-4866.986	549.0194	1.30971	3.651517	1.020078	2.314497
18078	-4332.469	-4881.541	549.0724	1.228359	3.651517	0.7548457	2.516009
18084	-4313.727	-4862.372	548.6452	1.180105	3.477502	1.015918	2.672519
18090	-4315.225	-4864.491	549.2667	1.278515	3.477502	0.7838333	2.380711
18096	-4316.333	-4865.001	548.6685	1.147135	3.886268	1.031304	2.578157
18102	-4317.42	-4866.08	548.6597	1.203632	3.096563	1.031304	2.732254
18108	-4316.999	-4865.777	548.7782	1.232454	3.096563	0.8885376	2.732254
18114	-4329.902	-4878.193	548.2914	1.204913	3.590918	1.006676	2.853163
18120	-4333.195	-4881.667	548.4712	1.323233	3.24655	0.964073	2.778261
18126	-4347.834	-4897.071	549.2366	1.281863	3.24655	1.092205	2.247424
18132	-4345.993	-4895.146	549.1531	1.346221	3.24655	1.289836	2.147545
18138	-4346.457	-4894.406	547.9487	1.242365	3.273748	1.289836	2.956016
18144	-4363.324	-4911.061	547.7365	1.159722	3.273748	0.8919272	3.354329
18150	-4332.41	-4879.719	547.3089	1.118249	3.44125	0.8184977	3.638235
18156	-4334.782	-4883.22	548.4382	1.356512	3.660391	1.072361	2.616006
18162	-4314.075	-4863.265	549.1897	1.355426	3.09285	1.072361	2.282422
18168	-4332.459	-4881.369	548.9099	1.265163	3.09285	1.072361	2.516153
18174	-4328.442	-4876.888	548.4453	1.352125	2.938913	1.036993	2.809716
18180	-4326.832	-4875.252	548.4195	1.274422	3.683357	1.065303	2.677158
18186	-4323.609	-4872.533	548.9243	1.360813	3.247036	0.9166798	2.506069
18192	-4308.635	-4857.912	549.2768	1.399517	3.247036	0.9166798	2.258441
18198	-4321.148	-4870.609	549.461	1.421967	3.247036	0.9166798	2.124542
18204	-4320.525	-4869.38	548.855	1.279643	3.108565	1.248206	2.438866
18210	-4320.242	-4869.969	549.7265	1.344044	3.108565	0.7718617	2.146211
18216	-4316.971	-4866.279	549.3073	1.298456	3.108565	0.7718617	2.443441
18222	-4307.546	-4856.339	548.793	1.345719	2.812166	1.134718	2.57795
18228	-4321.882	-4870.595	548.7133	1.36372	2.687232	1.02192	2.716814
18234	-4326.897	-4875.08	548.1832	1.21838	3.000271	1.026081	3.039096
18240	-4349.678	-4898.832	549.1545	1.291432	3.000271	0.9066939	2.475679
18246	-4346.931	-4895.602	548.671	1.274486	2.892218	1.011506	2.747101
18252	-4338.077	-4887.128	549.0508	1.285385	2.892218	1.011506	2.505777
18258	-4322.548	-4871.975	549.4263	1.359757	4.141421	0.8760258	2.00494
18264	-4331.645	-4879.704	548.0586	1.165043	3.912586	0.9447397	2.986938
18270	-4325.725	-4873.908	548.1837	1.199177	2.778257	0.8930263	3.189953
18276	-4340.683	-4887.688	547.0044	1.22326	2.926417	1.235877	3.635762
18282	-4349.488	-4897.426	547.938	1.139843	2.926417	0.9252717	3.311026
18288	-4339.221	-4886.576	547.3543	1.131425	2.545162	0.8494608	3.805402
18294	-4330.494	-4878.621	548.1265	1.325194	2.940552	0.8784226	3.115979
18300	-4302.127	-4850.174	548.047	1.296082	2.940552	1.176763	3.005415
18306	-4300.922	-4849.764	548.8425	1.295533	3.47457	1.133486	2.409111
18312	-4311.404	-4860.564	549.1603	1.37157	3.18801	1.133486	2.229404
18318	-4320.311	-4868.213	547.9013	1.284749	4.236228	1.137453	2.831712
18324	-4333.098	-4881.678	548.5798	1.227546	3.704038	0.8638791	2.730305
18330	-4318.353	-4866.376	548.0228	1.255247	3.924609	0.8638791	3.004118
18336	-4311.697	-4860.956	549.2585	1.345374	3.398655	0.9388963	2.251785
18342	-4305.357	-4854.518	549.1618	1.367143	3.398655	0.9388963	2.299811
18348	-4310.211	-4858.723	548.5125	1.259481	3.398655	1.134345	2.654729
18354	-4322.959	-4871.669	548.7103	1.239576	3.398655	1.052771	2.591965
18360	-4318.509	-4867.593	549.084	1.38736	3.068626	0.9431487	2.417299
18366	-4319.219	-4867.841	548.622	1.221634	3.068626	0.9431487	2.805669
18372	-4330.811	-4880.049	549.2379	1.447394	3.178737	1.079865	2.164654
18378	-4345.791	-4895.008	549.2164	1.304092	4.000338	0.9039349	2.190102
18384	-4337.914	-4886.851	548.9368	1.301668	3.415778	0.9892314	2.446881
18390	-4328.2	-4876.946	548.7463	1.309218	3.415778	0.8743569	2.63619
18396	-4342.019	-4891.023	549.0039	1.271231	3.415778	0.8743569	2.499864
18402	-4336.145	-4884.709	548.5643	1.220342	3.083899	1.021723	2.789249
18408	-4344.56	-4893.231	548.6709	1.285643	3.516083	1.005037	2.589225
18414	-4346.546	-4895.462	548.9161	1.187898	3.516083	0.8182399	2.622101
18420	-4347.221	-4896.242	549.0208	1.224334	3.516083	0.761261	2.576741
18426	-4352.227	-4901.206	548.979	1.251588	3.516083	0.847791	2.522542
18432	-4343.935	-4892.71	548.7752	1.3463	3.434176	0.847791	2.609462
18438	-4332.817	-4881.693	548.8764	1.244316	3.869966	0.7912958	2.552504
18444	-4343.181	-4892.112	548.9311	1.297082	3.869966	0.7912958	2.485518
18450	-4346.286	-4894.616	548.3297	1.369113	3.489321	1.234363	2.624305
18456	-4327.633	-4876.384	548.7511	1.259573	4.153376	0.9972037	2.42137
18462	-4328.704	-4877.3	548.5958	1.236596	3.925857	0.8742155	2.660231
18468	-4326.42	-4875.717	549.2971	1.370592	3.207303	1.015798	2.208685
18474	-4313.318	-4862.865	549.5469	1.452991	3.207303	0.9955053	2.004129
18480	-4324.239	-4873.192	548.9528	1.424113	3.131273	1.528335	2.137728
18486	-4316.404	-4865.833	549.4293	1.429039	3.131273	0.9657282	2.137728
18492	-4313.973	-4863.025	549.0517	1.235739	4.177337	0.8019295	2.375376
18498	-4329.929	-4878.873	548.9442	1.266662	3.492993	1.054348	2.40548
18504	-4319.834	-4868.533	548.6983	1.345406	2.997103	1.463955	2.417566
18510	-4321.769	-4870.786	549.0169	1.31155	2.997103	1.033935	2.468494
18516	-4326.358	-4875.246	548.8875	1.314069	3.855493	0.8764214	2.444137
18522	-4313.995	-4862.856	548.8601	1.2999	3.700464	0.8923131	2.493574
18528	-4311.624	-4859.095	547.4711	1.203685	3.700464	1.128217	3.251515
18534	-4313.348	-4861.9	548.5519	1.259154	3.490859	0.8930682	2.756178
18540	-4311.903	-4860.699	548.796	1.356378	3.490859	0.8930682	2.545826
18546	-4302.981	-4851.488	548.5071	1.159322	3.490859	0.8930682	2.844249
18552	-4318.634	-4866.966	548.3328	1.328354	3.490859	0.8930682	2.847453
18558	-4319.792	-4868.371	548.5783	1.29085	3.490859	1.204796	2.534048
18564	-4322.517	-4871.242	548.7251	1.349609	3.490859	0.9569068	2.552064
18570	-4311.233	-4859.342	548.1085	1.29917	3.641792	0.9569068	2.926085
18576	-4319.919	-4869.171	549.2516	1.370921	3.096491	0.9552733	2.306059
18582	-4320.711	-4869.695	548.9833	1.298324	3.096491	0.8079759	2.62169
18588	-4310.212	-4858.942	548.73	1.403992	3.745985	1.040849	2.403859
18594	-4321.299	-4870.447	549.1484	1.360103	3.304703	1.040849	2.270474
18600	-4317.591	-4865.318	547.7266	1.331927	4.503954	1.040849	2.912958
18606	-4326.008	-4874.081	548.0739	1.183311	3.479389	0.7614485	3.183145
18612	-4307.644	-4855.457	547.8131	1.160844	3.805022	1.083104	3.076679
18618	-4319.252	-4866.932	547.6801	1.252477	3.805022	1.083104	3.101341
18624	-4318.864	-4866.968	548.1039	1.356646	3.191371	1.083104	2.923159
18630	-4319.162	-4867.991	548.8284	1.328465	3.521057	1.083104	2.415621
18636	-4324.368	-4873.186	548.818	1.278024	2.86258	0.8963026	2.736056
18642	-4300.495	-4849.262	548.767	1.25909	2.851478	1.125691	2.641898
18648	-4321.413	-4870.113	548.6999	1.377413	3.314026	1.047311	2.536514
18654	-4329.582	-4877.721	548.1391	1.279417	3.314026	1.198296	2.855958
18660	-4343.521	-4891.702	548.1815	1.311494	3.261219	0.9435935	2.970035
18666	-4324.732	-4873.694	548.962	1.272177	3.171794	0.8282386	2.617364
18672	-4327.61	-4876.921	549.3111	1.45927	3.577265	0.8840127	2.138538
18678	-4348.678	-4897.719	549.0412	1.214114	2.79528	0.7684794	2.746675
18684	-4325.997	-4875.324	549.3266	1.384238	2.79528	0.9407308	2.342236
18690	-4332.204	-4881.095	548.8902	1.320867	3.458479	0.9407308	2.485082
18696	-4319.311	-4868.32	549.009	1.41129	2.907898	1.265516	2.302523
18702	-4329.158	-4878.41	549.2516	1.293856	3.034955	0.8959014	2.411231
18708	-4332.769	-4882.065	549.296	1.332755	2.864115	0.8154576	2.461969
18714	-4344.117	-4893.208	549.0905	1.300594	2.864115	0.8154576	2.610001
18720	-4327.372	-4876.145	548.7723	1.297025	2.617353	1.117751	2.685777
18726	-4332.823	-4881.371	548.5479	1.142086	2.690229	0.9263283	3.009564
18732	-4328.202	-4877.064	548.8617	1.245323	3.467755	0.7819622	2.657831
18738	-4329.717	-4878.9	549.1834	1.31757	3.008652	0.5610641	2.711612
18744	-4329.308	-4877.448	548.1393	1.129642	2.928877	1.009661	3.146129
18750	-4343.875	-4892.234	548.3594	1.181379	3.424355	0.7235044	3.054915
18756	-4350.804	-4899.302	548.4975	1.269063	3.749575	0.7234367	2.846965
18762	-4351.348	-4899.431	548.0829	1.168521	2.741357	0.7234367	3.394732
18768	-4330.216	-4878.273	548.0566	1.231943	2.97048	0.7768157	3.274437
18774	-4332.945	-4882.085	549.1403	1.341122	3.631522	0.9064552	2.296506
18780	-4322.595	-4870.983	548.3876	1.170219	3.907289	0.9064552	2.810573
18786	-4331.531	-4879.22	547.6888	1.2443	3.907289	0.9856491	3.136497
18792	-4331.604	-4880.226	548.6225	1.30165	3.179211	0.8241153	2.808533
18798	-4326.213	-4874.728	548.5154	1.269003	3.183362	0.8241153	2.892251
18804	-4319.828	-4867.729	547.9018	1.186675	3.314065	0.8093931	3.286622
18810	-4324.758	-4873.245	548.4872	1.33612	4.135183	0.8026645	2.672922
18816	-4316.904	-4864.913	548.009	1.202613	4.135183	0.7823702	3.058132
18822	-4328.6	-4877.055	548.4545	1.239909	4.079034	0.6401419	2.889221
18828	-4316.705	-4864.667	547.9627	1.20389	3.325749	0.8657076	3.199737
18834	-4303.734	-4851.466	547.7323	1.174834	3.864081	0.8657076	3.236152
18840	-4319.315	-4867.71	548.395	1.164303	3.52497	0.8657076	2.919526
18846	-4308.382	-4855.943	547.561	1.24092	3.52497	0.8657076	3.369949
18852	-4321.416	-4869.827	548.4109	1.24245	3.52497	1.091251	2.722638
18858	-4321.56	-4869.635	548.0749	1.205728	3.598112	0.8333067	3.092363
18864	-4317.317	-4866.02	548.7032	1.203542	2.672728	1.059529	2.802613
18870	-4318.624	-4867.51	548.8858	1.331813	2.787724	1.051051	2.584411
18876	-4320.548	-4868.967	548.4189	1.253817	3.275743	1.051051	2.792606
18882	-4331.153	-4879.678	548.5249	1.29847	3.25772	1.051051	2.704888
18888	-4337.781	-4887.414	549.6333	1.409043	3.269362	0.7949528	2.103993
18894	-4342.494	-4891.66	549.1653	1.487703	3.320679	1.059774	2.161318
18900	-4327.832	-4876.865	549.0331	1.3262	3.431313	0.9824386	2.371238
18906	-4318.041	-4867.393	549.3515	1.370904	3.431313	0.9824386	2.137879
18912	-4320.072	-4869.012	548.9404	1.42871	4.036857	0.9824386	2.226981
18918	-4313.19	-4861.909	548.719	1.31292	3.306936	1.250004	2.452227
18924	-4308.501	-4857.273	548.7718	1.383713	3.537783	1.208866	2.340667
18930	-4323.902	-4873.397	549.4949	1.498218	2.96787	0.7996836	2.213248
18936	-4325.533	-4874.895	549.3619	1.411172	3.312706	0.7996836	2.263923
18942	-4330.383	-4879.461	549.078	1.456248	3.479501	1.099763	2.174307
18948	-4335.62	-4885.326	549.7063	1.477922	3.518143	0.928839	1.844528
18954	-4325.131	-4874.148	549.0169	1.552198	4.02752	1.227926	1.947276
18960	-4321.281	-4871.032	549.7512	1.553261	2.986912	1.0655	1.813166
18966	-4339.711	-4889.816	550.105	1.462757	2.986912	1.0655	1.627555
18972	-4347.71	-4897.301	549.5912	1.421835	3.45631	1.095551	1.864339
18978	-4340.018	-4889.861	549.8431	1.449483	3.45631	0.7848415	1.896871
18984	-4323.348	-4872.211	548.863	1.38476	4.104841	0.7848415	2.428239
18990	-4306.231	-4855.492	549.2614	1.320718	4.104841	0.8047178	2.199888
18996	-4303.096	-4852.175	549.0795	1.323876	4.026409	0.7838546	2.347078
19002	-4322.925	-4870.685	547.76	1.264974	4.736328	0.9189662	2.965906
19008	-4321.224	-4869.771	548.547	1.31321	3.189945	0.9189662	2.780779
19014	-4321.455	-4870.369	548.9149	1.23401	3.189945	0.9189662	2.603483
19020	-4330.872	-4880.074	549.2012	1.300857	3.176381	0.8551443	2.430128
19026	-4348.969	-4898.175	549.2062	1.34052	3.309546	0.7712565	2.430128
19032	-4325.073	-4874.197	549.1243	1.302004	3.309546	0.9969059	2.34934
19038	-4312.533	-4861.517	548.9831	1.315457	2.876279	0.9969059	2.542655
19044	-4322.46	-4871.59	549.1302	1.292368	2.605146	0.9969059	2.542655
19050	-4329.768	-4878.633	548.8648	1.266443	3.509989	1.01911	2.47307
19056	-4339.504	-4887.339	547.8353	1.117574	2.913362	0.8980645	3.404896
19062	-4333.568	-4881.723	548.1546	1.273711	2.913362	0.8980645	3.12416
19068	-4331.246	-4878.877	547.6315	1.244713	3.137747	1.017054	3.322026
19074	-4306.123	-4854.34	548.2166	1.220219	3.113661	0.9011585	3.066517
19080	-4313.969	-4862.851	548.8823	1.365448	2.83574	0.8695983	2.668224
19086	-4337.539	-4886.717	549.1779	1.319747	3.612388	0.8844502	2.3059
19092	-4324.33	-4872.6	548.27	1.273468	3.612388	1.030631	2.805448
19098	-4311.242	-4859.03	547.7882	1.245011	3.486363	1.030631	3.140314
19104	-4304.985	-4853.687	548.7016	1.196969	3.486363	1.030631	2.616372
19110	-4304.056	-4852.141	548.0853	1.278169	2.913964	1.235371	2.969555
19116	-4335.922	-4884.578	548.6558	1.273306	3.033172	1.235371	2.593553
19122	-4315.441	-4865.181	549.7402	1.420406	2.920483	0.789964	2.125185
19128	-4323.712	-4872.999	549.2872	1.293641	2.920483	0.967123	2.372272
19134	-4321.516	-4870.754	549.2375	1.277895	3.650233	0.9239384	2.25843
19140	-4324.825	-4874.387	549.5618	1.448013	3.089422	0.9086623	2.089087
19146	-4315.706	-4864.55	548.8445	1.408782	3.102198	1.314359	2.330727
19152	-4312.416	-4860.998	548.582	1.233966	2.710907	1.277047	2.728954
19158	-4316.488	-4864.397	547.9088	1.266679	2.781708	1.478214	3.001749
19164	-4315.289	-4862.823	547.534	1.249672	2.781708	1.394644	3.272594
19170	-4308.701	-4857.55	548.8487	1.222544	2.781708	1.084648	2.656773
19176	-4308.874	-4857.15	548.2767	1.288122	3.334864	1.019922	2.862472
19182	-4311.849	-4861.162	549.313	1.406994	3.334864	0.696421	2.373946
19188	-4315.168	-4864.664	549.4967	1.399347	3.635654	0.8239942	2.08644
19194	-4336.886	-4886.371	549.485	1.399347	3.565085	0.9670163	2.008412
19200	-4326.635	-4876.42	549.785	1.500268	3.565085	0.8769661	1.801473
19206	-4332.626	-4881.993	549.3673	1.440085	3.726922	0.9262974	2.048664
19212	-4318.49	-4867.703	549.213	1.385282	3.507376	0.9262974	2.237385
19218	-4326.267	-4874.501	548.2342	1.223277	3.489556	0.9262974	2.94926
19224	-4316.001	-4864.359	548.3576	1.231106	3.489556	0.907029	2.882491
19230	-4332.916	-4881.566	548.6503	1.226858	3.489556	0.7865172	2.790252
19236	-4310.307	-4859.886	549.5781	1.456264	3.238467	0.7020124	2.192329
19242	-4320.324	-4869.126	548.8024	1.334149	3.238467	1.02989	2.528759
19248	-4321.305	-4869.916	548.6106	1.39449	3.620221	0.8160853	2.660903
19254	-4318.683	-4867.574	548.8907	1.325444	3.161611	0.7015288	2.72622
19260	-4324.276	-4873.781	549.5045	1.43102	3.161611	0.853545	2.157877
19266	-4326.523	-4875.979	549.4564	1.411266	3.161611	0.9025299	2.166865
19272	-4328.986	-4878.762	549.776	1.461853	3.161611	0.9082735	1.917597
19278	-4340.941	-4890.875	549.9337	1.518525	3.161611	0.7244087	1.917597
19284	-4335.797	-4885.662	549.865	1.562528	3.161611	0.9190173	1.779709
19290	-4342.701	-4892.401	549.6998	1.536996	3.404094	1.069613	1.740183
19296	-4345.761	-4895.562	549.8018	1.50297	3.701791	0.9312395	1.71214
19302	-4322.369	-4872.342	549.9732	1.537196	3.277004	0.9312395	1.679711
19308	-4315.225	-4864.671	549.4459	1.449291	3.277004	0.9457787	2.088597
19314	-4326.768	-4876.412	549.6441	1.445477	3.277004	0.9311503	1.969853
19320	-4300.456	-4849.962	549.5063	1.413756	3.277004	0.8116408	2.169047
19326	-4311.544	-4861.812	550.2674	1.532453	2.968774	0.7556544	1.706052
19332	-4309.291	-4859.246	549.9541	1.504543	3.274241	1.010791	1.659332
19338	-4314.728	-4864.718	549.9895	1.654008	2.833523	1.010791	1.659332
19344	-4310.708	-4860.01	549.3027	1.467687	2.833523	1.043724	2.226814
19350	-4313.229	-4862.032	548.8025	1.277391	2.833523	1.043724	2.661144
19356	-4323.012	-4872.5	549.4878	1.442289	3.621068	0.8383099	2.056663
19362	-4323.618	-4872.648	549.0301	1.315837	3.143277	0.9724654	2.457782
19368	-4327.852	-4877.161	549.309	1.503213	3.143277	1.177312	2.032399
19374	-4337.504	-4886.343	548.8387	1.428045	3.424465	0.8952871	2.488652
19380	-4323.347	-4872.251	548.9036	1.363137	3.424465	0.8952871	2.488652
19386	-4338.426	-4886.804	548.3785	1.277874	3.424465	0.8496178	2.894696
19392	-4339.438	-4887.827	548.3889	1.277874	3.424465	0.9439381	2.826357
19398	-4333.169	-4882.373	549.2039	1.418409	3.424465	1.0713	2.147999
19404	-4329.097	-4878.608	549.5105	1.562659	3.110219	1.026863	1.960772
19410	-4330.784	-4880.105	549.3209	1.470678	3.270013	1.026863	2.10469
19416	-4330.56	-4879.709	549.1491	1.470678	3.287516	1.026863	2.211962
19422	-4345.486	-4894.597	549.1115	1.315736	2.991289	1.057211	2.393734
19428	-4346.195	-4894.539	548.344	1.286822	2.991289	1.057211	2.885286
19434	-4306.112	-4854.923	548.8103	1.259521	3.725386	0.8527795	2.571482
19440	-4324.966	-4873.506	548.5404	1.379323	3.725386	1.055086	2.534176
19446	-4332.54	-4881.3	548.7598	1.407339	3.246052	1.063733	2.487369
19452	-4331.93	-4880.655	548.7253	1.23734	3.617969	0.6422484	2.822044
19458	-4337.581	-4887.141	549.5593	1.314301	3.494525	0.7515004	2.19165
19464	-4334.457	-4883.623	549.1662	1.404874	3.494525	0.8054016	2.344071
19470	-4334.936	-4884.411	549.4742	1.413264	3.145833	1.05203	2.058352
19476	-4328.312	-4877.083	548.7707	1.411276	3.145833	0.8537955	2.63818
19482	-4342.478	-4890.848	548.3708	1.352663	3.209835	0.7260805	2.993897
19488	-4323.473	-4873	549.5265	1.409508	3.209835	0.7260805	2.243302
19494	-4332.27	-4881.776	549.5056	1.342325	3.565914	0.6322573	2.29186
19500	-4309.668	-4859.05	549.3817	1.339432	3.460108	0.6643347	2.369704
19506	-4318.237	-4867.424	549.1864	1.343864	3.920647	0.6643347	2.385626
19512	-4312.684	-4861.22	548.5366	1.255328	3.920647	0.8137768	2.728239
19518	-4307.02	-4855.844	548.8239	1.29723	3.920647	0.5717997	2.722116
19524	-4304.952	-4854.158	549.2059	1.361146	3.81305	0.8542883	2.236832
19530	-4309.13	-4857.86	548.7301	1.27851	3.729081	0.8013429	2.645221
19536	-4314.251	-4862.984	548.7331	1.26403	4.121691	0.7919024	2.576176
19542	-4320.653	-4869.162	548.5092	1.296521	4.121691	0.866112	2.641754
19548	-4327.789	-4876.365	548.5761	1.268785	3.230437	0.866112	2.81521
19554	-4328.78	-4877.531	548.751	1.294146	2.901332	0.866112	2.777015
19560	-4331.663	-4880.147	548.4838	1.219936	2.901332	0.912101	2.953397
19566	-4323.88	-4872.979	549.0992	1.272916	2.901332	0.912101	2.544725
19572	-4334.71	-4882.685	547.9752	1.201047	3.403277	0.8641868	3.177197
19578	-4328.749	-4877.787	549.0378	1.266074	3.161811	0.8516135	2.560202
19584	-4333.692	-4882.064	548.3725	1.25667	2.653084	1.265348	2.865033
19590	-4320.539	-4868.606	548.0665	1.23482	3.016599	1.094315	3.05587
19596	-4322.167	-4870.135	547.9678	1.227716	3.016599	1.094315	3.118973
19602	-4318.34	-4866.991	548.651	1.259453	3.016599	1.094315	2.686943
19608	-4334.349	-4882.852	548.5031	1.306421	3.327483	0.9123212	2.782664
19614	-4335.704	-4884.471	548.7673	1.230982	3.060392	1.088287	2.624982
19620	-4319.67	-4868.38	548.7099	1.288434	3.060392	1.088287	2.624982
19626	-4328.16	-4876.646	548.4867	1.354557	3.060392	1.088287	2.721558
19632	-4321.279	-4870.13	548.851	1.354557	2.966095	0.9350133	2.615607
19638	-4310.586	-4859.483	548.8976	1.348835	3.168313	1.008482	2.490961
19644	-4327.997	-4876.947	548.9498	1.267636	3.540843	0.8725119	2.50767
19650	-4310.334	-4859.71	549.3762	1.362315	4.006558	0.8725119	2.068678
19656	-4308.369	-4857.932	549.5633	1.371661	3.209615	0.8725119	2.131772
19662	-4314.355	-4863.61	549.2543	1.387883	3.045935	0.8725119	2.363345
19668	-4339.712	-4889.585	549.8735	1.406454	3.045935	1.208639	1.722213
19674	-4343.132	-4892.558	549.426	1.42065	3.045935	1.258276	1.989888
19680	-4318.552	-4868.107	549.5548	1.362508	3.499914	0.7902369	2.131316
19686	-4307.782	-4857.176	549.3946	1.42889	2.720697	1.201915	2.131316
19692	-4332.231	-4881.752	549.5208	1.404505	2.720697	1.048467	2.15652
19698	-4331.237	-4880.614	549.3772	1.38165	3.390655	1.048467	2.08139
19704	-4324.095	-4873.154	549.0591	1.384587	3.390655	1.048467	2.28584
19710	-4327.424	-4876.344	548.9201	1.372752	3.390655	1.214045	2.285703
19716	-4325.139	-4874.157	549.0176	1.422929	3.200114	1.05558	2.331376
19722	-4331.274	-4879.643	548.369	1.177081	3.200114	0.9053748	2.977202
19728	-4317.903	-4865.807	547.9037	1.170287	3.03366	1.115089	3.175455
19734	-4311.912	-4859.815	547.9026	1.139775	3.275427	1.083424	3.153154
19740	-4313.983	-4862.618	548.6349	1.328276	4.107215	0.7649783	2.620179
19746	-4318.753	-4867.666	548.9124	1.342923	3.508861	0.7649783	2.569274
19752	-4309.325	-4858.934	549.6091	1.459054	3.508861	0.8814212	1.960251
19758	-4320	-4869.504	549.5039	1.397183	3.508861	1.004858	1.985705
19764	-4313.775	-4862.988	549.213	1.528225	4.592143	0.816238	1.985705
19770	-4316.473	-4866.134	549.661	1.599581	4.212718	0.7054337	1.805508
19776	-4326.564	-4875.853	549.289	1.337762	3.148327	0.7054337	2.472168
19782	-4316.522	-4864.814	548.2921	1.335232	3.148327	0.9809268	2.893301
19788	-4315.758	-4864.12	548.3625	1.258782	3.256815	0.9809268	2.870504
19794	-4329.837	-4879	549.1631	1.243594	3.904423	0.87159	2.306964
19800	-4337.788	-4886.925	549.1366	1.302103	3.675514	1.099808	2.189369
19806	-4325.65	-4874.569	548.9193	1.335699	3.675514	0.7167997	2.568862
19812	-4325.731	-4874.756	549.0251	1.241055	3.675514	0.8794871	2.441433
19818	-4323.627	-4872.839	549.2116	1.316547	3.549798	0.8794871	2.304577
19824	-4321.92	-4871.064	549.1441	1.398773	3.549798	0.9777541	2.228495
19830	-4334.38	-4883.866	549.4857	1.415935	3.019911	0.9777541	2.131696
19836	-4318.258	-4867.222	548.9642	1.234842	3.019911	0.9777541	2.578038
19842	-4319.569	-4868.216	548.6467	1.243939	3.824505	0.9777541	2.578038
19848	-4320.741	-4869.228	548.4875	1.182248	3.824505	1.092755	2.645332
19854	-4305.816	-4854.666	548.8501	1.319492	3.824505	0.887914	2.463126
19860	-4324.275	-4873.156	548.8804	1.23893	3.824505	0.8568289	2.516072
19866	-4331.493	-4880.403	548.9105	1.343206	3.158506	0.8710697	2.578685
19872	-4346.711	-4895.719	549.0079	1.276437	3.321438	1.078817	2.385883
19878	-4323.203	-4872.143	548.9402	1.312467	3.321438	1.035997	2.431781
19884	-4334.885	-4883.915	549.0298	1.340161	3.732243	1.035997	2.2598
19890	-4338.385	-4887.211	548.8257	1.305942	3.732243	1.224256	2.302325
19896	-4352.418	-4901.933	549.5148	1.545251	3.62766	1.125719	1.768785
19902	-4349.636	-4899.506	549.8698	1.596763	3.253064	1.125719	1.580544
19908	-4322.798	-4872.369	549.5706	1.631535	3.227868	1.100227	1.792472
19914	-4309.411	-4858.603	549.1922	1.438441	3.774258	1.055663	2.06821
19920	-4325.325	-4874.489	549.1641	1.343151	3.646275	1.036413	2.190897
19926	-4320.64	-4869.49	548.8502	1.30501	3.244169	1.036413	2.511705
19932	-4342.352	-4890.564	548.2121	1.184577	3.846972	0.8554512	2.95461
19938	-4321.062	-4869.961	548.8988	1.417144	2.864378	1.24044	2.394397
19944	-4330.532	-4878.275	547.7431	1.103576	3.034063	1.003185	3.372831
19950	-4341.153	-4888.795	547.6422	1.189452	2.782467	1.197081	3.339884
19956	-4333.901	-4880.693	546.792	1.188183	3.378838	1.155821	3.712425
19962	-4321.285	-4869.318	548.0321	1.250743	2.71698	1.12873	3.126721
19968	-4327.357	-4875.993	548.6364	1.221356	3.139973	1.038396	2.720462
19974	-4333.416	-4882.091	548.6753	1.281003	3.401672	0.7606671	2.781453
19980	-4334.02	-4882.278	548.258	1.20822	3.401672	1.185723	2.813028
19986	-4323.628	-4872.6	548.9729	1.362105	3.011489	1.185723	2.372032
19992	-4332.717	-4881.552	548.8355	1.242024	3.225919	0.9212188	2.637187
19998	-4308.772	-4858.357	549.5858	1.413729	3.076716	0.9212188	2.090458
20004	-4324.004	-4873.643	549.6393	1.457698	3.182706	0.9212188	1.997106
20010	-4332.784	-4882.825	550.0411	1.543005	3.625919	0.5982987	1.822404
20016	-4318.332	-4867.496	549.164	1.332432	3.321297	1.101005	2.237309
20022	-4323.178	-4872.124	548.9463	1.339605	4.079574	1.035783	2.237309
20028	-4312.737	-4861.469	548.7319	1.279982	4.079574	1.035783	2.411873
20034	-4320.369	-4868.813	548.4448	1.412492	4.022598	1.225907	2.411873
20040	-4332.05	-4881.067	549.0172	1.280757	3.830194	1.03089	2.28704
20046	-4331.031	-4880.45	549.419	1.319773	3.830194	0.7225879	2.223704
20052	-4322.663	-4871.868	549.2048	1.371445	3.089785	0.6236036	2.587655
20058	-4332.729	-4881.845	549.1164	1.292895	3.230177	0.7085157	2.58465
20064	-4335.12	-4884.114	548.9939	1.34226	3.230177	0.7085157	2.629859
20070	-4335.844	-4884.639	548.7953	1.316882	3.114504	1.143711	2.508593
20076	-4337.534	-4886.395	548.8609	1.316882	2.840318	1.205916	2.506465
20082	-4353.773	-4902.336	548.5628	1.187163	2.840318	1.122268	2.815876
20088	-4353.646	-4902.79	549.1434	1.282263	2.840318	0.9739188	2.487775
20094	-4337.417	-4886.172	548.7558	1.346083	2.588336	0.9739188	2.759516
20100	-4324.055	-4873.818	549.7631	1.510124	3.390965	0.8275899	1.892857
20106	-4330.081	-4879.647	549.5659	1.493957	3.066436	1.159349	1.898342
20112	-4327.855	-4877.417	549.562	1.483534	2.692901	1.118734	2.042641
20118	-4330.049	-4879.307	549.2582	1.515005	2.601457	1.247884	2.174698
20124	-4322.509	-4871.831	549.3218	1.3987	2.601457	1.002219	2.353156
20130	-4333.598	-4882.117	548.5194	1.253018	3.737532	0.9853083	2.665281
20136	-4325.43	-4873.437	548.0072	1.189024	3.737532	1.205798	2.890863
20142	-4321.445	-4869.579	548.1347	1.220826	3.737532	1.199762	2.797397
20148	-4326.938	-4875.06	548.1225	1.274426	3.774171	1.383602	2.671336
20154	-4315.88	-4864.5	548.6204	1.348667	3.794829	1.350748	2.325243
20160	-4322.685	-4871.912	549.2268	1.385591	3.837418	0.9180857	2.156789
20166	-4312.667	-4861.008	548.3413	1.253918	3.493862	1.099429	2.760646
20172	-4319.814	-4868.209	548.3951	1.439403	4.132363	1.099429	2.474361
20178	-4318.521	-4866.875	548.3541	1.282907	3.224953	1.302035	2.690713
20184	-4318.967	-4867.203	548.236	1.147101	3.224953	0.9818348	3.021063
20190	-4311.064	-4859.208	548.144	1.244955	3.224953	1.16277	2.914169
20196	-4329.327	-4878.204	548.8769	1.521395	3.247323	1.16277	2.282921
20202	-4338.553	-4887.789	549.2365	1.346723	4.09101	0.6808776	2.301472
20208	-4336.944	-4886.347	549.4038	1.353872	3.789502	0.887979	2.093987
20214	-4321.95	-4871.231	549.2819	1.313323	3.789502	0.8393244	2.234911
20220	-4304	-4852.94	548.9399	1.302282	3.787774	0.8165355	2.476062
20226	-4314.302	-4863.082	548.7798	1.36371	3.787774	0.9178018	2.46727
20232	-4329.861	-4878.189	548.3289	1.258725	3.787774	1.052689	2.727046
20238	-4334.442	-4883.002	548.5604	1.309571	3.018974	0.9801088	2.779132
20244	-4326.699	-4874.631	547.9317	1.273725	3.018974	1.217673	3.046446
20250	-4338.648	-4886.573	547.9252	1.389409	3.83775	1.001451	2.912859
20256	-4326.664	-4875.062	548.3982	1.281046	3.83775	0.8330394	2.800891
20262	-4337.863	-4887.07	549.2067	1.254381	3.845837	0.8330394	2.312844
20268	-4329.91	-4879.415	549.5054	1.37663	3.845837	0.8951959	1.993441
20274	-4322.264	-4871.13	548.8663	1.195406	4.005796	0.8257667	2.535301
20280	-4321.311	-4869.396	548.0847	1.268447	4.189991	0.8257667	2.931831
20286	-4309.735	-4857.668	547.9335	1.188573	3.579486	0.9854591	3.093501
20292	-4333.998	-4882.079	548.0813	1.116784	3.377922	0.9854591	3.093501
20298	-4324.976	-4873.666	548.69	1.337158	3.363441	0.8205631	2.703528
20304	-4321.558	-4870.41	548.852	1.254921	3.454799	0.7257348	2.703528
20310	-4310.036	-4858.536	548.5004	1.316919	3.435667	0.9627302	2.720059
20316	-4310.067	-4858.624	548.5565	1.397244	3.573221	0.857536	2.673969
20322	-4319.702	-4868.639	548.9368	1.523298	3.573221	1.264585	2.105029
20328	-4320.942	-4870.11	549.1682	1.457006	3.573221	1.078746	2.105029
20334	-4320.476	-4869.39	548.9143	1.479571	3.573221	0.8764399	2.386534
20340	-4339.897	-4888.725	548.8277	1.300539	3.671577	0.808624	2.578673
20346	-4338.694	-4887.495	548.801	1.395275	3.686886	0.8394648	2.510723
20352	-4324.721	-4874.223	549.5024	1.445155	3.686886	0.8422715	2.026319
20358	-4318.482	-4868.341	549.8594	1.5454	3.681015	0.7660741	1.778327
20364	-4324.215	-4873.395	549.1802	1.481211	3.937502	1.035704	2.023162
20370	-4319.169	-4868.724	549.5551	1.515413	3.791962	0.7916098	1.958588
20376	-4318.328	-4867.395	549.0664	1.379766	4.11536	0.7852557	2.299901
20382	-4314.943	-4863.177	548.2338	1.391548	4.11536	1.44358	2.428304
20388	-4307.482	-4856.118	548.6357	1.448223	3.520148	1.44358	2.269362
20394	-4321.163	-4870.036	548.8727	1.378673	3.520148	1.17893	2.300436
20400	-4305.486	-4854.46	548.9739	1.357595	2.900528	1.17893	2.408193
20406	-4352.221	-4901.521	549.3002	1.397973	3.117936	1.200849	2.100913
20412	-4330.865	-4880.681	549.8158	1.394973	3.117936	0.8651089	1.979614
20418	-4334.472	-4883.678	549.2054	1.461599	3.30168	1.282398	2.02699
20424	-4330.271	-4879.835	549.5633	1.551578	2.950474	1.136767	1.908141
20430	-4337.673	-4887.52	549.8467	1.685344	3.036427	1.136767	1.590131
20436	-4320.868	-4870.538	549.6697	1.44904	3.036427	0.8794026	2.052809
20442	-4333.022	-4882.484	549.4622	1.480827	3.036427	0.9235506	2.136915
20448	-4314.278	-4863.536	549.2573	1.357747	3.644839	0.7255653	2.342721
20454	-4312.79	-4861.868	549.078	1.361314	3.644839	0.7255653	2.453693
20460	-4314.041	-4862.23	548.1888	1.270238	3.569345	0.8881008	2.955155
20466	-4313.879	-4861.82	547.9411	1.214907	3.54974	0.9675118	3.090692
20472	-4300.255	-4849.149	548.8942	1.270748	3.54974	0.9675118	2.475209
20478	-4321.532	-4870.055	548.5235	1.375253	3.54974	0.8754167	2.700901
20484	-4333.652	-4881.811	548.1584	1.08955	2.943962	0.8754167	3.237993
20490	-4331.736	-4880.359	548.6235	1.10303	2.943962	0.9084939	2.930841
20496	-4337.611	-4886.328	548.7172	1.16628	3.850722	0.8248663	2.679004
20502	-4337.981	-4886.775	548.7941	1.257164	3.374247	0.8248663	2.68306
20508	-4338.561	-4887.229	548.668	1.269102	2.724442	0.7828518	2.948704
20514	-4339.069	-4887.876	548.8066	1.282485	2.909879	0.7828518	2.80653
20520	-4340.199	-4889.287	549.088	1.323213	2.909879	1.171628	2.359246
20526	-4329.863	-4878.967	549.1043	1.384631	2.909879	1.196618	2.295767
20532	-4328.418	-4877.393	548.9742	1.300666	2.754075	1.015081	2.580088
20538	-4334.468	-4883.057	548.5893	1.275315	2.754075	1.049193	2.811546
20544	-4331.482	-4880.553	549.0703	1.217116	3.678483	0.9242565	2.396927
20550	-4323.861	-4872.791	548.93	1.242262	3.326284	0.8325547	2.614566
20556	-4344.845	-4893.694	548.8489	1.297961	3.473491	0.8571665	2.577972
20562	-4340.693	-4890.171	549.4776	1.327722	3.519592	0.8141292	2.181108
20568	-4329.167	-4877.969	548.8017	1.436551	2.966242	1.055274	2.52027
20574	-4340.842	-4889.58	548.7381	1.254935	2.966242	0.8458998	2.805471
20580	-4347.25	-4894.681	547.4312	1.198809	2.966242	1.088109	3.468463
20586	-4342.779	-4891.348	548.569	1.257419	2.966242	0.7492655	2.975388
20592	-4334.361	-4882.806	548.4449	1.255528	3.293363	1.029473	2.784251
20598	-4328.017	-4877.22	549.2026	1.31239	3.086674	0.8096662	2.477819
20604	-4321.387	-4870.4	549.0125	1.335133	3.219888	0.9106273	2.477819
20610	-4320.183	-4869.709	549.5262	1.32936	2.935815	0.9106273	2.230405
20616	-4311.082	-4860.4	549.3176	1.415842	2.870862	0.6777765	2.501806
20622	-4338.166	-4887.317	549.1514	1.258106	2.849152	0.8867032	2.552868
20628	-4312.232	-4861.569	549.3371	1.340786	2.961274	0.8867032	2.353603
20634	-4295.852	-4845.442	549.5896	1.48076	3.227608	1.028308	1.929569
20640	-4329.433	-4879.413	549.9802	1.505331	3.454585	0.9591021	1.627415
20646	-4329.599	-4879.65	550.0508	1.531096	3.454585	0.9591021	1.55716
20652	-4341.028	-4891.025	549.9966	1.585244	3.454585	0.9591021	1.55716
20658	-4329.508	-4879.44	549.9329	1.545468	3.70591	0.8372814	1.660957
20664	-4337.248	-4886.858	549.6103	1.469128	2.805485	0.8155001	2.191456
20670	-4330.328	-4880.097	549.7683	1.444718	3.389566	0.8155001	1.943407
20676	-4334.266	-4884.282	550.016	1.500771	3.389566	0.712029	1.822722
20682	-4317.049	-4866.819	549.7697	1.457439	3.389566	0.712029	2.018545
20688	-4308.306	-4857.493	549.1872	1.400436	3.389566	0.9519735	2.255719
20694	-4304.456	-4854.057	549.6014	1.469031	3.389566	0.7854379	2.06209
20700	-4320.86	-4870.406	549.5466	1.359453	3.394377	0.7854379	2.168472
20706	-4313.492	-4861.727	548.2345	1.331308	3.607605	1.114344	2.744388
20712	-4314.583	-4863.2	548.6174	1.293465	3.010119	1.114344	2.67699
20718	-4305.38	-4853.333	547.9528	1.15849	3.230775	1.460676	2.933509
20724	-4295.56	-4843.97	548.41	1.25046	3.230775	0.8561189	2.933509
20730	-4310.342	-4858.392	548.0493	1.352538	3.230775	1.280249	2.843803
20736	-4306.641	-4855.461	548.8198	1.265105	3.230775	0.9440435	2.616537
20742	-4315.702	-4864.227	548.5247	1.250645	3.498242	0.7217899	2.898421
20748	-4319.365	-4867.764	548.3994	1.257691	2.893128	1.119762	2.859521
20754	-4315.95	-4864.319	548.3684	1.288714	2.893128	1.119762	2.859521
20760	-4322.087	-4870.94	548.8534	1.4647	3.0897	0.7541971	2.640826
20766	-4316.75	-4865.225	548.4753	1.32809	3.0897	1.142907	2.706431
20772	-4319.844	-4868.641	548.797	1.208904	2.914461	0.9177423	2.763153
20778	-4329.48	-4877.847	548.3669	1.310741	3.178123	1.108409	2.78044
20784	-4322.936	-4871.984	549.0479	1.357515	2.475563	0.9106024	2.647627
20790	-4318.388	-4867.259	548.8711	1.320614	2.937981	0.9106024	2.647627
20796	-4308.069	-4856.442	548.3722	1.281649	3.210791	0.9836611	2.860237
20802	-4315.809	-4864.48	548.6712	1.288115	3.81773	0.9836611	2.533102
20808	-4330.531	-4879.303	548.7713	1.228647	3.81773	0.9021902	2.560793
20814	-4319.875	-4868.649	548.7744	1.352771	2.871427	1.149018	2.560793
20820	-4319.006	-4867.727	548.7208	1.208731	2.726595	0.8029894	2.938224
20826	-4326.425	-4874.792	548.3675	1.27797	2.906226	0.9904481	2.938224
20832	-4311.457	-4859.504	548.0467	1.23662	3.020497	0.9904481	3.125699
20838	-4321.794	-4870.621	548.8274	1.428495	3.020497	0.9926754	2.533204
20844	-4320.179	-4869.193	549.0141	1.353522	3.020497	1.221404	2.329197
20850	-4310.942	-4859.103	548.1611	1.280958	3.270725	1.287578	2.806015
20856	-4308.158	-4856.107	547.9489	1.211783	3.247652	0.9074695	3.194454
20862	-4313.158	-4861.889	548.7315	1.375066	3.515539	0.746157	2.674006
20868	-4318.387	-4867.572	549.1852	1.322064	3.515539	0.7635621	2.411209
20874	-4303.92	-4852.941	549.0203	1.369348	3.809378	0.9561562	2.281028
20880	-4297.138	-4846.026	548.8875	1.303503	3.809378	0.9561562	2.407329
20886	-4317.368	-4866.835	549.4676	1.40786	3.603636	0.788803	2.134628
20892	-4310.901	-4860.117	549.2169	1.372218	3.603636	1.065998	2.12925
20898	-4319.306	-4867.95	548.6442	1.296745	3.603636	1.148751	2.49409
20904	-4329.348	-4878.1	548.7528	1.280174	3.753682	0.9686424	2.510729
20910	-4333.688	-4882.941	549.2527	1.531169	3.587516	0.9686424	2.068389
20916	-4331.902	-4881.252	549.3505	1.398011	3.587516	0.9962243	2.073259
20922	-4343.504	-4892.735	549.2304	1.430986	2.573006	1.458901	2.147029
20928	-4360.622	-4910.108	549.4862	1.384911	2.926101	0.9270301	2.211809
20934	-4342.974	-4892.022	549.0485	1.343898	2.926101	1.253246	2.321873
20940	-4342.315	-4891.192	548.8771	1.232251	3.076681	1.363373	2.403777
20946	-4348.092	-4896.542	548.4501	1.324781	3.076681	0.938659	2.848236
20952	-4325.668	-4874.475	548.8069	1.298268	3.076681	1.010823	2.600898
20958	-4333.353	-4881.837	548.4834	1.298803	3.066524	1.221972	2.682576
20964	-4309.094	-4857.654	548.5606	1.221637	3.066524	1.221972	2.682576
20970	-4323.254	-4871.789	548.5347	1.260859	3.445213	1.04204	2.682576
20976	-4325.135	-4872.82	547.6852	1.344674	3.719201	1.6674	2.781852
20982	-4317.084	-4866.111	549.0271	1.289628	3.390453	1.14033	2.312139
20988	-4316.002	-4864.37	548.3681	1.309283	3.358377	0.7949069	2.935592
20994	-4321.46	-4871.181	549.721	1.470537	3.090907	0.8581527	2.005069
21000	-4317.658	-4867.212	549.5541	1.42677	3.391571	1.151736	1.868078
21006	-4314.751	-4864.634	549.8829	1.615968	2.772166	1.151736	1.687217
21012	-4306.809	-4856.555	549.7456	1.48985	2.772166	1.038182	1.942411
21018	-4320.397	-4870.066	549.6689	1.499528	2.790535	1.038182	1.981841
21024	-4318.647	-4868.036	549.3885	1.431142	2.778187	0.9635565	2.262577
21030	-4319.928	-4869.161	549.2334	1.521241	3.022891	1.079752	2.161553
21036	-4324.321	-4873.749	549.4281	1.351258	3.022891	0.8829657	2.274722
21042	-4322.874	-4871.667	548.7929	1.297209	2.586856	0.8829657	2.825708
21048	-4322.465	-4870.376	547.9103	1.229288	2.469166	1.21148	3.238299
21054	-4309.632	-4857.772	548.1403	1.279796	2.805927	1.517804	2.829967
21060	-4324.962	-4873.579	548.617	1.448471	2.486723	1.304243	2.627533
21066	-4343.799	-4892.282	548.4835	1.328104	2.486723	1.322413	2.77421
21072	-4335.197	-4884.199	549.002	1.325475	2.486723	1.322413	2.455188
21078	-4332.888	-4882.005	549.1172	1.320264	2.486723	1.042085	2.541344
21084	-4322.848	-4872.074	549.226	1.297249	2.633668	1.042085	2.443341
21090	-4333.43	-4882.838	549.4079	1.465934	2.633668	1.042085	2.220155
21096	-4330.504	-4880.468	549.9638	1.525553	2.372526	1.042085	1.898224
21102	-4322.084	-4871.787	549.7029	1.536603	2.933713	0.9159597	1.975287
21108	-4345.09	-4894.25	549.1598	1.28398	3.049087	0.9159597	2.457848
21114	-4334.026	-4882.901	548.8752	1.34513	3.342025	0.6606453	2.712872
21120	-4330.041	-4879.054	549.013	1.383735	3.41909	0.5755947	2.660668
21126	-4318.478	-4867.565	549.0871	1.445952	2.916879	0.5732613	2.704769
21132	-4313.641	-4863.167	549.5256	1.427417	3.482625	0.684998	2.198137
21138	-4328.628	-4878.187	549.5582	1.430691	3.482625	0.8272904	2.060075
21144	-4335.805	-4884.607	548.8027	1.365903	2.874091	0.8272904	2.735747
21150	-4335.679	-4884.441	548.7618	1.36977	2.716589	0.9854763	2.697375
21156	-4344.359	-4893.577	549.2178	1.447919	2.78374	0.9854763	2.34496
21162	-4336.237	-4884.352	548.1158	1.286031	2.78374	1.224264	2.986892
21168	-4333.724	-4882.136	548.4118	1.288791	2.963647	0.8662968	2.969139
21174	-4332.937	-4881.59	548.6532	1.344922	2.963647	1.044993	2.675757
21180	-4325.253	-4873.64	548.3867	1.343018	2.963647	1.233627	2.735336
21186	-4337.679	-4885.844	548.1646	1.247335	2.963647	1.233627	2.92833
21192	-4321.446	-4870.949	549.5034	1.360655	2.963647	0.9105818	2.217195
21198	-4323.646	-4871.925	548.2787	1.271015	2.963647	1.295319	2.813648
21204	-4307.289	-4856.22	548.9311	1.404189	3.49553	0.8601857	2.45312
21210	-4304.728	-4853.882	549.1537	1.396392	3.282981	0.8295052	2.391237
21216	-4308.743	-4857.299	548.5552	1.279608	3.160048	0.8295052	2.863717
21222	-4322.657	-4871.616	548.9587	1.239209	3.160048	0.8243592	2.645517
21228	-4305.457	-4854.043	548.5855	1.337146	3.077511	1.041329	2.69477
21234	-4317.904	-4866.458	548.554	1.261887	3.237726	0.9966917	2.74709
21240	-4328.876	-4877.47	548.5945	1.219824	3.353957	0.8732492	2.799368
21246	-4335.412	-4884.462	549.0499	1.316777	3.353957	0.8734246	2.458052
21252	-4355.375	-4904.056	548.6804	1.327342	2.813297	1.445577	2.499082
21258	-4353.705	-4901.177	547.4712	1.187353	2.813297	1.157317	3.453866
21264	-4360.085	-4909.047	548.9626	1.302518	3.38284	0.9912789	2.436768
21270	-4326.015	-4875.078	549.0633	1.381997	2.940858	0.9912789	2.436768
21276	-4333.159	-4882.586	549.4271	1.363514	3.736664	0.9912789	2.012952
21282	-4316.349	-4866.408	550.0592	1.61014	3.736664	0.7207061	1.616676
21288	-4322.03	-4872.081	550.0509	1.606402	3.736664	0.9316959	1.444319
21294	-4332.521	-4882.303	549.7815	1.43575	3.736664	1.088293	1.654452
21300	-4302.075	-4851.814	549.739	1.450225	4.089081	0.9926872	1.654452
21306	-4297.994	-4847.218	549.2242	1.408113	3.944062	0.9926872	2.069093
21312	-4312.975	-4862.247	549.2721	1.446262	3.356044	0.9926872	2.152623
21318	-4324.841	-4874.589	549.748	1.418711	3.356044	0.9887339	1.85643
21324	-4312.045	-4861.217	549.1716	1.345569	3.185611	0.9508415	2.352864
21330	-4329.026	-4878.443	549.4169	1.397209	3.393632	0.6975175	2.298644
21336	-4341.486	-4890.201	548.715	1.33493	4.072062	1.190407	2.298644
21342	-4338.634	-4887.294	548.6596	1.294458	4.072062	0.860918	2.563676
21348	-4338.046	-4887.152	549.1057	1.317638	4.072062	0.860918	2.267679
21354	-4316.775	-4866.719	549.9442	1.484452	2.85098	0.860918	1.912834
21360	-4323.573	-4873.148	549.5753	1.460377	3.485428	0.860918	2.003071
21366	-4339.287	-4888.71	549.4234	1.586894	3.037232	1.08384	1.986576
21372	-4334.053	-4883.774	549.7217	1.505921	3.037232	1.08384	1.839485
21378	-4311.14	-4860.209	549.069	1.448607	3.434249	1.022942	2.243612
21384	-4330.412	-4879.55	549.1384	1.521261	3.077426	1.022942	2.243612
21390	-4314.012	-4862.699	548.6864	1.280882	3.077426	1.036445	2.670275
21396	-4310.53	-4858.762	548.2318	1.216945	3.004585	0.9726117	3.041767
21402	-4325.199	-4872.912	547.7131	1.283569	3.284253	1.247724	3.091081
21408	-4329.199	-4877.493	548.2938	1.25412	3.097065	1.247724	2.804656
21414	-4324.134	-4873.004	548.8703	1.398412	2.829453	1.109698	2.506532
21420	-4332.355	-4881.253	548.8984	1.297738	2.829453	1.085906	2.565518
21426	-4321.71	-4870.394	548.6837	1.321876	3.771041	0.8746673	2.58612
21432	-4317.736	-4866.82	549.084	1.369042	3.607053	1.020319	2.245285
21438	-4326.756	-4875.379	548.6232	1.351388	3.607053	0.837244	2.667658
21444	-4341.284	-4889.919	548.6355	1.327071	3.383206	1.052389	2.588011
21450	-4336.94	-4885.555	548.6148	1.277283	3.2629	1.052389	2.660619
21456	-4328.231	-4876.607	548.3753	1.214023	3.2629	1.109232	2.813051
21462	-4327.014	-4875.128	548.1139	1.298945	2.872946	1.105386	3.020009
21468	-4317.729	-4866.015	548.2857	1.214463	3.421234	0.8054933	3.020009
21474	-4315.227	-4863.902	548.6755	1.282675	3.597422	0.9791397	2.585709
21480	-4344.499	-4893.754	549.2549	1.4876	3.760303	0.952394	2.065591
21486	-4318.934	-4868.848	549.9141	1.59561	3.760303	0.952394	1.532883
21492	-4326.542	-4876.506	549.9649	1.53054	3.760303	0.723182	1.732464
21498	-4325.67	-4875.226	549.5555	1.423685	3.760303	0.723182	2.082594
21504	-4321.044	-4870.921	549.8771	1.464415	3.760303	0.7933705	1.779808
21510	-4353.417	-4902.081	548.6643	1.373317	2.814787	0.9906456	2.72444
21516	-4336.636	-4885.888	549.2525	1.420482	3.816359	0.8717125	2.154911
21522	-4327.325	-4876.263	548.9379	1.379169	3.64656	1.020645	2.32296
21528	-4337.543	-4886.509	548.9659	1.249226	3.64656	1.020645	2.387648
21534	-4342.619	-4890.682	548.063	1.133024	3.620699	1.077275	2.986475
21540	-4356.483	-4905.003	548.5201	1.244009	3.620699	1.079916	2.63943
21546	-4347.188	-4896.816	549.6274	1.426007	3.180627	0.7694041	2.140105
21552	-4339.613	-4888.74	549.1276	1.468796	3.180627	1.129302	2.192092
21558	-4339.219	-4888.532	549.3131	1.484243	2.874898	1.129302	2.145361
21564	-4317.298	-4866.663	549.3652	1.444387	3.389677	0.7073629	2.29433
21570	-4326.224	-4875.894	549.6697	1.389182	3.123693	0.8881966	2.062026
21576	-4338.584	-4888.256	549.672	1.421224	3.123693	0.8881966	2.0393
21582	-4343.783	-4892.982	549.1992	1.328607	3.417643	1.012908	2.247549
21588	-4348.716	-4898.459	549.7427	1.376678	3.417643	0.9117907	1.926823
21594	-4343.708	-4893.186	549.4782	1.360298	3.417643	0.9117907	2.113492
21600	-4355.055	-4904.468	549.4133	1.399612	3.015036	0.8404378	2.285822
21606	-4365.743	-4914.424	548.6808	1.469158	2.912177	1.571322	2.323841
21612	-4338.598	-4887.609	549.0112	1.621778	2.81083	1.571322	2.039433
21618	-4347.695	-4896.617	548.922	1.550441	3.979605	1.542124	1.856939
21624	-4342.469	-4890.739	548.2705	1.459513	3.979605	1.563113	2.335202
21630	-4321.677	-4870.299	548.622	1.317381	3.821469	1.35667	2.335202
21636	-4340.202	-4889.61	549.4081	1.458098	3.524137	1.082174	1.955085
21642	-4349.823	-4897.871	548.048	1.346156	3.423437	1.452456	2.719687
21648	-4357.089	-4905.661	548.5718	1.222969	3.423437	0.9900447	2.719687
21654	-4357.354	-4906.263	548.9095	1.304288	2.535171	0.9533996	2.719687
21660	-4355	-4904.515	549.5151	1.420967	2.535171	0.9533996	2.267657
21666	-4328.679	-4878.061	549.3823	1.504454	3.773137	0.9533996	1.965965
21672	-4330.505	-4880.221	549.7162	1.572922	3.644058	0.7247106	1.90222
21678	-4345.622	-4894.816	549.194	1.442415	2.977388	1.113056	2.230525
21684	-4338.735	-4888.026	549.2911	1.425411	3.004954	1.113056	2.171104
21690	-4348.972	-4897.514	548.5418	1.623219	2.789381	1.705876	2.290005
21696	-4324.768	-4872.835	548.0677	1.293234	3.041705	1.573816	2.779263
21702	-4329.082	-4876.938	547.8564	1.293234	3.041705	1.377348	2.995533
21708	-4333.341	-4881.505	548.1646	1.25012	3.078861	0.8661306	3.111198
21714	-4335.486	-4885.257	549.7716	1.417357	3.078861	0.7056835	2.131018
21720	-4333.234	-4882.048	548.8138	1.375463	3.603943	1.044166	2.399269
21726	-4340.393	-4889.528	549.1344	1.474394	2.761856	1.065112	2.33773
21732	-4340.09	-4889.242	549.1522	1.290934	2.761856	1.064741	2.442756
21738	-4335.257	-4883.942	548.6852	1.277585	2.760978	1.20765	2.660943
21744	-4344.527	-4893.221	548.6934	1.306913	2.506871	1.192036	2.719879
21750	-4340.742	-4889.378	548.6368	1.276926	2.506871	1.022239	2.868475
21756	-4331.062	-4880.315	549.2528	1.264308	2.767922	1.008907	2.42864
21762	-4338.726	-4886.206	547.4796	1.16066	3.044229	1.076106	3.449703
21768	-4353.325	-4900.792	547.4672	1.070081	3.044229	1.080475	3.507426
21774	-4338.258	-4885.754	547.4964	1.088362	3.044229	1.031084	3.507426
21780	-4322.746	-4871.241	548.4954	1.188646	3.044229	1.277359	2.719818
21786	-4314.982	-4864.245	549.2627	1.426498	2.716566	1.277359	2.178184
21792	-4314.414	-4863.339	548.9255	1.300164	3.302055	1.277359	2.316352
21798	-4328.789	-4877.907	549.1185	1.225443	3.335451	0.9273228	2.440258
21804	-4325.278	-4873.688	548.4098	1.154916	3.572029	0.8061379	2.946799
21810	-4321.682	-4870.388	548.7063	1.155908	3.572029	0.8967967	2.703878
21816	-4314.651	-4863.36	548.7092	1.375136	3.572029	0.8967967	2.566812
21822	-4312.313	-4861.94	549.6268	1.347494	2.77765	0.8967967	2.208503
21828	-4318.078	-4867.053	548.9754	1.212969	2.77765	0.8967967	2.702377
21834	-4308.609	-4856.885	548.2768	1.303353	2.77765	1.07568	2.961812
21840	-4334.424	-4882.242	547.8176	1.164109	3.429426	1.165567	3.108908
21846	-4316.369	-4864.875	548.5058	1.258916	2.593242	1.165567	2.852234
21852	-4306.036	-4855.021	548.9847	1.307889	3.275463	0.9353211	2.48198
21858	-4303.781	-4852.916	549.1344	1.323688	3.275463	0.9353211	2.377764
21864	-4326.808	-4875.954	549.1455	1.401423	3.275463	0.9430472	2.316217
21870	-4325.689	-4874.711	549.0222	1.364734	3.562849	0.885614	2.386991
21876	-4322.397	-4871.618	549.2219	1.413055	3.619024	0.9477394	2.172415
21882	-4304.188	-4852.73	548.5426	1.381844	3.619024	0.9805337	2.600825
21888	-4320.798	-4869.572	548.7745	1.321767	3.283513	0.9805337	2.573257
21894	-4337.517	-4886.277	548.7603	1.321767	3.363581	1.128849	2.473605
21900	-4329.367	-4878.3	548.933	1.297749	3.363581	0.9746605	2.473605
21906	-4332.667	-4881.492	548.8241	1.285086	3.637907	0.8528743	2.566538
21912	-4308.796	-4857.517	548.7213	1.267209	3.720669	0.8834946	2.601755
21918	-4323.891	-4872.546	548.6545	1.240151	3.720669	0.8834946	2.659708
21924	-4332.069	-4881.348	549.2787	1.35753	3.16059	1.087271	2.196747
21930	-4341.733	-4891.08	549.3469	1.412244	2.70967	1.148221	2.207283
21936	-4353.386	-4902.163	548.7773	1.480744	3.738201	1.329858	2.162932
21942	-4345.315	-4894.03	548.715	1.359592	3.738201	1.329858	2.281311
21948	-4341.534	-4889.864	548.3302	1.370354	3.327714	1.329858	2.612584
21954	-4336.702	-4886.107	549.4047	1.398614	3.671893	0.8596984	2.112069
21960	-4338.984	-4887.676	548.6922	1.262852	3.554717	0.8596984	2.675935
21966	-4340.505	-4889.182	548.6773	1.25081	3.062069	1.074317	2.675935
21972	-4322.089	-4871.108	549.0188	1.369487	3.062069	0.8377023	2.543133
21978	-4316.455	-4865.46	549.0059	1.22517	3.319761	1.134068	2.387595
21984	-4320.468	-4868.822	548.3543	1.320842	3.100258	1.14941	2.778629
21990	-4341.536	-4890.277	548.7413	1.225933	2.573964	0.9307842	2.872803
21996	-4337.159	-4885.741	548.5814	1.345051	3.1687	1.308325	2.522516
22002	-4334.271	-4883.42	549.1485	1.432513	3.138859	0.8849558	2.368998
22008	-4324.838	-4874.647	549.8092	1.543433	2.620651	1.074208	1.887227
22014	-4321.579	-4871.216	549.6369	1.477429	3.106773	0.9605015	1.978864
22020	-4322.553	-4870.695	548.1419	1.207319	2.864914	0.9605015	3.144602
22026	-4319.317	-4868.558	549.2415	1.322442	2.864914	0.7998145	2.513763
22032	-4316.707	-4864.851	548.1447	1.320263	2.349186	1.340371	3.016979
22038	-4316.098	-4865.184	549.0856	1.465769	3.059386	1.128394	2.25387
22044	-4327.619	-4876.512	548.893	1.429494	3.216093	1.495117	2.166546
22050	-4328.49	-4876.789	548.2988	1.429494	3.301542	1.495117	2.522779
22056	-4345.171	-4893.941	548.7706	1.271399	3.16805	1.015877	2.613595
22062	-4340.49	-4888.962	548.4724	1.306082	3.056434	1.015877	2.803441
22068	-4337.769	-4886.192	548.4227	1.354675	3.059165	1.015877	2.803441
22074	-4332.73	-4881.761	549.0312	1.342065	2.558349	0.9937923	2.589104
22080	-4319.568	-4868.624	549.0555	1.351219	2.967943	0.8180041	2.570551
22086	-4316.353	-4866.045	549.6913	1.435497	2.740773	1.000753	2.049062
22092	-4309.856	-4859.505	549.6497	1.48336	2.560705	1.295104	1.923497
22098	-4311.583	-4860.581	548.9979	1.288638	3.352073	0.9048423	2.487252
22104	-4316.08	-4865.575	549.4955	1.353119	3.170897	0.9048423	2.175182
22110	-4317.435	-4866.419	548.9835	1.481605	3.160293	1.074509	2.314496
22116	-4318.015	-4867.357	549.3421	1.434202	3.298122	1.074509	2.077228
22122	-4329.545	-4878.751	549.2063	1.378273	2.982523	0.7583292	2.500257
22128	-4332.492	-4881.909	549.4167	1.514338	2.982523	0.797974	2.250531
22134	-4319.907	-4868.854	548.947	1.288348	3.099575	0.745709	2.695686
22140	-4323.012	-4872.317	549.3046	1.42148	3.616023	1.123924	2.000155
22146	-4324.946	-4874.296	549.3499	1.40933	3.526286	1.123924	2.000155
22152	-4324.741	-4873.844	549.103	1.398483	3.912408	1.123924	2.079466
22158	-4332.729	-4882.374	549.6452	1.408428	3.912408	0.8583652	1.889761
22164	-4337.578	-4887.138	549.5598	1.453764	3.839028	0.9182047	1.889761
22170	-4340.058	-4889.182	549.1243	1.326116	3.839028	0.9182047	2.260978
22176	-4317.718	-4867.061	549.3427	1.436007	3.031697	0.8359606	2.306453
22182	-4311.377	-4861.075	549.6982	1.574744	3.651325	0.8359606	1.819945
22188	-4312.179	-4861.082	548.903	1.471556	3.644335	1.03181	2.279733
22194	-4315.014	-4864.086	549.072	1.522548	3.644335	1.03181	2.137502
22200	-4328.75	-4878.234	549.483	1.561859	4.222256	1.03181	1.698722
22206	-4315.743	-4865.199	549.4556	1.415935	4.222256	0.7580062	2.02196
22212	-4313.398	-4862.378	548.98	1.267331	3.463739	0.9343457	2.465355
22218	-4327.32	-4875.331	548.0107	1.236938	3.006091	1.318985	2.973623
22224	-4320.952	-4868.999	548.0472	1.181578	3.103997	1.012168	3.12448
22230	-4333.724	-4882.622	548.8981	1.295861	3.233916	0.952224	2.542822
22236	-4336.518	-4885.688	549.1694	1.27719	3.233916	0.8820147	2.431635
22242	-4353.821	-4902.369	548.5479	1.316289	3.582852	1.010775	2.627487
22248	-4329.328	-4878.187	548.859	1.261542	2.839387	1.010775	2.654409
22254	-4331.265	-4880.662	549.3972	1.358396	3.167341	0.6895516	2.399283
22260	-4348.538	-4897.774	549.2354	1.305227	3.433374	0.8833077	2.321871
22266	-4342.089	-4891.109	549.0196	1.321936	3.400676	0.8833077	2.455707
22272	-4353.749	-4902.342	548.5925	1.219719	3.052593	0.8916735	2.862147
22278	-4345.041	-4894.017	548.9755	1.255376	3.052593	0.8653271	2.623902
22284	-4335.367	-4884.637	549.2695	1.406812	3.531953	0.9884859	2.139195
22290	-4327.145	-4875.755	548.6107	1.262385	3.127324	0.9782695	2.750801
22296	-4332.776	-4881.139	548.3628	1.311266	3.643177	0.9782695	2.750801
22302	-4338.476	-4886.838	548.3619	1.257066	3.155747	1.200297	2.771512
22308	-4329.795	-4877.685	547.8905	1.367123	4.03715	1.508649	2.64337
22314	-4324.49	-4872.521	548.0313	1.286422	4.202899	1.357977	2.64337
22320	-4323.873	-4872.948	549.0751	1.286422	3.330949	1.037645	2.359621
22326	-4334.315	-4882.345	548.0304	1.227699	3.429012	0.9771951	3.050952
22332	-4325.609	-4873.322	547.7121	1.217613	3.429012	1.06873	3.192853
22338	-4333.637	-4881.148	547.5117	1.28676	3.429012	1.212799	3.19329
22344	-4326.176	-4874.607	548.4302	1.176959	3.412835	1.206482	2.713271
22350	-4337.205	-4886.363	549.1586	1.362959	3.412835	0.9483027	2.29474
22356	-4321.467	-4871.198	549.7317	1.432214	3.178915	0.9477883	1.934565
22362	-4331.262	-4880.356	549.0943	1.279304	3.178915	0.9077903	2.473774
22368	-4331.486	-4880.04	548.554	1.279304	3.178915	1.094624	2.69285
22374	-4341.889	-4889.934	548.0452	1.105482	3.178915	0.9788194	3.17252
22380	-4348.943	-4898.14	549.1973	1.320702	3.288084	0.9152999	2.350078
22386	-4333.528	-4882.453	548.9259	1.321137	4.211159	0.9152999	2.313353
22392	-4337.461	-4886.415	548.9546	1.250148	3.073045	0.9559273	2.574578
22398	-4338.42	-4887.732	549.3118	1.311313	3.133881	0.9723692	2.284645
22404	-4344.846	-4893.703	548.8574	1.230162	3.876046	0.9412151	2.467578
22410	-4331.135	-4880.112	548.9767	1.253708	3.790652	0.9508725	2.390015
22416	-4304.115	-4852.998	548.8827	1.347756	3.790652	0.9508725	2.390015
22422	-4313.138	-4861.867	548.7292	1.243475	3.857094	0.9016367	2.569568
22428	-4304.216	-4852.897	548.6811	1.219746	3.857094	0.9016367	2.61409
22434	-4328.05	-4877.024	548.9733	1.388578	3.804807	0.7563195	2.442401
22440	-4326.183	-4874.657	548.4741	1.261149	3.804807	0.9319838	2.707342
22446	-4344.746	-4893.233	548.4875	1.267887	3.755042	0.9319838	2.705728
22452	-4344.524	-4893.012	548.4881	1.257146	3.800183	0.6814568	2.882059
22458	-4336.69	-4884.864	548.1743	1.164391	3.600794	0.9947988	2.953388
22464	-4347.492	-4895.185	547.6927	1.156509	3.042217	1.124885	3.300928
22470	-4339.251	-4888.016	548.7653	1.205724	3.756648	0.8639001	2.618069
22476	-4333.653	-4882.116	548.4638	1.34644	3.756648	1.017331	2.618069
22482	-4347.833	-4896.987	549.1535	1.271428	3.385924	0.9092238	2.388988
22488	-4343.365	-4892.692	549.3269	1.427586	3.385924	0.8515156	2.219084
22494	-4349.542	-4899.37	549.8283	1.556508	3.22351	0.8515156	1.842991
22500	-4335.877	-4885.409	549.5326	1.449014	3.148965	0.8515156	2.132695
22506	-4338.605	-4887.741	549.1358	1.39328	2.638897	1.113564	2.395558
22512	-4315.322	-4864.03	548.7084	1.245495	3.345659	1.17095	2.534415
22518	-4321.784	-4870.792	549.008	1.233643	3.421954	1.17095	2.334792
22524	-4320.392	-4870.03	549.6383	1.468989	3.852844	0.7341737	1.966792
22530	-4314.894	-4864.626	549.7321	1.460036	3.8181	0.7341737	1.917832
22536	-4321.368	-4871.252	549.8838	1.494473	3.58856	0.8180753	1.777121
22542	-4329.833	-4879.093	549.2597	1.39723	4.039057	1.07607	1.977469
22548	-4326.545	-4875.733	549.1885	1.291463	4.039057	1.015607	2.13306
22554	-4335.167	-4884.289	549.1212	1.263334	3.362998	0.9813581	2.372528
22560	-4316.628	-4865.918	549.2897	1.311806	3.074901	0.8852502	2.372528
22566	-4307.394	-4856.083	548.6881	1.211779	3.630269	0.9375924	2.640803
22572	-4338.139	-4886.778	548.6394	1.314177	3.630269	0.6854706	2.789252
22578	-4336.24	-4884.968	548.7275	1.368566	3.112493	1.102447	2.542723
22584	-4306.377	-4855.755	549.3775	1.339107	3.403224	0.7590436	2.308878
22590	-4319.037	-4868.405	549.368	1.269625	3.403224	0.8254749	2.308878
22596	-4325.905	-4874.822	548.9171	1.333598	3.394185	0.9314954	2.481723
22602	-4300.638	-4849.13	548.4918	1.207794	3.394185	0.9314954	2.821401
22608	-4313.163	-4861.95	548.787	1.312913	3.337752	0.9314954	2.589275
22614	-4302.001	-4851.1	549.0994	1.407252	2.721527	1.087382	2.40078
22620	-4295.461	-4845.021	549.5606	1.334084	2.806874	0.8479564	2.28601
22626	-4292.431	-4840.665	548.2333	1.324588	3.364651	1.082189	2.823259
22632	-4299.163	-4848.06	548.8965	1.265955	3.364651	1.093512	2.44342
22638	-4305.834	-4854.453	548.6191	1.293866	3.294979	1.1107	2.605959
22644	-4306.423	-4854.625	548.2022	1.117717	3.294979	1.163333	2.93869
22650	-4301.391	-4849.752	548.3612	1.20347	3.294979	1.163333	2.790414
22656	-4326.907	-4875.428	548.5216	1.258863	3.294979	1.196758	2.640103
22662	-4313.343	-4862.044	548.7011	1.341497	3.289918	1.193082	2.480441
22668	-4299.327	-4847.995	548.6674	1.331909	2.571918	1.193082	2.700559
22674	-4333.828	-4882.334	548.5059	1.271845	3.362314	0.7564363	2.902162
22680	-4334.584	-4883.901	549.3165	1.396221	2.666986	0.7525207	2.512587
22686	-4345.134	-4893.886	548.7512	1.349043	2.893701	0.8367873	2.765564
22692	-4345.507	-4894.784	549.2768	1.467557	2.628829	1.112369	2.262186
22698	-4341.872	-4891.128	549.2561	1.458676	3.829678	0.9791849	2.049685
22704	-4333.776	-4882.993	549.2169	1.497849	3.829678	0.9791849	2.049685
22710	-4322.918	-4872.17	549.2521	1.471739	3.563824	1.089549	2.035574
22716	-4333.075	-4882.196	549.1213	1.322788	4.037076	1.20143	2.043819
22722	-4320.995	-4870.246	549.2514	1.302145	4.037076	0.9583151	2.123167
22728	-4316.367	-4865.5	549.1321	1.373271	3.567993	0.9583151	2.26111
22734	-4321.375	-4870.375	548.9999	1.366228	3.470759	1.032454	2.325747
22740	-4330.703	-4880.09	549.3868	1.377878	2.785615	0.9184357	2.325747
22746	-4347.742	-4896.985	549.2428	1.311219	3.265942	1.099012	2.21544
22752	-4329.086	-4878.538	549.4515	1.409691	2.799217	1.099012	2.143864
22758	-4323.669	-4872.59	548.9214	1.272039	2.977615	1.180166	2.473368
22764	-4335.751	-4885.285	549.5344	1.445558	2.977615	0.9503185	2.110661
22770	-4334.593	-4883.123	548.5299	1.216963	3.200583	0.9503185	2.827086
22776	-4317.403	-4866.475	549.0721	1.31772	3.200583	0.9503185	2.429899
22782	-4314.459	-4863.05	548.5909	1.329595	3.187857	0.9503185	2.724273
22788	-4329.439	-4878.664	549.2249	1.368547	3.187857	0.9503185	2.304054
22794	-4332.962	-4881.717	548.7551	1.350181	3.438022	1.181901	2.411146
22800	-4340.961	-4889.846	548.885	1.331196	3.438022	0.9026011	2.51211
22806	-4326.393	-4875.019	548.6264	1.299951	2.735321	0.9026011	2.869951
22812	-4327.262	-4876.544	549.282	1.299951	3.245765	1.062897	2.224572
22818	-4331.984	-4881.239	549.2545	1.353823	3.566446	0.9832249	2.178565
22824	-4336.541	-4884.913	548.372	1.179841	3.566446	0.972551	2.845822
22830	-4321.291	-4869.542	548.251	1.243929	3.723373	0.972551	2.845822
22836	-4344.821	-4893.631	548.8099	1.200949	3.303487	0.9622186	2.632844
22842	-4348.459	-4897.814	549.355	1.302033	2.70708	0.9172643	2.417415
22848	-4362.783	-4912.164	549.3809	1.341679	3.139983	0.8661966	2.291769
22854	-4348.086	-4897.505	549.4188	1.396361	3.338461	0.8281967	2.208954
22860	-4341.567	-4891.181	549.6147	1.456088	4.287552	0.825643	1.818689
22866	-4347.181	-4897.072	549.8906	1.455964	4.287552	0.8452288	1.608003
22872	-4345.439	-4895.129	549.6895	1.512464	4.857288	0.8452288	1.588045
22878	-4334.376	-4884.435	550.0587	1.651213	3.368723	1.024474	1.436275
22884	-4334.276	-4884.222	549.9452	1.403452	3.368723	0.8785298	1.807748
22890	-4321.797	-4871.722	549.9247	1.526841	4.089458	0.6185613	1.78269
22896	-4316.099	-4865.715	549.6168	1.445774	4.089458	0.6392339	2.026816
22902	-4308.56	-4858.01	549.4493	1.48921	3.613421	0.7329825	2.135806
22908	-4310.557	-4859.987	549.43	1.428291	3.279838	0.8001612	2.217008
22914	-4317.147	-4866.819	549.6717	1.505189	3.01896	0.7823357	2.092859
22920	-4331.11	-4880	548.8906	1.395706	3.01896	0.7823357	2.6576
22926	-4319.269	-4868.432	549.1631	1.276518	2.919476	0.9909436	2.446387
22932	-4323.614	-4872.249	548.6345	1.276864	3.32555	0.9738985	2.681403
22938	-4331.054	-4880.668	549.6139	1.393001	3.025265	0.8207322	2.172584
22944	-4332.095	-4880.286	548.1912	1.310555	3.648782	1.142096	2.758887
22950	-4322.154	-4870.535	548.3809	1.214487	3.002896	1.142096	2.855908
22956	-4340.964	-4889.582	548.6183	1.335204	3.412265	1.142096	2.534724
22962	-4329.564	-4877.521	547.9576	1.154947	3.977778	0.7688753	3.158086
22968	-4330.854	-4878.949	548.0946	1.177168	3.184276	1.172197	2.989479
22974	-4347.745	-4895.633	547.8888	1.205356	2.954152	1.172197	3.152911
22980	-4336.782	-4885.329	548.547	1.138625	2.954152	1.078111	2.849698
22986	-4343.012	-4891.975	548.9634	1.268094	2.954152	1.074824	2.516082
22992	-4331.62	-4880.347	548.7279	1.179442	3.13226	1.074824	2.670542
22998	-4335.416	-4884.582	549.1662	1.25469	3.13226	0.7691741	2.554949
23004	-4326.383	-4875.508	549.1246	1.245205	3.258802	0.7691741	2.554949
23010	-4330.433	-4879.129	548.6956	1.272031	2.87303	1.125738	2.672031
23016	-4330.208	-4879.938	549.7297	1.348049	3.128131	0.8240624	2.095841
23022	-4332.515	-4881.911	549.3965	1.273223	3.164356	0.8060374	2.36291
23028	-4340.255	-4889.553	549.2973	1.342538	2.638229	1.080782	2.344943
23034	-4324.518	-4873.029	548.5116	1.254379	2.82713	1.169216	2.783942
23040	-4335.813	-4883.795	547.9821	1.083169	3.763188	0.8486542	3.17476
23046	-4321.588	-4870.708	549.1192	1.247879	3.252056	0.8486542	2.500287
23052	-4328.655	-4876.817	548.1616	1.208252	3.252056	1.272914	2.861707
23058	-4323.801	-4872.638	548.8374	1.080955	3.562393	0.7765564	2.755823
23064	-4322.324	-4869.918	547.5942	1.054244	3.102981	0.9960957	3.476156
23070	-4325.781	-4874.594	548.8129	1.274012	2.918191	0.9960957	2.662856
23076	-4327.245	-4876.007	548.7616	1.325226	2.918191	0.9960957	2.662856
23082	-4327.987	-4876.301	548.314	1.271247	2.978113	1.036004	2.928607
23088	-4307.708	-4856.58	548.8718	1.302183	2.978113	0.7820196	2.737388
23094	-4316.939	-4865.655	548.7163	1.289213	2.978113	0.9864078	2.702968
23100	-4318.98	-4867.819	548.8396	1.281764	3.190546	0.8432058	2.671718
23106	-4305.329	-4853.413	548.0838	1.251372	3.613655	1.33564	2.767765
23112	-4318.353	-4867.629	549.2764	1.357245	3.34773	1.017958	2.193405
23118	-4344.081	-4893.323	549.2418	1.47235	3.34773	0.938761	2.193405
23124	-4332.198	-4881.47	549.2713	1.445002	3.34773	0.938761	2.192057
23130	-4327.837	-4876.439	548.602	1.266013	4.23176	0.9507563	2.524542
23136	-4323.778	-4872.557	548.7791	1.235652	4.23176	0.9605148	2.426242
23142	-4316.299	-4863.864	547.5655	1.275313	3.607763	1.080217	3.199513
23148	-4325.692	-4874.318	548.6261	1.260311	3.918458	0.9641873	2.569141
23154	-4329.75	-4878.336	548.5854	1.268458	3.679726	1.082494	2.569141
23160	-4305.644	-4854.446	548.8015	1.348618	3.679726	0.8281921	2.549169
23166	-4306.598	-4854.828	548.2299	1.140041	3.679726	0.7574004	3.075106
23172	-4315.007	-4863.451	548.4439	1.170092	3.679726	0.8992788	2.82979
23178	-4325.876	-4874.897	549.0211	1.237528	2.977446	1.063139	2.499812
23184	-4346.478	-4895.391	548.9129	1.250668	3.94573	0.8571954	2.461963
23190	-4341.01	-4888.955	547.9447	1.106682	3.94573	0.8571954	3.139685
23196	-4336.609	-4884.484	547.875	1.138237	4.04203	0.9368405	3.091566
23202	-4341.389	-4889.362	547.9731	1.138237	3.230909	0.9368405	3.209168
23208	-4360.046	-4908.643	548.5977	1.242056	3.230909	0.9834581	2.742311
23214	-4359.339	-4908.297	548.9581	1.344868	3.439955	0.9036435	2.456617
23220	-4311.799	-4860.873	549.0743	1.344868	3.439955	0.8357466	2.430955
23226	-4321.906	-4871.181	549.2756	1.298877	2.841464	0.8357466	2.487585
23232	-4313.225	-4861.778	548.5524	1.292228	3.303477	0.9233523	2.759814
23238	-4319.214	-4868.092	548.8779	1.340309	3.574672	0.8154589	2.539773
23244	-4317.847	-4867.102	549.2553	1.390658	3.051817	0.8154589	2.400346
23250	-4334.661	-4884.064	549.4038	1.363781	2.977	0.901195	2.282052
23256	-4337.534	-4886.595	549.0613	1.405642	2.977	0.9985295	2.408769
23262	-4316.581	-4865.619	549.0386	1.307531	2.977	0.9338428	2.52617
23268	-4330.541	-4879.004	548.4636	1.186172	2.977	1.12767	2.837554
23274	-4330.75	-4879.743	548.9925	1.219302	2.977	0.7659019	2.72646
23280	-4341.093	-4889.954	548.861	1.254672	3.100924	0.8026748	2.72646
23286	-4312.025	-4860.459	548.4339	1.224051	3.100924	0.8128501	2.996587
23292	-4331.184	-4880.363	549.179	1.26526	3.100924	0.9107459	2.447508
23298	-4343.157	-4892.273	549.1169	1.261165	3.328595	0.9107459	2.431591
23304	-4343.947	-4893.369	549.4219	1.31339	3.383737	0.9107459	2.189941
23310	-4332.084	-4881.023	548.939	1.350252	3.383737	1.057512	2.380292
23316	-4320.851	-4869.391	548.5402	1.411922	3.383737	1.230786	2.49373
23322	-4328.526	-4878.393	549.8669	1.556081	3.137328	0.8907564	1.810796
23328	-4314.216	-4863.577	549.3606	1.434513	4.088464	1.041674	1.895446
23334	-4337.769	-4887.242	549.4728	1.417528	4.088464	0.9468966	1.895446
23340	-4337.317	-4887.072	549.7553	1.410169	3.328699	0.9444904	1.895446
23346	-4321.629	-4871.106	549.4772	1.483513	3.328699	0.9444904	2.032832
23352	-4334.736	-4883.234	548.4983	1.383022	3.328388	0.9444904	2.717789
23358	-4331.931	-4880.494	548.5629	1.321986	3.548209	0.9444904	2.664183
23364	-4315.847	-4864.448	548.6012	1.208662	3.034401	0.9598818	2.824394
23370	-4315.364	-4864.375	549.0114	1.287841	3.336971	0.8763725	2.502433
23376	-4312.856	-4862.317	549.4605	1.313247	3.336971	0.8763725	2.201017
23382	-4301.099	-4850.318	549.2195	1.400059	3.336971	1.024587	2.201017
23388	-4325.885	-4875	549.1147	1.379671	2.799825	0.8304348	2.552956
23394	-4325.289	-4874.305	549.0166	1.334146	2.799825	0.8803665	2.60727
23400	-4317.657	-4866.647	548.9907	1.411715	3.435655	0.9707034	2.350379
23406	-4329.617	-4879	549.3828	1.335465	3.147009	1.15366	2.107221
23412	-4337.055	-4885.806	548.7511	1.331647	3.147009	1.214742	2.479414
23418	-4329.095	-4878.305	549.2101	1.365801	3.147009	0.9258004	2.342175
23424	-4333.682	-4882.924	549.2418	1.442345	3.185841	1.006472	2.209634
23430	-4331.415	-4880.987	549.5728	1.438918	3.165554	1.006472	2.000192
23436	-4315.154	-4864.694	549.5401	1.518662	3.464995	1.006472	1.889475
23442	-4322.855	-4872.558	549.703	1.566847	3.563364	0.9535808	1.755646
23448	-4322.904	-4873.003	550.0992	1.465189	3.337851	0.9535808	1.606966
23454	-4331.969	-4881.537	549.5676	1.489594	3.337851	1.213806	1.792267
23460	-4339.679	-4889.406	549.7269	1.478006	3.209699	0.8572828	1.964348
23466	-4326.899	-4876.609	549.7101	1.462529	3.412159	0.8572828	1.932593
23472	-4332.375	-4881.98	549.6046	1.416034	3.089175	0.9741614	2.036772
23478	-4323.869	-4873.51	549.6409	1.454554	2.953995	0.9741614	2.024979
23484	-4326.882	-4876.709	549.8263	1.436766	2.908255	0.9741614	1.92607
23490	-4337.716	-4887.306	549.5905	1.449273	2.770456	0.9741614	2.115103
23496	-4322.398	-4871.391	548.9931	1.461281	3.790781	0.9741614	2.231787
23502	-4331.947	-4881.05	549.1038	1.386282	2.735183	0.9741614	2.476934
23508	-4318.576	-4867.547	548.9705	1.310691	3.609105	0.779459	2.519195
23514	-4327.496	-4876.776	549.2801	1.370898	3.259774	0.9163086	2.271711
23520	-4315.965	-4865.44	549.4745	1.370898	3.213069	0.9163086	2.158182
23526	-4313.886	-4863.46	549.5741	1.373795	3.822245	0.6753148	2.129737
23532	-4325.649	-4874.955	549.3058	1.428822	4.16779	0.7380576	2.13994
23538	-4344.151	-4893.976	549.8249	1.507783	3.495512	0.7380576	1.898451
23544	-4330.369	-4880.185	549.8164	1.578008	3.495512	0.9863998	1.661708
23550	-4324.221	-4873.891	549.6694	1.472155	3.495512	0.6386898	2.113106
23556	-4348.21	-4897.815	549.6043	1.486935	3.495512	0.5945138	2.186937
23562	-4328.043	-4877.486	549.4428	1.481045	2.716097	1.180738	2.079062
23568	-4332.864	-4881.573	548.7085	1.238291	2.471644	1.180738	2.769287
23574	-4350.807	-4899.357	548.5503	1.324862	3.536704	1.204443	2.519795
23580	-4330.991	-4879.752	548.761	1.360107	2.761223	1.204443	2.564697
23586	-4339.883	-4889.014	549.1304	1.418539	2.761223	1.204443	2.29529
23592	-4352.002	-4900.899	548.8972	1.364599	3.275267	1.204443	2.339533
23598	-4339.067	-4886.521	547.4547	1.112025	3.275267	1.204443	3.369469
23604	-4348.974	-4896.663	547.6896	1.210512	3.246413	1.204443	3.179523
23610	-4347.333	-4896.227	548.894	1.49507	3.246413	1.064679	2.34675
23616	-4349.005	-4898.933	549.9285	1.514277	3.195819	0.8030189	1.849155
23622	-4337.428	-4886.128	548.7002	1.383573	3.916416	0.9955644	2.426245
23628	-4327.165	-4876.319	549.1541	1.309603	3.427478	0.8078182	2.426245
23634	-4323.128	-4872.626	549.498	1.383205	3.440159	0.9716856	2.038465
23640	-4317.738	-4866.557	548.8185	1.23316	3.431916	0.882374	2.62932
23646	-4315.088	-4863.824	548.7351	1.172598	3.431916	0.9754427	2.657429
23652	-4329.065	-4878.08	549.0149	1.224298	3.431916	0.7446819	2.612762
23658	-4323.24	-4872.433	549.1933	1.416951	3.672569	0.8601696	2.236874
23664	-4335.158	-4885.028	549.8697	1.454862	3.672569	0.8458479	1.771064
23670	-4334.442	-4884.753	550.3109	1.626173	3.672569	0.668423	1.486533
23676	-4325.061	-4875.193	550.1323	1.572968	3.672569	0.668423	1.656648
23682	-4336.345	-4886.115	549.7697	1.486211	3.593141	1.000176	1.724456
23688	-4325.739	-4874.674	548.9354	1.410644	3.779685	1.067398	2.244916
23694	-4321.96	-4870.444	548.4835	1.274829	3.572784	0.8484502	2.799878
23700	-4318.147	-4867.488	549.3412	1.387149	3.812236	0.6748868	2.274418
23706	-4323.601	-4872.666	549.0649	1.409087	3.812236	0.9692159	2.21755
23712	-4312.569	-4862.129	549.5607	1.375052	3.236627	0.9692159	2.056541
23718	-4297.214	-4846.706	549.4925	1.404292	3.236627	0.8577027	2.160356
23724	-4310.307	-4859.813	549.5064	1.462338	3.41309	1.045032	1.938186
23730	-4315.865	-4865.561	549.6952	1.509934	2.839046	1.045032	1.938186
23736	-4322.048	-4871.803	549.7546	1.447193	3.766218	0.7171379	1.938186
23742	-4346.465	-4896.393	549.9283	1.460154	3.766218	0.7171379	1.810908
23748	-4332.639	-4882.133	549.4948	1.474764	4.302009	0.8747169	1.847042
23754	-4334.276	-4883.791	549.515	1.368127	4.302009	0.8747169	1.905961
23760	-4323.62	-4873.281	549.6614	1.442694	4.302009	0.5731098	2.016947
23766	-4323.144	-4872.425	549.2805	1.380997	4.302009	0.8525477	2.070509
23772	-4315.705	-4865.184	549.4792	1.346907	3.808241	0.8525477	2.070509
23778	-4330.928	-4880.102	549.1745	1.434245	3.808241	0.9346071	2.154402
23784	-4333.681	-4883.389	549.7084	1.501449	3.808241	0.770059	1.878068
23790	-4331.599	-4881.147	549.5476	1.507485	3.106968	0.7603055	2.165832
23796	-4311.061	-4860.558	549.4963	1.3662	3.075609	0.7981113	2.269186
23802	-4343.983	-4893.48	549.497	1.39093	3.075609	0.7004114	2.330305
23808	-4330.879	-4879.286	548.4064	1.286797	3.075609	0.8195084	2.977107
23814	-4331.723	-4881.278	549.5547	1.329425	2.798969	0.8368124	2.303132
23820	-4339.744	-4887.682	547.9385	1.274579	3.36534	0.9285446	3.122493
23826	-4333.72	-4882.236	548.5166	1.361454	2.798119	1.093608	2.765509
23832	-4323.119	-4871.811	548.6926	1.358964	2.798119	1.091298	2.660477
23838	-4327.947	-4877.171	549.2242	1.340719	2.798119	1.091298	2.339487
23844	-4318.716	-4867.85	549.1344	1.327494	3.371271	0.9535519	2.339487
23850	-4316.924	-4865.923	548.9993	1.37713	3.429313	1.016074	2.339487
23856	-4328.15	-4877.203	549.0523	1.324074	3.429313	1.016074	2.339487
23862	-4340.272	-4889.668	549.3958	1.388883	3.286384	0.9434671	2.160054
23868	-4338.296	-4887.706	549.4106	1.449859	3.611159	1.03509	1.967573
23874	-4322.044	-4871.861	549.8169	1.418926	3.165404	0.9066164	1.919118
23880	-4317.837	-4867.201	549.3634	1.385603	3.165404	0.9209108	2.229969
23886	-4328.718	-4878.287	549.5696	1.406469	3.240982	0.7772539	2.168451
23892	-4332.457	-4881.619	549.1628	1.265772	2.861164	0.8740688	2.546303
23898	-4354.358	-4903.151	548.7925	1.351039	2.861164	1.161784	2.546303
23904	-4331.786	-4881.526	549.7404	1.405568	2.861164	0.8861019	2.079837
23910	-4330.507	-4880.275	549.7675	1.405568	2.861164	1.090424	1.924057
23916	-4334.899	-4885.068	550.1691	1.517043	2.882784	1.090424	1.556851
23922	-4338.911	-4889.063	550.1524	1.479813	2.882784	0.9531311	1.693522
23928	-4316.592	-4866.422	549.8303	1.284836	2.962134	0.9021837	2.059666
23934	-4338.357	-4887.311	548.9543	1.394453	3.370771	1.198007	2.263716
23940	-4305.335	-4854.336	549.0008	1.331923	3.344026	1.089821	2.343018
23946	-4317.075	-4865.6	548.5259	1.28273	3.106483	1.089821	2.728929
23952	-4329.265	-4878.056	548.7907	1.28273	2.954818	0.8508668	2.756033
23958	-4321.598	-4870.518	548.9204	1.284825	3.532024	1.175516	2.328933
23964	-4329.721	-4878.5	548.7791	1.335749	3.472461	1.124618	2.429292
23970	-4345.681	-4894.753	549.0715	1.326941	3.854928	0.8956685	2.306252
23976	-4322.867	-4871.012	548.1453	1.169366	3.854928	0.8956685	2.975556
23982	-4352.964	-4901.173	548.2093	1.112726	3.455231	0.8956685	3.058
23988	-4339.378	-4888.044	548.6663	1.235446	3.353286	0.9385711	2.703104
23994	-4326.022	-4874.844	548.8214	1.244192	3.353286	1.014188	2.554401
24000	-4328.542	-4877.139	548.5974	1.26379	4.036854	1.014188	2.528504
24006	-4337.236	-4885.902	548.6661	1.217933	4.036854	0.991391	2.528504
24012	-4322.107	-4870.839	548.7326	1.213942	3.152868	0.7311983	2.869455
24018	-4333.963	-4883.276	549.313	1.181813	2.910902	0.7311983	2.596278
24024	-4313.632	-4862.855	549.2231	1.37416	3.039977	1.099695	2.246625
24030	-4312.652	-4861.495	548.8431	1.31772	3.835828	0.7327143	2.579523
24036	-4319.761	-4868.994	549.2332	1.362066	3.719606	1.005076	2.136586
24042	-4318.958	-4868.661	549.7026	1.4157	2.810506	1.079993	1.982559
24048	-4324.242	-4873.165	548.9222	1.4734	2.669945	1.160372	2.443698
24054	-4326.209	-4875.544	549.3356	1.373257	2.608003	1.109664	2.29286
24060	-4311.043	-4860.546	549.5023	1.404083	2.797718	1.109664	2.108325
24066	-4324.142	-4873.633	549.4912	1.514893	3.057546	1.163428	1.934769
24072	-4329.489	-4878.753	549.2634	1.455069	3.057546	1.250374	2.076083
24078	-4320.94	-4870.092	549.1525	1.628209	3.138599	1.464006	1.898714
24084	-4327.391	-4876.798	549.4078	1.48431	3.052947	1.464006	1.84696
24090	-4336.455	-4885.741	549.2868	1.556673	3.052947	1.464006	1.880162
24096	-4348.179	-4897.452	549.2729	1.618223	3.052947	1.411108	1.875086
24102	-4332.974	-4882.994	550.0203	1.601562	2.70384	1.045264	1.692536
24108	-4310.888	-4860.313	549.4246	1.446054	3.553889	1.024275	1.981958
24114	-4347.133	-4896.645	549.512	1.342176	3.020753	0.8700509	2.236433
24120	-4350.128	-4898.706	548.5771	1.255497	3.065856	0.9155155	2.830821
24126	-4344.861	-4893.397	548.5355	1.137774	3.065856	0.8923117	2.942297
24132	-4338.29	-4886.129	547.8397	1.103222	3.065856	0.9891173	3.316678
24138	-4344.071	-4892.578	548.5068	1.237336	3.082134	0.9961738	2.829768
24144	-4320.806	-4868.815	548.0086	1.255551	3.082134	1.160069	3.025679
24150	-4336.031	-4883.166	547.1353	1.301999	3.028023	1.453329	3.386739
24156	-4341.714	-4889.538	547.8248	1.205181	3.12814	0.9910761	3.24897
24162	-4340.467	-4887.358	546.891	1.087781	2.739477	1.13521	3.878347
24168	-4338.678	-4885.61	546.9324	1.127351	3.280273	1.311956	3.611432
24174	-4351.548	-4900.53	548.9819	1.334607	3.63592	0.9870898	2.347027
24180	-4336.482	-4886.111	549.6294	1.382656	3.00986	0.9217212	2.10034
24186	-4336.603	-4886.089	549.4863	1.438241	3.00986	1.101532	2.040332
24192	-4331.731	-4879.904	548.1729	1.35515	3.262642	1.381413	2.709405
24198	-4330.241	-4879.331	549.0899	1.377152	3.262642	1.022257	2.319192
24204	-4336.724	-4885.558	548.8339	1.381761	3.262642	1.022257	2.477987
24210	-4324.262	-4873.721	549.4587	1.312014	3.166919	1.022257	2.148338
24216	-4333.611	-4882.536	548.9255	1.496746	3.117375	1.292504	2.229963
24222	-4335.318	-4883.262	547.9435	1.301092	3.117375	1.292504	2.960505
24228	-4333.596	-4881.95	548.3545	1.232163	3.117375	1.060073	2.878417
24234	-4319.869	-4867.921	548.0519	1.213856	3.117375	1.088041	3.055445
24240	-4317.551	-4865.097	547.5454	1.133171	2.943226	1.424943	3.278767
24246	-4307.503	-4856.073	548.5697	1.280528	2.943226	0.9831883	2.808979
24252	-4313.97	-4862.457	548.4874	1.339571	3.290617	0.9831883	2.735766
24258	-4315.836	-4864.433	548.5968	1.32257	3.290617	0.9831883	2.679114
24264	-4334.789	-4883.347	548.5579	1.280835	3.079957	0.9381299	2.808971
24270	-4326.986	-4875.662	548.6764	1.242242	3.079957	0.9381299	2.760296
24276	-4328.121	-4876.768	548.6474	1.271231	3.079957	0.9381299	2.760296
24282	-4327.725	-4875.551	547.8267	1.208486	3.392199	0.9087856	3.234366
24288	-4351.975	-4900.337	548.3616	1.185098	3.392199	0.7763384	3.019583
24294	-4347.222	-4895.436	548.214	1.110906	3.774715	0.8455727	3.019583
24300	-4335.962	-4883.873	547.911	1.184993	3.733322	0.8455727	3.164858
24306	-4331.671	-4880.125	548.4535	1.197008	3.733322	0.8455727	2.832085
24312	-4314.241	-4862.984	548.7432	1.299036	3.1883	0.9296131	2.662761
24318	-4327.063	-4875.649	548.5863	1.31517	3.427285	0.9834337	2.657343
24324	-4343.512	-4892.083	548.5705	1.369473	4.016442	0.9834337	2.502849
24330	-4328.044	-4876.392	548.3481	1.294503	4.016442	0.9834337	2.687032
24336	-4340.031	-4888.453	548.4216	1.154112	4.016442	0.9031375	2.779338
24342	-4332.569	-4881.399	548.8306	1.422853	4.016442	1.049449	2.263175
24348	-4306.736	-4855.987	549.2504	1.368598	4.016442	0.8723825	2.144924
24354	-4326.937	-4875.935	548.9971	1.328646	3.545322	0.8723825	2.438847
24360	-4342.068	-4891.346	549.278	1.282701	3.011542	0.8095224	2.469059
24366	-4318.491	-4867.901	549.4104	1.375142	3.133265	0.8709945	2.249775
24372	-4326.711	-4876.024	549.3139	1.497014	2.794425	1.121447	2.164528
24378	-4326.228	-4875.853	549.6248	1.358365	2.794425	0.9155686	2.184769
24384	-4333.4	-4882.508	549.1078	1.2662	2.802317	1.292174	2.347675
24390	-4321.462	-4868.557	547.0953	1.137113	2.985196	1.258997	3.606999
24396	-4322.593	-4870.809	548.2155	1.145763	2.985196	0.9281765	3.126446
24402	-4330.205	-4877.734	547.5295	1.127321	2.985196	1.262387	3.357537
24408	-4334.568	-4882.687	548.1189	1.227705	3.168594	1.262387	2.901416
24414	-4335.333	-4884.285	548.9519	1.242738	3.168594	0.8472922	2.629197
24420	-4316.338	-4865.423	549.0854	1.318802	3.438622	0.9340833	2.372663
24426	-4317.285	-4866.022	548.7368	1.266022	3.438622	0.9340833	2.62361
24432	-4305.301	-4854.129	548.8282	1.210111	3.438622	0.8400907	2.665129
24438	-4330.407	-4879.17	548.7629	1.226021	3.26258	0.9484229	2.665129
24444	-4338.601	-4887.113	548.512	1.272457	3.26258	0.9818706	2.769329
24450	-4313.733	-4863.054	549.3217	1.331782	3.246241	0.7264717	2.413591
24456	-4319.479	-4868.06	548.581	1.378631	2.943807	1.291743	2.56896
24462	-4322.983	-4872.106	549.1232	1.241296	2.943807	0.9760217	2.496349
24468	-4345.727	-4894.599	548.8724	1.192308	2.853354	0.8621586	2.780623
24474	-4344.949	-4893.276	548.3272	1.233439	2.853354	0.9595278	3.022047
24480	-4333.614	-4883.009	549.3949	1.293218	2.853354	0.8408215	2.409242
24486	-4346.312	-4895.777	549.465	1.313422	2.631293	0.8465334	2.41216
24492	-4341.813	-4891.393	549.5802	1.453006	2.410865	1.11831	2.140678
24498	-4344.834	-4893.778	548.9439	1.408807	3.32078	1.11831	2.319226
24504	-4340.741	-4889.323	548.5818	1.270809	3.324536	1.152587	2.612558
24510	-4355.005	-4903.402	548.3975	1.252534	2.783272	1.04005	2.938763
24516	-4333.725	-4882.365	548.6395	1.175905	3.607825	0.9658722	2.679809
24522	-4336.158	-4884.927	548.7689	1.175905	3.268177	0.9658722	2.679809
24528	-4329.045	-4877.97	548.9251	1.308407	3.268177	1.124696	2.404316
24534	-4337.194	-4884.522	547.328	1.076943	3.082561	0.9693541	3.638529
24540	-4346.189	-4894.423	548.2335	1.164649	3.082561	0.8939658	3.101891
24546	-4342.342	-4890.394	548.0519	1.241285	2.898379	1.074942	3.101891
24552	-4329.967	-4878.584	548.6163	1.29716	2.898379	1.241015	2.63598
24558	-4331.744	-4880.289	548.5455	1.263524	3.411566	0.9085539	2.765566
24564	-4322.686	-4871.674	548.9875	1.33056	3.880062	0.9085539	2.343028
24570	-4338.316	-4887.054	548.738	1.331861	2.964801	1.044426	2.631619
24576	-4329.263	-4878.597	549.3334	1.261189	2.844126	0.997666	2.36518
24582	-4346.977	-4895.525	548.5488	1.202377	3.699588	1.010432	2.671219
24588	-4358.527	-4907.412	548.8852	1.205338	2.942986	0.6404405	2.908151
24594	-4332.211	-4880.632	548.4212	1.279606	3.479687	1.003172	2.756084
24600	-4336.478	-4885.585	549.1073	1.317602	3.479687	1.003172	2.304572
24606	-4347.761	-4896.292	548.5306	1.191724	3.34396	1.094774	2.72064
24612	-4348.228	-4896.354	548.126	1.194447	2.792934	0.9058106	3.214848
24618	-4349.781	-4898.131	548.3492	1.146013	2.594856	0.9058106	3.165642
24624	-4334.904	-4883.355	548.4515	1.246882	2.798973	0.8959724	2.9943
24630	-4339.781	-4887.957	548.1761	1.214936	3.256692	0.9827529	3.008163
24636	-4333.863	-4882.043	548.1798	1.275211	2.595464	1.222736	3.008163
24642	-4345.604	-4894.33	548.726	1.331759	3.110193	1.14133	2.544981
24648	-4347.775	-4896.242	548.4671	1.44272	3.235737	1.173261	2.587422
24654	-4333.002	-4881.98	548.9782	1.268092	3.385026	1.017896	2.431383
24660	-4343.206	-4893.142	549.9366	1.539015	3.084377	1.028991	1.689397
24666	-4316.213	-4866.214	550.0007	1.539015	3.084377	0.842991	1.781906
24672	-4322.559	-4872.594	550.0359	1.546199	3.084377	0.842991	1.752354
24678	-4298.696	-4848.218	549.5222	1.396222	2.929152	1.094135	2.071751
24684	-4335.161	-4884.099	548.938	1.301884	3.296851	1.094135	2.410938
24690	-4316.314	-4865.394	549.0803	1.40682	3.296851	1.241427	2.16886
24696	-4331.771	-4880.495	548.7238	1.23976	2.740431	1.049413	2.75488
24702	-4323.711	-4872.795	549.0841	1.281124	3.773175	0.9538961	2.30633
24708	-4318.054	-4866.679	548.6246	1.304157	3.773175	0.8939371	2.620157
24714	-4326.764	-4875.314	548.5497	1.379069	3.773175	0.8939371	2.620157
24720	-4332.316	-4881.544	549.2282	1.41066	3.635683	0.8939371	2.20306
24726	-4348.377	-4896.81	548.4323	1.230071	3.635683	0.8939371	2.813614
24732	-4341.541	-4889.991	548.4497	1.107831	2.957937	0.8891209	3.041356
24738	-4326.783	-4875.375	548.5927	1.238137	3.121071	0.8891209	2.835332
24744	-4323.086	-4871.384	548.2983	1.28385	3.121071	1.139602	2.835332
24750	-4305.02	-4854.264	549.2442	1.306454	3.062219	1.139602	2.247048
24756	-4315.492	-4864.859	549.3669	1.336756	3.062219	1.048798	2.203105
24762	-4317.385	-4867.227	549.8422	1.593268	3.062219	1.021878	1.729207
24768	-4313.516	-4862.793	549.2774	1.36825	3.083507	1.004816	2.262504
24774	-4326.003	-4875.367	549.3647	1.330861	3.322588	0.7649558	2.337611
24780	-4298.971	-4847.72	548.7495	1.28221	3.322588	0.9212274	2.641797
24786	-4307.832	-4857.541	549.7089	1.491881	3.322588	0.7350394	2.033909
24792	-4307.458	-4856.607	549.1492	1.326892	4.096996	0.7429962	2.317649
24798	-4334.469	-4883.865	549.3961	1.398447	4.096996	0.8202269	2.050838
24804	-4319.583	-4868.701	549.1188	1.490438	3.038954	1.194888	2.18372
24810	-4331.05	-4880.455	549.4047	1.484189	3.061001	0.897311	2.18372
24816	-4316.713	-4865.509	548.7962	1.303661	3.758307	0.809982	2.576068
24822	-4338.158	-4886.815	548.6571	1.24961	3.758307	0.809982	2.695233
24828	-4340.948	-4889.013	548.0651	1.182129	3.758307	0.9417379	3.006882
24834	-4337.106	-4884.831	547.7252	1.091877	3.758307	0.8305438	3.334576
24840	-4331.588	-4879.323	547.7349	1.040067	3.758307	0.8358785	3.355755
24846	-4331.442	-4879.106	547.6634	1.19962	3.758307	0.8358785	3.303917
24852	-4347.431	-4896.035	548.6043	1.117551	4.047224	0.903582	2.683299
24858	-4318.475	-4866.664	548.1896	1.15554	3.849988	0.8270386	3.004342
24864	-4311.64	-4859.685	548.0448	1.163446	3.849988	0.952374	3.004342
24870	-4325.032	-4874.105	549.0724	1.310024	3.849988	0.930719	2.293644
24876	-4336.17	-4885.267	549.0964	1.533164	3.849988	1.032834	2.066026
24882	-4347.232	-4896.667	549.4355	1.514926	3.849988	1.032834	1.850478
24888	-4336.544	-4885.387	548.8429	1.514926	3.997108	0.8817655	2.310834
24894	-4323.807	-4873.191	549.3843	1.466972	3.997108	0.8619057	2.003871
24900	-4333.249	-4882.758	549.509	1.431424	3.625453	0.8619057	2.03115
24906	-4328.916	-4878.249	549.3335	1.370678	3.625453	0.8910548	2.165099
24912	-4332.558	-4881.21	548.6523	1.354581	3.625453	1.127809	2.459669
24918	-4343.471	-4892.553	549.082	1.276248	3.625453	0.8493838	2.416025
24924	-4361.69	-4909.714	548.0248	1.241784	2.168265	0.8810498	3.444894
24930	-4348.192	-4895.979	547.7862	1.124444	3.273824	1.163573	3.188127
24936	-4343.812	-4892.25	548.4379	1.239613	2.779193	1.163573	2.853823
24942	-4332.456	-4880.205	547.7485	1.151937	3.30619	0.9990306	3.278507
24948	-4332.253	-4880.273	548.0208	1.200747	2.566068	0.9990306	3.278507
24954	-4345.431	-4893.848	548.4169	1.277215	2.870495	0.9765062	2.926836
24960	-4335.654	-4884.222	548.5682	1.134882	2.334149	0.9196665	3.110303
24966	-4339.801	-4887.887	548.086	1.19369	3.316569	0.7982452	3.180697
24972	-4326.716	-4874.968	548.2514	1.268663	3.316569	0.7647378	3.061521
24978	-4312.07	-4860.306	548.2369	1.260248	3.76958	0.7705047	2.970124
24984	-4343.901	-4893.316	549.415	1.337783	2.481266	1.046265	2.342228
24990	-4336.014	-4885.353	549.3391	1.342648	2.779563	1.046265	2.297645
24996	-4319.928	-4869.008	549.0802	1.271262	3.501177	0.8603807	2.441475
25002	-4330.634	-4879.422	548.7883	1.175848	3.501177	1.046201	2.562918
25008	-4329.664	-4878.204	548.5397	1.20722	3.299564	0.9546125	2.800323
25014	-4318.827	-4867.628	548.801	1.186492	3.594981	0.8697801	2.639881
25020	-4319.69	-4868.499	548.8087	1.270767	3.155207	1.033144	2.583172
25026	-4317.668	-4865.267	547.5988	1.47056	3.155207	1.998671	2.761824
25032	-4319.834	-4868.113	548.279	1.421687	3.60884	1.515751	2.457692
25038	-4310.043	-4858.309	548.2656	1.421687	3.60884	1.08719	2.68515
25044	-4327.827	-4876.837	549.0099	1.293599	3.60884	1.059987	2.31597
25050	-4313.051	-4861.903	548.8524	1.243412	3.60884	0.8352094	2.593855
25056	-4315.855	-4864.476	548.6203	1.285624	3.852284	0.8623031	2.638689
25062	-4325.902	-4874.721	548.8197	1.225368	3.467972	0.8623031	2.638689
25068	-4319.027	-4867.421	548.3945	1.279678	3.048939	0.820879	2.994262
25074	-4319.501	-4869.126	549.6255	1.321484	2.89357	0.8101703	2.255756
25080	-4324.754	-4874.16	549.4059	1.482701	3.062352	1.055694	2.078052
25086	-4321.487	-4870.675	549.188	1.466629	3.062352	1.319043	2.079403
25092	-4320.135	-4868.729	548.5939	1.382399	3.212314	1.319043	2.474897
25098	-4320.571	-4869.257	548.6859	1.246807	3.212314	1.302493	2.51057
25104	-4304.855	-4853.803	548.9478	1.304029	2.807595	1.160285	2.494435
25110	-4317.96	-4865.596	547.6355	1.153281	2.897054	1.24045	3.313189
25116	-4307.448	-4854.884	547.4361	1.203081	3.112844	1.242267	3.346403
25122	-4327.237	-4876.85	549.6131	1.442263	3.058883	1.00741	1.999769
25128	-4315.956	-4865.047	549.0917	1.43931	3.530213	1.024602	2.210616
25134	-4308.09	-4856.931	548.8404	1.282171	3.530213	1.024602	2.470374
25140	-4323.544	-4872.911	549.3662	1.34982	3.530213	0.7414056	2.29252
25146	-4326.064	-4875.742	549.6776	1.448404	3.442499	0.7551248	2.036274
25152	-4319.586	-4869.388	549.802	1.529283	3.136986	0.7061352	2.02109
25158	-4333.841	-4884.042	550.2009	1.627403	3.136986	0.7061352	1.680208
25164	-4324.502	-4874.118	549.616	1.473958	3.136986	0.8265704	2.083482
25170	-4329.379	-4878.851	549.472	1.488438	2.955359	0.7683877	2.2619
25176	-4321.492	-4870.889	549.3969	1.571051	3.248341	0.9377174	2.053749
25182	-4342.772	-4892.237	549.4657	1.405579	3.212603	0.8496045	2.189061
25188	-4347.632	-4896.708	549.0759	1.373122	2.848645	1.119424	2.382174
25194	-4322.142	-4870.912	548.7698	1.31915	3.105091	1.119424	2.539336
25200	-4323.607	-4872.611	549.0032	1.35598	2.874789	0.9838305	2.513502
25206	-4321.377	-4870.805	549.4279	1.367188	3.417611	0.8867693	2.159547
25212	-4324.925	-4873.991	549.0661	1.321436	4.003739	0.6634435	2.458587
25218	-4333.489	-4882.583	549.094	1.285229	3.853559	0.9340513	2.292596
25224	-4336.783	-4886.072	549.2885	1.437414	3.056759	1.055088	2.186261
25230	-4333.103	-4881.87	548.767	1.308994	3.057907	1.142433	2.546522
25236	-4331.677	-4881.145	549.4682	1.439168	2.981977	0.8066996	2.259272
25242	-4335.453	-4884.689	549.2358	1.386178	3.07246	0.8983497	2.351196
25248	-4323.216	-4872.935	549.7192	1.508205	2.915661	0.8757038	2.017762
25254	-4343.777	-4893.972	550.1949	1.590115	2.524289	0.9483922	1.706209
25260	-4327.717	-4877.144	549.4272	1.573814	3.029195	1.249926	1.895482
25266	-4322.991	-4872.921	549.9302	1.554586	2.828161	1.132012	1.692085
25272	-4333.456	-4883.397	549.9409	1.496609	3.743205	0.7155531	1.78396
25278	-4339.019	-4888.714	549.6945	1.466704	3.743205	0.7155531	1.972299
25284	-4330.958	-4879.636	548.677	1.364264	3.743205	1.239027	2.349316
25290	-4308.626	-4857.961	549.3354	1.404933	3.743205	0.9370934	2.081533
25296	-4315.779	-4864.921	549.1414	1.31728	3.576356	0.7312751	2.452764
25302	-4315.44	-4864.958	549.518	1.461016	3.086147	0.8590154	2.145776
25308	-4313.364	-4862.659	549.295	1.519374	3.086147	1.015648	2.145776
25314	-4328.7	-4878.436	549.7365	1.423139	2.883638	0.8769956	2.070893
25320	-4326.883	-4876.05	549.1672	1.440972	3.846428	0.9453541	2.138733
25326	-4343.495	-4893.351	549.8558	1.559331	3.286656	0.9284973	1.746294
25332	-4337.19	-4887.426	550.2361	1.602304	2.958386	0.9284973	1.539118
25338	-4335.357	-4885.719	550.3618	1.658341	2.958386	0.9284973	1.401316
25344	-4326.455	-4876.404	549.9497	1.535474	3.473163	0.9284973	1.645625
25350	-4325.36	-4875.319	549.9594	1.587144	2.675875	0.9908341	1.792174
25356	-4332.563	-4882.366	549.8025	1.486802	3.275766	0.9908341	1.792174
25362	-4322.163	-4871.569	549.4064	1.413927	3.478859	0.9908341	2.056152
25368	-4324.96	-4874.92	549.9605	1.58764	2.697883	0.9811278	1.790759
25374	-4316.333	-4866.408	550.0749	1.58764	2.716303	0.9811278	1.704664
25380	-4341.304	-4891.33	550.0259	1.416301	3.59085	0.7784424	1.76465
25386	-4315.834	-4865.736	549.9025	1.445446	3.526742	0.881047	1.76465
25392	-4331.304	-4881.233	549.9285	1.596019	3.289075	0.944416	1.656327
25398	-4305.509	-4855.09	549.5812	1.551571	3.654658	0.944416	1.834085
25404	-4297.324	-4846.934	549.6103	1.484014	3.549077	0.944416	1.886904
25410	-4309.361	-4857.59	548.229	1.312125	3.8524	0.944416	2.807802
25416	-4317.322	-4866.221	548.8988	1.253662	3.770531	0.8225671	2.531596
25422	-4311.635	-4860.339	548.7042	1.331642	3.375636	1.073788	2.531596
25428	-4342.669	-4891.339	548.6699	1.246282	3.437808	0.9508373	2.666403
25434	-4332.119	-4880.475	548.3566	1.179612	3.437808	0.9508373	2.898038
25440	-4328.586	-4876.995	548.4091	1.181326	3.650959	0.9508373	2.817186
25446	-4331.39	-4880.817	549.427	1.443203	4.562208	0.8353946	1.889982
25452	-4333.213	-4882.679	549.4664	1.388187	4.562208	0.8353946	1.900627
25458	-4325.291	-4874.677	549.3856	1.353093	4.562208	0.8011052	2.005297
25464	-4314.83	-4863.975	549.1448	1.257654	4.12528	0.9094713	2.23565
25470	-4331.392	-4880.701	549.3096	1.421155	3.300867	0.9094713	2.21462
25476	-4345.32	-4894.242	548.9216	1.278986	3.854959	0.9094713	2.422259
25482	-4338.387	-4886.594	548.2068	1.249031	3.854959	0.8913016	2.893294
25488	-4326.845	-4876.112	549.2676	1.312787	3.383196	1.014637	2.221058
25494	-4344.582	-4893.534	548.9523	1.270918	4.01309	0.8976797	2.381933
25500	-4338.083	-4887.08	548.9974	1.326667	3.106221	0.9722894	2.481111
25506	-4328.235	-4877.686	549.4511	1.322644	3.106221	0.8363241	2.289455
25512	-4334.891	-4883.597	548.7065	1.219641	3.106221	0.8363241	2.816943
25518	-4314.606	-4863.377	548.7709	1.101605	3.359119	0.8363241	2.788011
25524	-4318.429	-4867.782	549.3533	1.418691	3.779353	0.8568741	2.109508
25530	-4321.692	-4871.383	549.6916	1.426972	3.780897	0.8661909	1.870656
25536	-4330.889	-4880.799	549.9101	1.601838	3.370058	0.8661909	1.702757
25542	-4324.454	-4873.515	549.061	1.468733	3.370058	0.8661909	2.356294
25548	-4314.286	-4863.905	549.6187	1.485169	3.370058	0.8661909	1.983017
25554	-4321.378	-4871.103	549.7256	1.547159	4.08015	0.8661909	1.692413
25560	-4321.057	-4871.307	550.2498	1.603973	4.08015	0.5497359	1.570867
25566	-4322.15	-4872.328	550.1779	1.585591	3.274242	0.5929979	1.796108
25572	-4320.789	-4870.216	549.4271	1.417421	3.293233	0.8323875	2.198258
25578	-4322.584	-4872.029	549.4444	1.417421	3.359565	0.9553933	2.082718
25584	-4324.014	-4873.744	549.7299	1.602471	3.359565	1.077121	1.67979
25590	-4316.874	-4866.604	549.73	1.570517	3.359565	0.9899688	1.76214
25596	-4321.205	-4870.115	548.9098	1.335344	3.150442	1.028539	2.483939
25602	-4320.781	-4869.634	548.8538	1.27556	3.408006	0.8202587	2.630279
25608	-4320.44	-4869.196	548.7561	1.164835	3.408006	0.8816987	2.715841
25614	-4312.617	-4860.951	548.3347	1.15513	3.408006	0.9804401	2.914602
25620	-4308.418	-4856.902	548.4837	1.327229	3.408006	1.085373	2.656429
25626	-4315.01	-4863.497	548.487	1.24199	3.408006	1.133165	2.679627
25632	-4327.316	-4875.852	548.5353	1.334569	3.408006	1.105889	2.608252
25638	-4314.064	-4863.38	549.3154	1.355196	3.408006	0.7736236	2.325682
25644	-4322.671	-4872.167	549.4963	1.540144	3.408006	0.7736236	2.089136
25650	-4315.356	-4864.953	549.5972	1.422792	3.408006	0.76177	2.109424
25656	-4303.528	-4852.831	549.3031	1.459095	3.408006	0.7306109	2.301182
25662	-4299.112	-4849.215	550.1033	1.67287	3.339326	1.121474	1.321067
25668	-4309.886	-4860.097	550.2105	1.606497	3.339326	0.8693863	1.486509
25674	-4307.553	-4857.55	549.9971	1.641502	3.84137	0.8637219	1.486509
25680	-4317.296	-4867.153	549.857	1.600883	3.517745	0.7100546	1.831535
25686	-4321.817	-4871.193	549.3758	1.558902	3.517745	1.072194	1.91687
25692	-4328.135	-4877.788	549.6534	1.374357	2.981045	1.072194	1.998161
25698	-4311.811	-4861.172	549.3608	1.544895	2.772598	1.089246	2.12862
25704	-4317.312	-4866.702	549.3894	1.510599	3.375759	0.7970706	2.168112
25710	-4313.271	-4863.079	549.8077	1.550574	3.375759	0.7970706	1.86315
25716	-4334.884	-4884.647	549.7624	1.540115	3.375759	0.9316897	1.798167
25722	-4338.259	-4887.898	549.6386	1.565686	3.35798	1.05567	1.784645
25728	-4312.959	-4862.426	549.4664	1.544332	3.632164	0.9553636	1.915131
25734	-4298.444	-4847.289	548.8454	1.372795	3.36471	1.120161	2.392662
25740	-4300.999	-4848.723	547.7234	1.22524	3.36471	1.181587	3.134911
25746	-4311.069	-4858.826	547.7568	1.477207	3.578148	1.029809	3.000467
25752	-4325.06	-4872.878	547.8181	1.231541	2.710473	1.029809	3.321819
25758	-4302.087	-4849.934	547.8471	1.266245	3.398876	1.014585	3.121838
25764	-4331.452	-4880.26	548.8078	1.267389	3.424305	1.014585	2.531174
25770	-4313.022	-4861.811	548.7894	1.328307	3.314329	1.014585	2.531174
25776	-4327.682	-4876.375	548.6928	1.307274	3.721638	0.8663944	2.606095
25782	-4323.27	-4872.614	549.3442	1.506767	3.144562	1.178152	2.005828
25788	-4327.574	-4876.54	548.9663	1.418089	3.443024	0.9115327	2.399236
25794	-4311.034	-4859.78	548.7469	1.4725	3.415372	1.135247	2.370888
25800	-4310.973	-4860.021	549.0477	1.365746	3.238603	1.135247	2.291318
25806	-4337.074	-4886.256	549.1815	1.403471	3.238603	1.317722	2.078582
25812	-4347.346	-4896.494	549.1481	1.312151	3.262355	1.133941	2.25602
25818	-4322.1	-4870.304	548.2041	1.249394	3.262355	1.133941	2.881797
25824	-4339.407	-4887.417	548.0102	1.380258	3.262355	1.531986	2.724434
25830	-4340.492	-4888.732	548.2394	1.370072	3.549685	1.571205	2.503512
25836	-4321.026	-4869.501	548.4751	1.414191	3.164395	1.395465	2.503512
25842	-4319.782	-4868.185	548.4029	1.366529	3.177221	1.549318	2.503512
25848	-4333.459	-4882.444	548.9845	1.330618	2.536311	0.9601212	2.652785
25854	-4336.784	-4885.894	549.1103	1.447061	2.778664	1.188217	2.293933
25860	-4310.521	-4859.103	548.5823	1.291493	3.709297	0.8596334	2.691328
25866	-4302.639	-4852.358	549.7191	1.485541	2.996937	0.90516	1.988183
25872	-4299.683	-4848.477	548.7942	1.362342	2.925715	1.068381	2.574119
25878	-4302.565	-4851.284	548.7185	1.337848	2.925715	1.068381	2.636146
25884	-4328.57	-4877.976	549.4066	1.423968	2.836581	0.8665034	2.305212
25890	-4315.545	-4864.944	549.3991	1.512358	3.833369	0.8784859	1.988852
25896	-4332.604	-4881.418	548.8134	1.285436	3.833369	0.9526825	2.462304
25902	-4322.186	-4871.095	548.9091	1.300465	3.684458	0.8943345	2.464799
25908	-4341.076	-4889.892	548.8166	1.337589	3.234373	0.9467731	2.570963
25914	-4336.953	-4886.668	549.7149	1.497046	3.219915	0.8304957	1.977253
25920	-4338.742	-4888.371	549.6291	1.39492	3.358766	1.075524	1.895176
25926	-4338.54	-4888.06	549.5192	1.467402	3.530735	1.054263	1.889964
25932	-4341.998	-4891.623	549.6246	1.343792	3.530735	0.771698	2.104908
25938	-4322.708	-4872.141	549.4332	1.441541	3.638047	0.771698	2.140332
25944	-4345.584	-4894.994	549.4094	1.417321	3.772129	0.771698	2.140332
25950	-4339.488	-4888.844	549.3565	1.470241	3.772129	0.771698	2.140332
25956	-4351.925	-4901.5	549.5753	1.45937	3.174	0.7401562	2.177443
25962	-4378.853	-4927.022	548.169	1.212564	4.173477	0.8551791	2.897714
25968	-4360.677	-4910.462	549.7851	1.451124	4.173477	0.7743807	1.771342
25974	-4340.917	-4890.694	549.7774	1.507293	3.58578	0.691101	1.948888
25980	-4349.277	-4899.139	549.862	1.489157	3.50124	0.6215846	1.988909
25986	-4349.916	-4899.796	549.8794	1.443172	3.50124	0.7008052	1.936019
25992	-4353.336	-4902.669	549.3323	1.48341	3.180162	0.7043435	2.345653
25998	-4353.064	-4902.538	549.4736	1.342116	3.180162	0.7043435	2.345653
26004	-4338.304	-4887.476	549.1728	1.402482	2.821332	0.8989831	2.448615
26010	-4335.355	-4884.973	549.6178	1.443651	2.821332	0.7940995	2.214765
26016	-4331.209	-4880.855	549.646	1.415415	2.821332	0.7940995	2.214765
26022	-4346.599	-4895.862	549.2625	1.492332	3.274568	0.9002555	2.212196
26028	-4339.405	-4889.16	549.7556	1.587366	3.525673	0.9002555	1.753821
26034	-4356.023	-4905.947	549.9245	1.516347	3.525673	0.8820285	1.698886
26040	-4340.829	-4890.642	549.8131	1.451315	2.773498	0.8820285	2.030401
26046	-4333.031	-4883.184	550.1531	1.632272	2.773498	0.8820285	1.67317
26052	-4320.825	-4870.58	549.755	1.480805	2.689062	0.9684572	2.014247
26058	-4315.205	-4864.962	549.7569	1.582313	2.901977	0.9429739	1.898148
26064	-4339.236	-4889.184	549.9484	1.704806	3.426005	0.9429739	1.524778
26070	-4341.628	-4891.913	550.285	1.706145	3.619506	0.9429739	1.199938
26076	-4324.238	-4874.558	550.3195	1.689939	3.432562	0.9429739	1.243443
26082	-4329.901	-4880.266	550.365	1.695344	3.432562	0.9429739	1.200342
26088	-4318.076	-4868.43	550.3542	1.676394	3.432562	0.7589148	1.394072
26094	-4341.459	-4891.495	550.0366	1.616822	3.432562	0.8324369	1.61157
26100	-4326.959	-4877.245	550.2861	1.607309	3.432562	0.7437301	1.512993
26106	-4349.626	-4899.621	549.9948	1.566694	3.432562	0.8196808	1.688079
26112	-4335.212	-4885.231	550.019	1.570811	3.432562	1.012969	1.517141
26118	-4321.859	-4872.261	550.4013	1.558814	2.907864	0.8146715	1.558544
26124	-4334.235	-4884.463	550.2281	1.59718	2.907864	0.8146715	1.656412
26130	-4334.451	-4884.793	550.3414	1.609688	3.148139	0.8639865	1.447247
26136	-4327.996	-4877.944	549.948	1.543544	3.148139	0.7574116	1.866608
26142	-4318.962	-4868.857	549.8957	1.498174	3.354924	0.67584	1.947713
26148	-4322.24	-4871.301	549.0617	1.302576	3.491961	0.7349787	2.52856
26154	-4304.024	-4853.115	549.0917	1.369728	3.491961	0.7410845	2.463022
26160	-4327.729	-4876.754	549.025	1.501079	3.849337	0.7013245	2.37284
26166	-4330.18	-4878.958	548.7773	1.199041	3.202143	0.943315	2.69097
26172	-4319.785	-4867.961	548.176	1.20857	3.202143	1.12519	2.942812
26178	-4317.005	-4865.389	548.384	1.220941	3.27679	1.12519	2.791247
26184	-4327.888	-4875.818	547.9301	1.218915	2.734983	1.12519	3.20321
26190	-4327.075	-4874.571	547.4968	1.15108	3.16804	1.109694	3.396891
26196	-4319.251	-4867.041	547.7903	1.200498	3.163251	0.8884339	3.327024
26202	-4309.731	-4857.489	547.7585	1.222922	4.03177	0.8293974	3.182719
26208	-4341.778	-4888.955	547.1772	1.102153	3.645477	0.8293974	3.672587
26214	-4346.202	-4894.193	547.9907	1.300223	4.056903	0.6480199	3.129097
26220	-4347.228	-4895.418	548.1899	1.288478	4.056903	0.959244	2.794304
26226	-4335.025	-4884.218	549.1934	1.306208	3.459099	0.733129	2.453114
26232	-4323.87	-4872.223	548.3531	1.308813	3.692899	0.7655015	2.890921
26238	-4349.967	-4898.319	548.3515	1.350645	3.692899	0.9858716	2.71787
26244	-4333.34	-4882.207	548.867	1.345559	3.067315	0.9858716	2.552173
26250	-4325.375	-4873.229	547.8542	1.336884	3.065484	1.53382	2.893703
26256	-4337.586	-4886.141	548.5545	1.217065	3.343106	1.08972	2.693519
26262	-4327.727	-4876.291	548.5648	1.303872	3.234816	1.072172	2.670311
26268	-4317.955	-4866.685	548.73	1.319719	3.054922	1.224265	2.518786
26274	-4311.176	-4859.914	548.738	1.374788	3.054922	1.131543	2.530532
26280	-4322.87	-4871.201	548.3312	1.210744	3.206361	0.8383449	3.022696
26286	-4313.913	-4863.265	549.3524	1.454157	4.526226	0.8383449	1.938185
26292	-4318.338	-4867.712	549.3745	1.461979	3.463413	0.9677446	2.06484
26298	-4319.226	-4868.747	549.5205	1.453826	3.463413	1.114547	1.87693
26304	-4342.718	-4891.662	548.9432	1.439193	3.517933	1.450365	2.072633
26310	-4346.626	-4895.771	549.1451	1.359704	3.249864	0.710523	2.518707
26316	-4334.699	-4884.464	549.7655	1.336146	3.249864	0.7541052	2.10259
26322	-4322.525	-4871.72	549.1948	1.390444	3.249864	0.911406	2.319628
26328	-4330.662	-4879.975	549.3133	1.300067	3.369201	0.8443135	2.31894
26334	-4326.282	-4874.414	548.1319	1.333618	3.369201	1.269854	2.777194
26340	-4320.512	-4868.525	548.0125	1.308961	3.369201	1.372099	2.814494
26346	-4334.846	-4883.192	548.3458	1.327069	2.990241	1.406629	2.677249
26352	-4334.566	-4882.805	548.2384	1.155412	3.418673	1.213585	2.838277
26358	-4350.036	-4898.704	548.6675	1.287799	3.560004	1.213585	2.459309
26364	-4347.798	-4896.742	548.9441	1.246238	3.560004	0.9760933	2.45139
26370	-4329.634	-4879.248	549.6136	1.426909	3.408158	0.883414	2.00276
26376	-4329.245	-4877.38	548.1352	1.456849	3.408158	1.155851	2.750985
26382	-4323.153	-4872.656	549.5031	1.45891	3.408158	1.155851	1.874048
26388	-4332.214	-4881.532	549.318	1.41189	3.415833	0.9901835	2.131744
26394	-4338.313	-4886.817	548.5038	1.147366	3.415833	0.9901835	2.809039
26400	-4324.642	-4873.326	548.684	1.400508	3.415833	1.342655	2.344244
26406	-4314.037	-4862.893	548.8563	1.277385	3.161444	1.197752	2.453051
26412	-4337.53	-4885.928	548.3982	1.238072	3.161444	1.158689	2.781896
26418	-4333.8	-4882.613	548.8133	1.342735	3.711479	0.7540055	2.593247
26424	-4327.659	-4876.55	548.8907	1.229279	3.711479	0.8897967	2.517814
26430	-4320.776	-4869.471	548.6957	1.357631	3.594995	0.8897967	2.585565
26436	-4331.908	-4880.01	548.1022	1.350155	3.027855	1.216502	2.896305
26442	-4327.922	-4877.276	549.3538	1.439386	3.863601	0.9098813	2.037814
26448	-4322.551	-4871.813	549.262	1.48383	3.259112	1.190456	2.037814
26454	-4316.254	-4865.2	548.9459	1.360812	3.297007	1.02807	2.408628
26460	-4309.126	-4857.554	548.4288	1.136594	3.297007	1.028875	2.865794
26466	-4325.634	-4872.88	547.2456	1.130551	3.297007	1.118894	3.520641
26472	-4321.497	-4868.823	547.3267	1.230533	3.396475	1.118894	3.392147
26478	-4312.809	-4861.605	548.7963	1.39205	3.081038	1.140003	2.471704
26484	-4315.638	-4865.053	549.4153	1.567039	3.081038	1.515105	1.750227
26490	-4322.275	-4871.648	549.3728	1.45725	3.587051	1.035819	1.99339
26496	-4310.401	-4859.956	549.5551	1.531691	3.788233	1.035819	1.769182
26502	-4325.719	-4875.135	549.4165	1.409803	3.788233	0.8802143	2.054659
26508	-4324.369	-4874.087	549.7181	1.516006	3.788233	0.6727375	1.950332
26514	-4342.672	-4892.138	549.4659	1.443197	4.658411	0.6727375	1.979838
26520	-4333.591	-4883.319	549.7283	1.349617	3.794314	0.8658219	1.895385
26526	-4330.332	-4880.45	550.1179	1.557668	3.465023	0.748166	1.659073
26532	-4337.767	-4887.142	549.3752	1.359853	3.473226	0.6454394	2.374073
26538	-4316.787	-4864.983	548.1954	1.237206	3.106652	0.7931001	3.143667
26544	-4325.205	-4873.166	547.9607	1.1542	3.270675	0.7820366	3.300244
26550	-4323.904	-4872.298	548.3934	1.182978	3.753576	0.7820366	2.917431
26556	-4316.562	-4864.427	547.8655	1.115324	3.753576	0.8560468	3.221864
26562	-4295.921	-4844.345	548.4239	1.222557	3.227247	0.9086819	2.908035
26568	-4330.465	-4879.68	549.2148	1.196502	3.227247	0.8225359	2.497457
26574	-4320.741	-4869.975	549.2333	1.302966	3.227247	0.8080705	2.42964
26580	-4327.407	-4875.789	548.3818	1.229589	3.473505	0.9353038	2.854166
26586	-4320.351	-4868.746	548.3947	1.17206	3.150609	0.79846	3.049089
26592	-4318.905	-4867.662	548.7563	1.195497	3.150609	1.083142	2.63367
26598	-4337.132	-4886.319	549.1864	1.335563	3.150609	0.9173194	2.381222
26604	-4331.556	-4880.696	549.1403	1.349326	3.528466	1.018954	2.241329
26610	-4323.441	-4872.699	549.2575	1.324057	2.842174	1.000872	2.371998
26616	-4330.467	-4879.578	549.1112	1.367727	2.842174	0.8838753	2.51344
26622	-4317.27	-4866.247	548.9766	1.170581	2.710729	0.7990145	2.813776
26628	-4324.522	-4873.196	548.6745	1.20214	2.78862	0.8846835	2.897164
26634	-4316.323	-4863.954	547.6303	1.155097	2.78862	0.9967981	3.47497
26640	-4323.019	-4871.465	548.446	1.222203	2.838029	0.7929042	3.071948
26646	-4318.828	-4867.358	548.5298	1.165739	3.595548	0.8564073	2.827542
26652	-4330.836	-4879.726	548.8904	1.247496	3.404081	0.8564073	2.600413
26658	-4331.643	-4880.805	549.1622	1.338458	3.05911	0.8564073	2.460467
26664	-4324.236	-4874.065	549.8293	1.466658	3.373288	0.6346422	2.045824
26670	-4343.815	-4893.665	549.8499	1.466658	3.253544	0.6346422	2.063247
26676	-4342.304	-4892.094	549.7907	1.534485	3.253544	0.7739635	1.936913
26682	-4331.651	-4881.404	549.7534	1.52598	3.253544	1.039812	1.771582
26688	-4309.069	-4858.879	549.8107	1.53067	3.207952	0.9955121	1.771582
26694	-4333.137	-4882.781	549.644	1.466595	3.207952	0.9955121	1.929707
26700	-4310.159	-4859.713	549.5545	1.471345	2.986336	1.086143	1.989174
26706	-4335.868	-4885.586	549.7185	1.625685	2.986336	1.200581	1.699595
26712	-4343.865	-4893.698	549.8322	1.563537	2.882526	1.322756	1.621475
26718	-4324.033	-4873.568	549.5348	1.542007	3.00574	1.322756	1.809095
26724	-4322.023	-4871.775	549.7522	1.531848	2.865865	1.150586	1.809095
26730	-4323.534	-4873.32	549.7858	1.534475	3.425511	1.007967	1.717878
26736	-4328.431	-4878.234	549.8036	1.597529	3.009642	1.007967	1.778292
26742	-4305.962	-4856.345	550.3829	1.672285	3.009642	0.7288111	1.53296
26748	-4322.738	-4872.873	550.1346	1.636217	3.394518	0.905649	1.475317
26754	-4337.252	-4887.621	550.3689	1.675169	2.459055	1.167152	1.382408
26760	-4333.062	-4883.697	550.6342	1.843066	2.483349	1.003683	1.140547
26766	-4318.404	-4868.767	550.363	1.828919	3.461953	1.003683	1.013372
26772	-4311.218	-4861.592	550.3741	1.800453	3.461953	0.8896686	1.140619
26778	-4327.732	-4878.316	550.5848	1.6862	3.461953	0.7732665	1.173401
26784	-4329.307	-4879.132	549.8257	1.55684	3.461953	0.7732665	1.843498
26790	-4326.798	-4876.249	549.4517	1.451307	3.461953	0.8664299	2.092584
26796	-4321.371	-4871.171	549.8005	1.490442	3.030639	0.8664299	1.949204
26802	-4303.852	-4853.51	549.6583	1.451789	3.030639	1.080443	1.923552
26808	-4326.852	-4876.979	550.1272	1.454074	3.77581	0.6853868	1.702603
26814	-4317.456	-4867.762	550.3068	1.548556	3.18628	0.6599818	1.690142
26820	-4323.73	-4873.809	550.0788	1.611568	3.318061	0.7426479	1.693749
26826	-4325.089	-4875.406	550.317	1.706446	3.245758	0.8220145	1.397838
26832	-4326.375	-4876.613	550.2384	1.680499	3.170531	0.8220145	1.500809
26838	-4318.628	-4868.619	549.9911	1.626195	3.585771	0.8391352	1.590551
26844	-4315.941	-4865.884	549.9432	1.48659	3.585771	0.8006696	1.756154
26850	-4320.046	-4870.09	550.0433	1.48924	2.966122	0.7284478	1.915033
26856	-4322.329	-4871.865	549.5363	1.466765	2.966122	0.8158531	2.195027
26862	-4336.591	-4886.016	549.4253	1.437068	2.93722	0.9118329	2.224761
26868	-4315.858	-4865.199	549.3405	1.339771	3.803281	0.9118329	2.12462
26874	-4326.517	-4876.426	549.9088	1.492636	3.09995	0.9887689	1.765179
26880	-4324.477	-4874.16	549.6829	1.57659	3.09995	1.13721	1.765179
26886	-4329.049	-4878.784	549.7346	1.390127	3.017516	0.9461695	2.006733
26892	-4339.211	-4889.553	550.3426	1.435819	3.214613	0.7776507	1.629408
26898	-4326.595	-4876.435	549.8406	1.480426	3.510627	0.8280307	1.828749
26904	-4324.709	-4874.341	549.6317	1.542651	3.738598	0.8846151	1.828749
26910	-4327.975	-4877.982	550.0074	1.482145	3.005418	1.009313	1.716714
26916	-4332.509	-4882.246	549.7372	1.526738	3.005418	1.009313	1.873104
26922	-4339.316	-4889.122	549.8059	1.502581	2.887164	1.057856	1.845109
26928	-4348.147	-4897.554	549.407	1.465485	2.887164	0.8463776	2.278624
26934	-4344.034	-4892.971	548.9373	1.157422	2.887164	0.8463776	2.764029
26940	-4316.615	-4865.567	548.9522	1.272876	2.928607	0.8638049	2.661071
26946	-4327.535	-4876.47	548.9354	1.272876	3.334609	0.9001552	2.543519
26952	-4335.824	-4885.193	549.3689	1.413946	3.334609	1.011709	2.103535
26958	-4328.341	-4876.922	548.5811	1.314402	3.329871	1.011709	2.666772
26964	-4333.28	-4882.495	549.2153	1.245127	3.329871	0.8741494	2.40447
26970	-4329.828	-4878.616	548.7878	1.277804	3.300949	1.169958	2.476068
26976	-4310.454	-4859.395	548.9409	1.236948	3.025349	1.169958	2.476068
26982	-4337.995	-4886.651	548.6565	1.39079	3.353251	1.167615	2.476068
26988	-4333.331	-4882.056	548.7251	1.352249	3.053181	0.9841188	2.640701
26994	-4331.061	-4879.92	548.8587	1.283347	3.530763	0.879035	2.552524
27000	-4322.446	-4871.45	549.0036	1.247913	3.430973	0.879035	2.507757
27006	-4337.449	-4886.538	549.0892	1.39441	2.992277	0.9296709	2.438789
27012	-4337.51	-4887.572	550.062	1.486812	2.992277	0.6334033	1.981528
27018	-4342.372	-4891.579	549.2071	1.25249	2.992277	0.6334033	2.676455
27024	-4313.369	-4862.39	549.0212	1.271748	3.674648	0.6855091	2.570695
27030	-4308.725	-4857.57	548.8447	1.334381	3.579751	0.6855091	2.662513
27036	-4294.582	-4843.82	549.2375	1.26902	3.579751	0.7801666	2.383861
27042	-4301.478	-4850.706	549.2276	1.314614	3.282819	0.8085551	2.411585
27048	-4317.745	-4866.258	548.513	1.271825	3.282819	1.088869	2.70043
27054	-4304.315	-4852.852	548.5378	1.379985	3.282819	0.9538377	2.70043
27060	-4319.203	-4867.625	548.4217	1.219222	3.282819	1.094866	2.78499
27066	-4325.927	-4875.441	549.5142	1.38405	3.282819	1.015448	2.038451
27072	-4328.131	-4876.279	548.1481	1.38405	3.612735	1.015448	2.821322
27078	-4313.886	-4863.476	549.5899	1.365711	3.535665	0.8409608	2.058592
27084	-4319.352	-4868.505	549.1529	1.365711	3.209936	0.8988946	2.380634
27090	-4305.747	-4854.969	549.2224	1.334191	2.871697	1.059873	2.34291
27096	-4319.182	-4868.631	549.4483	1.342204	2.618493	0.8831097	2.382637
27102	-4317.772	-4867.249	549.4763	1.387781	3.1889	0.8831097	2.175717
27108	-4325.004	-4874.681	549.6774	1.349078	3.1889	0.8831097	2.069491
27114	-4330.52	-4878.866	548.3468	1.202947	3.1889	0.8831097	2.992242
27120	-4329.608	-4878.211	548.6037	1.249493	3.188606	0.8831097	2.809
27126	-4346.507	-4895.01	548.5031	1.367864	3.123726	0.7965259	2.874101
27132	-4345.239	-4894.209	548.9704	1.229243	3.040092	0.7965259	2.695004
27138	-4330.417	-4879.951	549.5345	1.409861	2.996602	0.8383481	2.207835
27144	-4326.35	-4875.182	548.8325	1.166263	2.552905	1.127649	2.742344
27150	-4324.755	-4872.768	548.013	1.235651	3.076157	1.228074	3.000811
27156	-4334.974	-4883.383	548.4093	1.208224	3.099211	1.228074	2.771918
27162	-4337.52	-4886.103	548.5828	1.243455	3.078304	1.010694	2.771918
27168	-4316.427	-4865.224	548.797	1.277849	3.078304	1.010694	2.619304
27174	-4312.107	-4861.562	549.455	1.442191	2.869463	0.9793171	2.175839
27180	-4308.547	-4858.022	549.4742	1.460353	3.146448	0.9274974	2.109858
27186	-4297.611	-4847.706	550.0958	1.463763	3.041158	0.9285884	1.714998
27192	-4319.617	-4868.778	549.1609	1.378773	3.041158	0.8802063	2.424017
27198	-4306.688	-4855.545	548.8576	1.278163	3.011864	0.8802063	2.682885
27204	-4314.283	-4862.57	548.2867	1.240762	3.011864	1.146036	2.892551
27210	-4311.269	-4860.079	548.8097	1.254638	2.669714	0.9298929	2.786826
27216	-4311.978	-4861.789	549.8109	1.451672	2.579466	0.9726399	2.027968
27222	-4305.632	-4853.86	548.2285	1.24565	2.78148	1.051262	3.038355
27228	-4298.892	-4847.732	548.8405	1.244108	3.373413	1.051262	2.515138
27234	-4312.939	-4861.348	548.4083	1.457446	2.816241	1.605353	2.514632
27240	-4311.79	-4861.098	549.3071	1.505408	3.567454	1.343293	1.82678
27246	-4320.421	-4869.795	549.3737	1.522202	3.347512	1.343293	1.82678
27252	-4310.875	-4860.725	549.8497	1.552479	3.196238	0.8822797	1.815043
27258	-4318.117	-4868.308	550.1913	1.525608	3.185992	0.8822797	1.595194
27264	-4324.739	-4874.672	549.9333	1.46061	2.969184	0.8994805	1.8726
27270	-4333.127	-4882.522	549.3953	1.46573	2.969184	1.039292	2.132349
27276	-4332.052	-4881.087	549.0347	1.612958	4.107242	1.276763	1.84803
27282	-4332.868	-4882.518	549.6497	1.480676	4.164275	0.8420448	1.791943
27288	-4341.799	-4890.992	549.1931	1.352868	3.434537	0.8420448	2.347528
27294	-4323.726	-4873.548	549.8224	1.485188	3.016708	1.086962	1.788192
27300	-4321.017	-4870.882	549.8653	1.586179	2.415481	1.376936	1.707806
27306	-4340.285	-4890.045	549.7598	1.557635	2.776609	0.9499167	1.945573
27312	-4353.951	-4903.003	549.0516	1.309004	2.915853	0.9499167	2.523105
27318	-4318.264	-4866.628	548.3637	1.352596	2.915853	1.353179	2.695917
27324	-4333.777	-4882.35	548.573	1.292424	2.654066	1.387175	2.660388
27330	-4346.813	-4895.712	548.899	1.365797	3.376008	1.038518	2.409196
27336	-4334.355	-4883.173	548.8177	1.281892	3.389046	0.7045724	2.740006
27342	-4330.44	-4880.051	549.6116	1.426824	3.603518	0.8218638	2.001564
27348	-4338.888	-4888.459	549.5706	1.403628	4.048144	0.7982812	1.95911
27354	-4336.211	-4885.265	549.054	1.421949	4.048144	1.241435	1.997379
27360	-4326.434	-4875.192	548.7578	1.477266	4.048144	1.364034	2.090403
27366	-4335.126	-4883.353	548.2271	1.477266	3.839316	1.364034	2.475934
27372	-4334.067	-4883.139	549.0727	1.27726	3.059139	0.9976875	2.461078
27378	-4336.333	-4884.819	548.4859	1.322704	3.059139	1.088103	2.741971
27384	-4327.008	-4875.345	548.3375	1.288645	3.059139	1.088103	2.853078
27390	-4324.479	-4873.883	549.4039	1.369252	3.487626	0.757173	2.253604
27396	-4338.182	-4887.088	548.9063	1.27215	3.487626	0.757173	2.627754
27402	-4303.31	-4852.749	549.4395	1.408003	3.343139	0.7177387	2.27307
27408	-4310.255	-4858.968	548.713	1.302862	3.490045	1.075665	2.515747
27414	-4318.41	-4867.256	548.8453	1.25719	3.490045	1.075665	2.461535
27420	-4312.92	-4861.637	548.7174	1.272711	3.3387	0.9608705	2.638016
27426	-4324.47	-4873.473	549.0029	1.140201	3.381535	0.8820512	2.584942
27432	-4330.64	-4880.248	549.6074	1.378167	3.276454	0.8820512	2.074157
27438	-4329.097	-4878.041	548.9437	1.369888	4.1954	1.11861	2.144003
27444	-4335.127	-4884.985	549.8585	1.476531	3.158515	1.002988	1.78472
27450	-4354.458	-4904.49	550.032	1.361544	2.428527	0.7094464	2.18796
27456	-4349.559	-4899.484	549.9251	1.499356	2.509267	0.7094464	2.141753
27462	-4339.86	-4889.85	549.9892	1.53561	2.509267	0.8155451	1.989869
27468	-4315.689	-4865.457	549.7676	1.441877	3.20647	0.7990691	2.00694
27474	-4295.981	-4845.316	549.3355	1.487044	3.20647	0.7990691	2.259757
27480	-4307.438	-4856.201	548.7632	1.250183	3.110636	0.8328541	2.765098
27486	-4316.555	-4864.837	548.2825	1.233731	3.110636	0.9464898	2.990853
27492	-4326.358	-4874.984	548.6265	1.24746	3.110636	0.6465611	2.990853
27498	-4333.284	-4881.999	548.7146	1.218797	3.110636	0.7161566	2.899422
27504	-4341.314	-4889.978	548.6638	1.369589	3.110636	0.7352385	2.824191
27510	-4344.527	-4893.076	548.5488	1.415181	3.379152	1.078711	2.572547
27516	-4326.355	-4876.19	549.8344	1.468658	3.495999	0.7725462	1.889614
27522	-4316.088	-4865.622	549.5338	1.537984	3.494493	0.9158156	1.936349
27528	-4313.608	-4862.944	549.3362	1.306566	3.574822	0.9158156	2.199695
27534	-4321.275	-4870.475	549.1997	1.342264	3.054599	0.7908536	2.483206
27540	-4317.214	-4866.017	548.8029	1.430489	3.241824	0.8198983	2.606364
27546	-4320.374	-4869.631	549.2566	1.326591	3.021255	0.6974522	2.538852
27552	-4309.604	-4859.037	549.4333	1.396528	3.021255	0.6974522	2.384114
27558	-4337.414	-4887.286	549.8715	1.412313	3.204355	0.5908709	2.138808
27564	-4329.712	-4879.102	549.3896	1.507836	3.389515	0.5908709	2.340569
27570	-4330.161	-4878.302	548.1413	1.294491	3.389515	0.8211837	3.054905
27576	-4329.067	-4877.057	547.9892	1.337346	3.389515	0.7614792	3.162344
27582	-4325.276	-4873.975	548.6991	1.252645	3.389515	0.9977913	2.626366
27588	-4303.217	-4852.129	548.9112	1.18591	3.389515	0.7064038	2.739958
27594	-4328.849	-4877.576	548.7266	1.235703	3.40545	0.8112182	2.739958
27600	-4327.855	-4876.015	548.1597	1.119593	2.716998	0.9551743	3.228797
27606	-4335.099	-4882.948	547.8493	1.203873	3.114315	0.9630675	3.255428
27612	-4310.809	-4859.567	548.7575	1.247212	2.512299	1.005634	2.821666
27618	-4323.954	-4872.365	548.4103	1.185655	3.334505	1.057186	2.821666
27624	-4326.181	-4874.613	548.4315	1.14433	3.334505	1.078359	2.821666
27630	-4314.979	-4863.789	548.8101	1.40695	3.334505	1.130335	2.394924
27636	-4313.702	-4862.962	549.2599	1.369166	2.723332	1.193197	2.261319
27642	-4308.578	-4858.236	549.6582	1.395412	2.723332	1.077885	2.053162
27648	-4312.606	-4862.376	549.7699	1.534806	3.068239	1.077885	1.781117
27654	-4313.337	-4863.268	549.9308	1.520552	2.534024	1.038715	1.87148
27660	-4317.325	-4867.309	549.9836	1.405058	3.047335	1.038715	1.754825
27666	-4328.512	-4878.176	549.6634	1.452801	3.415697	1.038715	1.84139
27672	-4319.969	-4869.24	549.2705	1.353114	3.218272	0.9432136	2.281687
27678	-4317.549	-4866.328	548.7793	1.229019	2.960461	0.9432136	2.733087
27684	-4337.508	-4885.905	548.3971	1.243137	3.567539	0.9555741	2.802521
27690	-4337.979	-4886.644	548.6646	1.292447	3.173487	0.9555741	2.702119
27696	-4339.013	-4888.367	549.3539	1.229605	3.632119	0.9312696	2.213795
27702	-4319.892	-4869.372	549.4796	1.405103	3.632119	0.7728543	2.134311
27708	-4320.3	-4869.586	549.2861	1.268393	3.632119	0.7728543	2.346912
27714	-4332.728	-4881.568	548.84	1.253833	3.623632	0.8355244	2.591495
27720	-4336.137	-4885.708	549.571	1.267796	3.424503	0.8101027	2.185696
27726	-4342.043	-4890.96	548.9162	1.399532	3.586741	0.6476875	2.60807
27732	-4313.368	-4862.509	549.1411	1.251443	2.96842	0.9736715	2.47368
27738	-4318.239	-4867.051	548.8115	1.177051	2.668773	1.007185	2.785016
27744	-4329.727	-4877.878	548.1507	1.189132	3.682917	1.007185	2.927269
27750	-4307.238	-4855.918	548.6805	1.215424	3.003199	1.158796	2.663138
27756	-4314.301	-4863.037	548.7366	1.165047	3.062873	1.246844	2.596757
27762	-4322.951	-4870.876	547.9253	1.127425	3.466776	0.9279528	3.195074
27768	-4333.243	-4881.472	548.2297	1.179629	3.024356	0.9279528	3.08803
27774	-4313.912	-4863.222	549.3107	1.34642	3.070429	1.014205	2.252695
27780	-4328.658	-4877.807	549.1495	1.271447	3.244173	0.8650902	2.45697
27786	-4333.408	-4882.669	549.2611	1.351941	3.597374	0.8449146	2.263759
27792	-4327.849	-4876.352	548.5023	1.430304	3.043853	1.212182	2.600927
27798	-4313.879	-4863.377	549.4977	1.418465	3.043853	0.9982183	2.102057
27804	-4324.675	-4873.389	548.7141	1.34832	3.043853	1.224937	2.513407
27810	-4320.796	-4869.349	548.5533	1.327668	3.043853	1.224937	2.626048
27816	-4331.824	-4880.002	548.178	1.17215	3.070328	1.224937	2.942853
27822	-4311.237	-4859.508	548.2711	1.280065	2.438306	1.224937	2.995455
27828	-4318.88	-4866.933	548.0528	1.342494	2.475478	1.393248	2.995455
27834	-4317.748	-4865.54	547.7921	1.158058	3.52228	1.393248	2.993635
27840	-4341.654	-4890.425	548.7712	1.280731	3.52228	0.9244832	2.579966
27846	-4315.886	-4864.552	548.6658	1.251172	3.386535	1.030421	2.628621
27852	-4310.409	-4858.983	548.5738	1.183846	2.675162	1.030421	2.909415
27858	-4325.472	-4873.214	547.7417	1.158217	2.675162	1.077502	3.392413
27864	-4319.83	-4867.892	548.0619	1.204389	3.128455	1.057453	3.069751
27870	-4327.126	-4874.292	547.1654	1.17426	3.128455	1.169222	3.55488
27876	-4328.552	-4877.406	548.8544	1.325324	2.981618	1.10402	2.523952
27882	-4319.377	-4869.026	549.649	1.372298	2.981618	1.013511	2.040114
27888	-4337.315	-4886.411	549.096	1.41891	3.2999	1.013511	2.284714
27894	-4323.166	-4872.892	549.7261	1.455606	3.283869	1.013511	1.848589
27900	-4311.928	-4861.734	549.8057	1.513053	3.1072	0.9786803	1.827449
27906	-4311.422	-4861.166	549.744	1.437241	3.1072	0.9786803	1.921248
27912	-4327.485	-4876.601	549.1156	1.546049	3.1072	1.141037	2.162339
27918	-4317.734	-4867.722	549.9885	1.410728	3.045614	0.8050926	1.919221
27924	-4321.782	-4870.333	548.551	1.486815	3.172892	1.410044	2.401017
27930	-4326.428	-4874.998	548.5698	1.42422	3.442454	1.331136	2.401017
27936	-4330.937	-4880.009	549.072	1.237802	2.921962	1.06008	2.484577
27942	-4320.92	-4868.854	547.9339	1.104767	2.921962	0.8481054	3.384836
27948	-4316.83	-4865.584	548.7539	1.352257	2.921962	0.8535377	2.742826
27954	-4324.066	-4872.576	548.5101	1.212018	3.480506	1.003183	2.742826
27960	-4323.438	-4871.756	548.3178	1.333152	3.480506	1.003183	2.78629
27966	-4333.168	-4881.222	548.0542	1.185094	3.148822	0.9379511	3.15222
27972	-4322.705	-4870.53	547.8253	1.109836	3.879784	1.076805	3.087857
27978	-4330.554	-4878.324	547.7698	1.220311	3.879784	0.9397717	3.136291
27984	-4314.319	-4862.882	548.5631	1.311365	3.122929	0.889348	2.808188
27990	-4325.876	-4874.613	548.7366	1.214529	3.169214	0.8049214	2.808188
27996	-4325.038	-4873.054	548.016	1.109757	4.053814	0.8171588	3.100899
28002	-4339.776	-4889.436	549.6598	1.429764	3.653924	0.9430244	1.864884
28008	-4327.332	-4876.827	549.4953	1.42145	2.738114	1.043748	2.159905
28014	-4323.815	-4873.489	549.6738	1.416355	2.60575	0.9331094	2.159905
28020	-4314.301	-4863.314	549.013	1.330264	3.040306	0.9925702	2.473424
28026	-4316.734	-4865.819	549.0846	1.194787	3.039231	1.071422	2.465466
28032	-4321.427	-4870.93	549.5029	1.389771	2.596275	1.071422	2.201237
28038	-4322.019	-4871.643	549.6242	1.403612	2.596275	1.071422	2.113318
28044	-4310.149	-4859.22	549.0713	1.355815	2.691594	1.150991	2.422852
28050	-4335.857	-4883.998	548.1405	1.427966	3.112017	1.602842	2.621433
28056	-4313.81	-4862.355	548.5451	1.373806	3.112017	1.333297	2.529113
28062	-4343.192	-4893.222	550.0293	1.500646	3.559657	0.891894	1.618343
28068	-4319.374	-4869.424	550.0505	1.585498	3.253744	0.891894	1.626477
28074	-4328.268	-4878.197	549.9282	1.585498	2.982422	0.7985732	1.864881
28080	-4322.514	-4871.922	549.4082	1.378595	3.079735	0.7985732	2.316154
28086	-4318.133	-4866.106	547.9736	1.30046	2.988134	1.520689	2.868982
28092	-4331.311	-4880.851	549.5398	1.376501	3.091774	1.004996	2.0844
28098	-4315.368	-4865.01	549.6421	1.362295	3.548383	0.7623822	2.0844
28104	-4327.322	-4876.992	549.6702	1.315305	2.912829	0.8425956	2.201384
28110	-4332.821	-4881.581	548.7602	1.166091	3.490722	1.051888	2.585401
28116	-4325.173	-4873.794	548.6207	1.09334	3.490722	1.038405	2.724224
28122	-4328.257	-4877.459	549.2011	1.195195	3.922317	0.7796747	2.377071
28128	-4335.25	-4884.399	549.1492	1.300596	4.168229	0.718133	2.339461
28134	-4325.308	-4874.024	548.7165	1.282138	3.199528	1.041237	2.617167
28140	-4329.897	-4878.614	548.7169	1.122267	3.750052	0.6698841	2.845291
28146	-4314.454	-4862.58	548.1267	1.29249	3.146204	1.245659	2.87156
28152	-4314.061	-4863.123	549.0626	1.353043	2.825388	0.911135	2.539166
28158	-4347.291	-4896.598	549.3068	1.352053	3.22415	0.911135	2.279343
28164	-4319.444	-4867.523	548.079	1.202736	3.22415	1.019524	3.059365
28170	-4305.97	-4854.284	548.3145	1.166737	3.064086	0.8902159	3.059365
28176	-4319.28	-4867.714	548.4341	1.203677	3.064086	0.8902159	2.965525
28182	-4303.941	-4852.434	548.4929	1.263049	2.914292	1.043761	2.837406
28188	-4310.143	-4858.583	548.4406	1.273149	2.914292	1.332699	2.707943
28194	-4343.906	-4892.041	548.1353	1.351036	2.914292	1.461806	2.785735
28200	-4361.129	-4908.335	547.2064	1.192517	2.914292	1.428402	3.448836
28206	-4327.626	-4875.351	547.7248	1.193407	2.704203	1.297786	3.25966
28212	-4324.905	-4873.675	548.7696	1.348569	2.873016	0.8787439	2.731434
28218	-4334.946	-4883.655	548.7094	1.282142	2.634808	1.255917	2.653754
28224	-4344.183	-4892.091	547.9087	1.171124	3.77478	1.02336	3.054087
28230	-4329.648	-4878.258	548.6091	1.259926	3.594027	1.02336	2.614277
28236	-4339.187	-4887.34	548.153	1.308496	3.594027	1.02336	2.863567
28242	-4350.399	-4899.753	549.3535	1.336291	3.594027	0.7891317	2.256867
28248	-4349.785	-4899.382	549.5968	1.534475	3.570162	0.842979	1.931359
28254	-4328.928	-4878.974	550.046	1.468421	3.516989	1.027398	1.538936
28260	-4334.877	-4884.825	549.9484	1.622808	3.516989	1.027398	1.496586
28266	-4351.297	-4901.602	550.3049	1.563783	3.740035	0.8975375	1.305975
28272	-4350.413	-4900.555	550.1417	1.450296	2.720893	0.9954384	1.742731
28278	-4354.62	-4903.748	549.1273	1.419138	3.472625	1.09095	2.173404
28284	-4367.269	-4916.429	549.1605	1.286511	3.277217	0.9624774	2.366481
28290	-4362.524	-4911.282	548.7579	1.281155	3.243719	0.8667315	2.692916
28296	-4362.369	-4911.298	548.93	1.203998	3.708433	0.8667315	2.525637
28302	-4343.73	-4891.965	548.2348	1.241364	3.498668	0.9424232	2.925719
28308	-4326.303	-4875.141	548.8376	1.253198	3.1398	0.8493208	2.698906
28314	-4343.281	-4892.25	548.9688	1.316177	3.1398	0.8493208	2.579154
28320	-4337.928	-4887.597	549.6689	1.431711	4.264635	0.9171227	1.732416
28326	-4348.614	-4897.475	548.8603	1.401341	4.271023	0.9171227	2.290487
28332	-4313.07	-4861.703	548.6333	1.340981	3.768491	1.062459	2.486198
28338	-4327.789	-4876.845	549.0561	1.361479	3.636646	1.150124	2.182374
28344	-4322.385	-4871.144	548.7593	1.32723	3.646482	1.129613	2.403685
28350	-4324.284	-4873.663	549.3791	1.332114	3.014794	0.8660126	2.33238
28356	-4328.674	-4877.879	549.2051	1.374825	3.213698	0.9111259	2.33238
28362	-4330.149	-4879.781	549.632	1.401571	2.967965	0.9134922	2.103668
28368	-4320.208	-4869.11	548.9024	1.218451	3.46261	1.158596	2.40847
28374	-4323.144	-4872.174	549.03	1.396601	3.253932	0.9392941	2.400476
28380	-4314.816	-4863.703	548.8872	1.355127	3.253932	0.7536925	2.646775
28386	-4322.315	-4871.581	549.2657	1.345835	3.253932	1.022825	2.228405
28392	-4317.748	-4867.341	549.5936	1.489017	3.410245	0.9469373	1.928484
28398	-4331.139	-4880.668	549.5287	1.470091	3.410245	1.010694	1.941332
28404	-4331.773	-4881.795	550.0225	1.504015	2.653815	1.004344	1.803798
28410	-4358.876	-4908.344	549.4686	1.472396	2.653815	1.164711	2.096137
28416	-4335.487	-4885.536	550.0486	1.43972	2.907026	0.8585522	1.857255
28422	-4330.063	-4879.203	549.1394	1.4355	2.907026	1.225711	2.22522
28428	-4326.898	-4876.534	549.6364	1.471851	3.092948	1.122485	1.880644
28434	-4311.749	-4860.931	549.182	1.447503	3.092948	1.174692	2.167434
28440	-4319.446	-4868.3	548.8544	1.279363	3.092948	1.13067	2.508076
28446	-4314.277	-4863.12	548.8435	1.302419	3.092948	1.13067	2.500469
28452	-4319.611	-4867.972	548.3615	1.236648	3.629544	1.135984	2.707582
28458	-4324.646	-4872.615	547.9687	1.370136	3.629544	1.167597	2.848384
28464	-4320.117	-4868.509	548.3925	1.267584	3.629544	0.9854288	2.757913
28470	-4333.165	-4881.491	548.3252	1.23981	3.936937	1.062499	2.703422
28476	-4328.236	-4876.704	548.4677	1.234816	3.936937	0.9257733	2.703422
28482	-4316.267	-4864.69	548.4233	1.289406	3.936937	0.9162328	2.703422
28488	-4329.252	-4877.751	548.4986	1.313385	2.875814	1.243032	2.703422
28494	-4343.618	-4893.033	549.415	1.483549	3.184075	1.096424	2.012852
28500	-4350	-4899.197	549.1978	1.412511	3.184075	0.7384128	2.447062
28506	-4341.759	-4890.342	548.5825	1.158443	3.432827	0.7384128	2.921487
28512	-4333.139	-4881.701	548.5622	1.206055	3.241419	0.8154983	2.89392
28518	-4320.432	-4868.84	548.4077	1.185758	3.241419	0.9762685	2.89392
28524	-4315.172	-4862.668	547.4952	1.222528	3.241419	1.278732	3.251313
28530	-4325.543	-4873.669	548.1258	1.098644	3.241419	1.278732	2.94917
28536	-4341.797	-4890.43	548.6332	1.297419	3.241419	1.278732	2.516813
28542	-4348.013	-4896.35	548.3374	1.29412	3.185238	0.7765976	3.017531
28548	-4343.054	-4891.325	548.2712	1.242853	2.954199	0.9103773	3.054556
28554	-4338.299	-4886.663	548.3648	1.06635	3.151942	0.9103773	3.054556
28560	-4345.452	-4894.086	548.6337	1.053784	3.416201	0.9103773	2.837287
28566	-4312.964	-4860.698	547.7335	1.076733	3.275125	1.013213	3.330531
28572	-4321.717	-4870.208	548.4909	1.106721	3.275125	1.013213	2.860808
28578	-4334.522	-4883.722	549.1995	1.262944	3.275125	0.8953574	2.402138
28584	-4326.941	-4875.011	548.0699	1.085737	3.300796	0.9783998	3.140935
28590	-4347.821	-4896.255	548.4348	1.095896	2.968287	0.8505112	3.08033
28596	-4346.086	-4894.814	548.7277	1.198198	2.968287	0.8839318	2.820002
28602	-4341.185	-4890.353	549.168	1.29902	3.290467	0.8452243	2.43047
28608	-4331.664	-4880.67	549.0061	1.278457	3.290467	0.8452243	2.544653
28614	-4332.558	-4881.601	549.0434	1.303264	3.290467	1.007044	2.398135
28620	-4343.504	-4892.206	548.7018	1.288922	3.19742	1.012956	2.639693
28626	-4328.143	-4877.033	548.8898	1.279859	2.800168	0.9396898	2.679551
28632	-4319.215	-4868.287	549.0718	1.265069	2.895137	0.9396898	2.550151
28638	-4322.788	-4871.888	549.0998	1.246868	3.08969	0.8919596	2.524248
28644	-4328.734	-4877.836	549.102	1.389319	3.769884	0.9107752	2.255413
28650	-4337.401	-4886.267	548.866	1.372358	3.1516	0.9771196	2.519986
28656	-4340.123	-4889.553	549.4297	1.372358	3.432677	0.8499098	2.177896
28662	-4311.003	-4860.791	549.7885	1.433622	3.063435	0.8499098	1.998526
28668	-4331.611	-4881.04	549.4293	1.420197	3.063435	0.8499098	2.242386
28674	-4343.17	-4892.391	549.2208	1.332929	3.063435	0.8499098	2.430569
28680	-4322.125	-4871.07	548.9456	1.277823	3.063435	0.8499098	2.63632
28686	-4343.901	-4892.406	548.5046	1.303085	3.919117	1.046067	2.56716
28692	-4319.513	-4868.147	548.6339	1.309091	4.454268	0.9263222	2.449814
28698	-4350.936	-4900.447	549.5106	1.425585	3.224313	0.9263222	2.088882
28704	-4339.735	-4889.486	549.7511	1.430822	3.224313	0.8637245	1.970993
28710	-4344.604	-4893.838	549.2346	1.280578	3.280556	1.107683	2.231556
28716	-4334.424	-4883.582	549.1576	1.324772	4.143577	0.8669996	2.210144
28722	-4347.078	-4895.984	548.9059	1.37121	4.143577	1.057474	2.215856
28728	-4343.489	-4891.645	548.1557	1.30737	4.143577	1.104739	2.699275
28734	-4343.699	-4892.972	549.2728	1.289634	3.885869	0.6615641	2.375194
28740	-4329.148	-4878.524	549.376	1.35383	3.504222	0.7061175	2.318521
28746	-4340.069	-4889.971	549.9023	1.445238	3.504222	0.6468501	1.967009
28752	-4345.316	-4894.701	549.3849	1.351851	3.504222	0.7010026	2.318337
28758	-4349.215	-4898.541	549.3259	1.472823	3.504222	0.7440548	2.24357
28764	-4343.129	-4892.188	549.0591	1.374466	3.504222	1.204171	2.172672
28770	-4338.683	-4886.774	548.0909	1.405185	3.527727	1.204171	2.755911
28776	-4330.661	-4879.151	548.4901	1.23315	3.527727	1.182771	2.627952
28782	-4327.094	-4875.639	548.5446	1.296479	2.903064	1.144952	2.730875
28788	-4321.667	-4870.143	548.4759	1.235934	3.278095	0.9531822	2.827731
28794	-4307.997	-4856.647	548.6499	1.268407	3.236657	1.062305	2.645076
28800	-4323.147	-4871.872	548.7248	1.365728	3.236657	1.287309	2.41325
28806	-4323.954	-4873.162	549.208	1.36111	3.236657	1.115559	2.203339
28812	-4320.779	-4868.463	547.6833	1.276884	3.432144	1.155657	3.126385
28818	-4328.637	-4876.275	547.6379	1.138037	3.317691	0.9078315	3.404619
28824	-4312.208	-4860.213	548.0051	1.142421	3.270981	1.032161	3.120866
28830	-4310.38	-4858.893	548.5125	1.320982	3.590637	1.032161	2.631667
28836	-4312.348	-4860.32	547.9717	1.306464	4.400463	1.032161	2.804318
28842	-4326.301	-4874.906	548.6051	1.379163	4.400463	0.9988116	2.387254
28848	-4308.749	-4857.311	548.562	1.47025	3.365005	1.347628	2.387254
28854	-4310.553	-4858.655	548.1023	1.436747	3.656547	1.347628	2.627202
28860	-4320.174	-4868.412	548.2376	1.363903	2.891946	1.196305	2.851997
28866	-4330.916	-4879.02	548.1033	1.244571	3.370762	1.262751	2.851997
28872	-4334.031	-4882.394	548.3634	1.098899	3.370762	0.9831278	2.938179
28878	-4318.878	-4867.923	549.0453	1.241015	3.370762	0.9831278	2.431574
28884	-4322.744	-4871.743	548.9992	1.32554	4.102832	0.7188056	2.431574
28890	-4355.098	-4903.778	548.6805	1.309666	3.058607	0.9943865	2.686576
28896	-4340.758	-4889.271	548.5132	1.403322	3.266648	1.286567	2.51535
28902	-4360.316	-4908.883	548.5663	1.299747	3.394639	1.286567	2.515603
28908	-4340.692	-4889.039	548.3473	1.264369	3.394639	0.9763462	2.84648
28914	-4341.197	-4890.035	548.8372	1.407469	2.688892	1.317724	2.448847
28920	-4350.912	-4898.938	548.0263	1.161397	3.846512	0.8121861	3.109479
28926	-4333.701	-4881.633	547.9319	1.190122	3.846512	0.8121861	3.148557
28932	-4318.822	-4866.508	547.6861	1.223464	3.846512	1.059666	3.119707
28938	-4320.5	-4868.789	548.2893	1.254655	3.955152	0.9919457	2.754886
28944	-4321.897	-4869.585	547.6877	1.204411	4.352149	1.015456	3.056097
28950	-4316.774	-4864.319	547.5451	1.128421	3.967681	0.8605131	3.356353
28956	-4340.88	-4889.611	548.7303	1.282357	4.262429	0.8097464	2.525042
28962	-4328.389	-4876.832	548.4426	1.316404	3.910926	1.146331	2.541015
28968	-4354.525	-4903.625	549.0996	1.292527	2.853865	0.9185246	2.541015
28974	-4338.582	-4888.017	549.4346	1.285109	2.817862	0.9185246	2.345109
28980	-4338.74	-4888.216	549.4763	1.342973	2.817862	0.9185246	2.281551
28986	-4334.963	-4884.096	549.1336	1.319389	2.817862	1.181557	2.352897
28992	-4323.713	-4872.982	549.269	1.299293	3.178274	0.8052599	2.423974
28998	-4337.481	-4886.355	548.8732	1.290737	3.294434	0.921518	2.566619
29004	-4346.395	-4894.876	548.4814	1.395921	3.784246	1.667255	2.237857
29010	-4355.719	-4904.462	548.7426	1.334368	2.917862	1.386516	2.455257
29016	-4338.445	-4887.246	548.8001	1.363328	3.42208	1.009054	2.479966
29022	-4340.084	-4887.506	547.4219	1.143909	3.681189	1.051835	3.361963
29028	-4315.044	-4863.078	548.0341	1.164234	3.161279	1.051835	3.105532
29034	-4327.218	-4875.668	548.4499	1.238667	3.161279	1.148415	2.755704
29040	-4327.718	-4876.258	548.54	1.290753	3.580835	0.830411	2.766482
29046	-4337.953	-4886.448	548.4953	1.214608	3.561277	0.830411	2.844414
29052	-4341.542	-4890.218	548.6761	1.146305	3.561277	0.7365952	2.844414
29058	-4336.053	-4884.157	548.1036	1.161175	3.226126	0.8831761	3.153457
29064	-4332.549	-4881.313	548.7639	1.254056	3.226126	0.9119988	2.679828
29070	-4335.659	-4884.635	548.9756	1.234904	3.19794	0.9119988	2.567879
29076	-4307.085	-4856.011	548.9258	1.231903	3.671016	0.7985325	2.567879
29082	-4311.64	-4861.103	549.463	1.318966	3.68145	0.861826	2.122214
29088	-4319.324	-4868.399	549.075	1.316641	3.215138	0.8936245	2.462919
29094	-4315.87	-4864.401	548.5308	1.196907	2.959271	0.9871563	2.876683
29100	-4328.753	-4877.965	549.2119	1.391611	3.32068	0.9871563	2.239532
29106	-4310.432	-4859.472	549.0394	1.263869	3.32068	0.9356133	2.463912
29112	-4333.058	-4882.536	549.4778	1.37767	3.314956	0.9356133	2.111881
29118	-4322.648	-4872.069	549.4206	1.350962	3.53447	0.9356133	2.111881
29124	-4341.016	-4889.837	548.8219	1.421114	3.511129	1.079654	2.36556
29130	-4319.024	-4866.653	547.6288	1.255405	3.511129	1.226845	3.116677
29136	-4321.165	-4868.131	546.9661	1.167427	3.607429	1.260588	3.520894
29142	-4343.815	-4890.999	547.1842	1.184614	3.8663	0.9138113	3.520894
29148	-4324.182	-4872.543	548.3609	1.210035	3.8663	0.9138113	2.806399
29154	-4316.561	-4866.179	549.6181	1.472564	3.446581	1.035373	1.853073
29160	-4338.846	-4887.333	548.4863	1.505918	3.446581	1.274293	2.430502
29166	-4325.883	-4874.944	549.061	1.460402	3.446581	0.9800902	2.265677
29172	-4335.295	-4884.836	549.5409	1.471266	3.446581	0.9800902	1.943641
29178	-4318.59	-4868.213	549.623	1.470057	3.359255	0.9673674	1.920462
29184	-4329.449	-4878.568	549.119	1.400238	3.955378	0.9673674	2.157428
29190	-4325.212	-4874.333	549.1211	1.306263	3.918034	0.9673674	2.225232
29196	-4313.986	-4862.642	548.6557	1.410481	3.190479	1.486052	2.342204
29202	-4339.077	-4888.293	549.2166	1.401872	3.342426	0.6915776	2.440127
29208	-4330.167	-4879.604	549.4376	1.366475	3.496382	0.7608136	2.228729
29214	-4318.435	-4867.543	549.1074	1.338415	3.594077	1.134254	2.183428
29220	-4331.759	-4880.489	548.7297	1.270347	3.236331	0.9782733	2.645791
29226	-4323.842	-4873.401	549.5591	1.364587	3.408046	0.9782733	2.013895
29232	-4330.436	-4879.176	548.7406	1.403401	3.111174	0.8021146	2.706896
29238	-4343.154	-4891.245	548.0915	1.234188	3.6992	0.937977	2.974791
29244	-4324.957	-4873.286	548.3296	1.143041	3.6992	0.8054877	2.974791
29250	-4324.639	-4872.455	547.816	1.16323	3.6992	0.9100598	3.199193
29256	-4338.913	-4887.302	548.3893	1.149215	3.6992	0.9410146	2.844354
29262	-4354.079	-4902.749	548.6696	1.355946	2.686691	1.141912	2.679128
29268	-4341.796	-4890.92	549.1239	1.324158	3.058137	1.003884	2.395667
29274	-4351.94	-4900.815	548.8749	1.258404	2.764468	0.9471766	2.706977
29280	-4339.472	-4888.876	549.4039	1.437328	2.764468	0.8583871	2.324874
29286	-4352.279	-4901.228	548.9489	1.381748	3.236825	0.8583871	2.519952
29292	-4347.47	-4896.109	548.6392	1.381748	3.236825	1.248022	2.477606
29298	-4336.689	-4884.887	548.1984	1.278017	3.312274	0.9198393	2.98294
29304	-4346.715	-4895.599	548.8835	1.375109	3.049883	0.7131911	2.71925
29310	-4329.792	-4878.747	548.9556	1.363002	3.815737	0.9108522	2.355336
29316	-4332.66	-4881.585	548.925	1.324008	3.100042	0.9920545	2.517139
29322	-4330.258	-4879.319	549.0611	1.412677	2.665153	0.9589882	2.517139
29328	-4338.245	-4887.362	549.1162	1.412677	2.890757	0.9589882	2.418616
29334	-4329.24	-4877.521	548.2804	1.309144	2.843897	1.07329	2.939642
29340	-4327.605	-4875.289	547.6847	1.198626	2.843897	1.07329	3.359483
29346	-4340.728	-4888.323	547.595	1.214416	3.014574	1.07329	3.359483
29352	-4344.48	-4892.865	548.3856	1.32629	2.985621	0.8908835	2.940403
29358	-4341.542	-4890.327	548.7857	1.350262	3.139101	0.955777	2.600406
29364	-4336.955	-4884.813	547.8587	1.359577	3.139101	1.30589	2.964338
29370	-4333.865	-4882.429	548.5643	1.376066	3.139101	1.068874	2.651922
29376	-4332.38	-4881.218	548.8386	1.344323	3.289005	0.8773941	2.585791
29382	-4335.18	-4884.288	549.1074	1.396178	2.772723	1.250501	2.295701
29388	-4338.826	-4888.002	549.1763	1.347353	2.772723	1.250501	2.282867
29394	-4320.88	-4869.703	548.8228	1.401784	2.677196	1.123596	2.569229
29400	-4323.295	-4871.618	548.3224	1.292439	2.677196	1.295139	2.851886
29406	-4313.843	-4861.977	548.1338	1.141295	3.327025	1.051885	3.020113
29412	-4326.975	-4875.542	548.5671	1.11709	3.327025	1.077782	2.757783
29418	-4310.965	-4859.061	548.0959	1.146503	3.327025	1.077782	3.024901
29424	-4299.394	-4848.125	548.7312	1.268484	3.327025	1.054494	2.57729
29430	-4337.405	-4886.538	549.1329	1.386968	3.120093	1.178922	2.228756
29436	-4348.065	-4897.386	549.3208	1.537782	3.195807	1.178922	1.986366
29442	-4347.934	-4897.178	549.2442	1.392334	3.195807	0.9061827	2.304271
29448	-4342.684	-4891.618	548.9344	1.289409	3.195807	0.9061827	2.564082
29454	-4335.795	-4884.334	548.5394	1.169505	3.195807	0.8857751	2.892904
29460	-4339.127	-4887.539	548.4122	1.270261	2.761136	1.096351	2.892904
29466	-4338.109	-4885.749	547.6393	1.205042	3.922587	1.11947	3.10952
29472	-4352.798	-4901.879	549.081	1.23072	3.283816	0.8346523	2.536901
29478	-4357.538	-4906.381	548.843	1.239583	3.283816	0.9441019	2.604926
29484	-4337.783	-4886.914	549.1308	1.402479	3.515794	0.943806	2.265294
29490	-4326.087	-4875.7	549.613	1.471534	3.321942	0.9965443	1.916027
29496	-4330.514	-4879.805	549.2907	1.412542	2.907087	0.8975593	2.344826
29502	-4345.588	-4893.281	547.6935	1.260471	2.833679	1.370799	3.169005
29508	-4331.299	-4879.37	548.0709	1.257633	2.833679	1.46622	2.900966
29514	-4333.023	-4882.278	549.2552	1.258855	2.833679	0.9707066	2.436248
29520	-4323.464	-4872.409	548.9454	1.396339	3.315374	1.350903	2.200051
29526	-4326.285	-4874.816	548.5308	1.265506	2.938256	0.9505607	2.863313
29532	-4322.473	-4871.214	548.7408	1.409845	4.12605	1.086612	2.283069
29538	-4327.025	-4875.575	548.5495	1.273173	3.635087	0.8056762	2.776818
29544	-4335.26	-4883.963	548.7033	1.245722	2.979042	0.9240033	2.776818
29550	-4346.913	-4895.34	548.4268	1.37772	3.441253	0.9427551	2.739306
29556	-4353.6	-4902.324	548.7231	1.205384	3.604718	0.9732692	2.606094
29562	-4340.292	-4889.027	548.7356	1.24991	3.511451	0.9732692	2.592178
29568	-4334.588	-4883.197	548.6086	1.22917	3.46118	1.147137	2.592178
29574	-4348.596	-4896.926	548.3299	1.320579	3.399966	0.9216938	2.856189
29580	-4349.384	-4896.652	547.2684	1.311287	3.181795	1.233452	3.369196
29586	-4352.063	-4900.261	548.1982	1.26821	3.49773	1.018151	2.885396
29592	-4325.659	-4874.038	548.3784	1.195455	3.549446	1.018151	2.808501
29598	-4317.973	-4866.515	548.5414	1.215116	3.549446	1.018151	2.696877
29604	-4327.58	-4875.318	547.7383	1.211488	3.44961	1.11965	3.148027
29610	-4318.251	-4867.188	548.9366	1.280099	3.590328	0.8061045	2.543941
29616	-4311.125	-4860.178	549.0522	1.311772	3.718071	0.8061045	2.422746
29622	-4312.66	-4862.276	549.616	1.353877	3.120482	0.8506695	2.148558
29628	-4337.613	-4886.98	549.3668	1.341771	3.627527	0.8506695	2.190875
29634	-4337.513	-4886.282	548.7692	1.342037	3.627527	0.8211822	2.59007
29640	-4342.902	-4892.793	549.8909	1.457939	2.966123	0.6815515	2.078086
29646	-4348.6	-4897.939	549.3396	1.393803	3.484634	0.8094955	2.239561
29652	-4340.811	-4889.757	548.9458	1.317424	3.484634	0.8094955	2.536957
29658	-4323.348	-4872.399	549.0514	1.216188	4.226484	0.8726136	2.326675
29664	-4336.205	-4884.951	548.7453	1.307985	3.333216	0.8726136	2.65846
29670	-4326.377	-4874.833	548.456	1.228426	3.535679	1.045331	2.727941
29676	-4341.855	-4890.595	548.7402	1.342381	2.960075	0.9918947	2.656959
29682	-4324.678	-4874.197	549.5188	1.429729	3.382006	0.7986682	2.133694
29688	-4328.687	-4878.275	549.5877	1.429729	3.382006	0.9464047	1.979948
29694	-4322.836	-4872.406	549.5702	1.421931	3.382006	0.9919593	1.965668
29700	-4330.983	-4880.675	549.6922	1.341646	3.382006	0.7483386	2.117743
29706	-4330.2	-4879.911	549.7111	1.483356	3.419356	0.7483386	2.002215
29712	-4338.974	-4887.556	548.5825	1.216753	3.882702	1.07176	2.564902
29718	-4339.726	-4888.816	549.0903	1.358876	3.666458	0.7855064	2.396076
29724	-4322.007	-4871.272	549.265	1.358876	3.353637	0.8941265	2.280745
29730	-4331.416	-4879.794	548.378	1.314953	3.335818	1.138185	2.716082
29736	-4333.939	-4882.913	548.9744	1.350494	3.335818	1.138185	2.321653
29742	-4324.569	-4874.341	549.7717	1.471891	3.456207	0.895903	1.843981
29748	-4334.873	-4884.947	550.0735	1.500853	3.540518	0.7578558	1.702477
29754	-4324.117	-4874.156	550.0392	1.535771	2.965713	0.9387261	1.719201
29760	-4335.533	-4885.573	550.0394	1.538292	2.965713	1.047847	1.639096
29766	-4336.946	-4886.376	549.4299	1.548806	3.993931	1.047847	1.786989
29772	-4331.013	-4880.64	549.6267	1.452283	3.2381	1.057874	1.901551
29778	-4337.722	-4886.985	549.2628	1.263937	3.861743	0.7702206	2.314707
29784	-4325.145	-4873.991	548.8463	1.324295	3.332928	0.7702206	2.659291
29790	-4335.945	-4884.702	548.7568	1.339984	3.983293	0.8755707	2.483068
29796	-4326.348	-4875.182	548.834	1.282607	3.983293	0.8755707	2.470623
29802	-4329.39	-4878.523	549.1332	1.370851	3.776812	0.8755707	2.270244
29808	-4334.573	-4883.22	548.6475	1.37647	3.86542	0.8755707	2.553647
29814	-4328.157	-4877.337	549.1801	1.376376	3.481604	0.9794389	2.235021
29820	-4364.812	-4914.055	549.2432	1.233364	2.455299	1.044219	2.52543
29826	-4369.583	-4917.272	547.6883	1.343343	2.899227	1.18017	3.199957
29832	-4351.919	-4900.673	548.7538	1.413396	2.308195	1.842808	2.381003
29838	-4357.317	-4906.188	548.8709	1.554367	2.753572	1.245892	2.353649
29844	-4360.628	-4909.769	549.1419	1.315715	2.453175	1.026134	2.548864
29850	-4350.474	-4898.053	547.5791	1.204551	3.624025	0.96787	3.295061
29856	-4341.568	-4889.346	547.7783	1.317162	3.629847	1.25709	2.948603
29862	-4341.621	-4890.428	548.8071	1.226973	3.19358	0.8459495	2.722625
29868	-4326.488	-4875.658	549.17	1.357288	3.348924	0.9611874	2.298349
29874	-4324.267	-4873.557	549.2897	1.413861	2.741337	1.040631	2.298349
29880	-4324.418	-4873.598	549.1794	1.346932	2.81962	0.8027075	2.547614
29886	-4331.601	-4881.216	549.6144	1.454305	2.801635	0.7451396	2.254048
29892	-4345.584	-4895.066	549.4817	1.286948	2.801635	1.016872	2.254048
29898	-4329.29	-4878.646	549.3564	1.301405	3.045528	0.7684896	2.429747
29904	-4321.198	-4870.478	549.2793	1.260409	2.892939	0.950062	2.416982
29910	-4332.476	-4881.062	548.5862	1.278224	2.892939	1.19198	2.693625
29916	-4324.228	-4873.078	548.8494	1.354338	2.892939	1.049271	2.565056
29922	-4325.462	-4874.066	548.6036	1.219631	3.139977	0.8289577	2.876039
29928	-4325.906	-4874.455	548.5491	1.186669	3.139977	0.94202	2.853968
29934	-4313.373	-4862.077	548.7041	1.299743	2.962521	0.94202	2.736069
29940	-4333.322	-4882.437	549.1151	1.273721	3.182822	0.94202	2.44045
29946	-4336.756	-4886.294	549.5379	1.357271	3.100457	0.7787792	2.256425
29952	-4316.772	-4865.983	549.2103	1.357271	3.265143	0.97729	2.283036
29958	-4349.064	-4898.707	549.6428	1.349557	3.744277	0.6346706	2.154807
29964	-4354.043	-4903.43	549.3868	1.318606	3.435712	0.8618564	2.23098
29970	-4341.991	-4891.774	549.7823	1.396395	3.259219	1.026741	1.848397
29976	-4321.796	-4871.486	549.6898	1.48742	3.399505	1.026741	1.811678
29982	-4326.658	-4875.376	548.7186	1.295491	3.055963	0.9675351	2.689276
29988	-4331.13	-4879.32	548.1904	1.280759	2.838235	1.434155	2.827965
29994	-4328.151	-4877.023	548.8722	1.303426	3.177014	0.9029063	2.600863
30000	-4345.48	-4892.982	547.502	1.175916	3.177014	1.146406	3.357475
30006	-4327.642	-4875.311	547.6685	1.296557	3.211496	1.188276	3.157631
30012	-4320.493	-4869.244	548.7506	1.376757	3.211496	1.119758	2.488097
30018	-4327.225	-4874.835	547.6103	1.263435	3.445076	0.9225648	3.309037
30024	-4335.707	-4883.36	547.6527	1.221056	3.445076	0.9225648	3.309037
30030	-4328.893	-4876.694	547.8013	1.238285	3.037026	1.364678	3.068521
30036	-4342.155	-4889.836	547.6813	1.374643	2.586477	1.364678	3.179054
30042	-4316.724	-4865.048	548.3241	1.354422	3.485255	1.364678	2.571585
30048	-4320.271	-4869.07	548.7991	1.275936	2.93402	1.057827	2.628584
30054	-4327.489	-4875.317	547.8283	1.368209	2.93402	1.397112	2.985683
30060	-4318.317	-4867.279	548.9619	1.274981	3.089966	0.8729009	2.605356
30066	-4315.837	-4864.847	549.0098	1.384782	3.675735	0.9450068	2.315654
30072	-4327.766	-4876.887	549.1217	1.348004	3.675735	0.9450068	2.267617
30078	-4340.831	-4889.55	548.7194	1.27951	3.011529	0.9450068	2.724391
30084	-4325.757	-4874.428	548.6713	1.302799	3.83279	0.8501616	2.609162
30090	-4323.373	-4872.034	548.6611	1.156314	3.905979	0.9726625	2.609162
30096	-4325.373	-4873.848	548.4749	1.301375	3.552135	0.851353	2.791643
30102	-4321.593	-4870.921	549.3282	1.427145	4.001832	0.8772385	2.055144
30108	-4310.43	-4859.69	549.2602	1.461507	4.001832	0.8885384	2.06919
30114	-4304.213	-4853.828	549.6148	1.410349	3.804225	0.7946864	1.983662
30120	-4319.816	-4868.915	549.0989	1.528814	4.253345	0.7946864	2.14669
30126	-4333.342	-4882.745	549.4026	1.507311	4.253345	0.9136886	1.86943
30132	-4331.547	-4879.739	548.1921	1.298893	3.993243	0.923409	2.82245
30138	-4311.002	-4859.515	548.5135	1.234783	3.423523	0.874376	2.82245
30144	-4320.174	-4868.661	548.487	1.167619	3.676084	0.874376	2.82245
30150	-4339.493	-4887.894	548.4001	1.26537	3.462968	1.273539	2.630607
30156	-4334.568	-4883.49	548.9216	1.280067	3.462968	0.8109817	2.579209
30162	-4349.694	-4898.32	548.6261	1.293663	3.740988	1.243735	2.424176
30168	-4351.394	-4899.635	548.2403	1.412246	3.796455	1.563218	2.424176
30174	-4338.543	-4885.878	547.3353	1.318343	3.085023	1.563218	3.197782
30180	-4335.85	-4884.243	548.3927	1.192535	3.523821	0.7684985	2.972248
30186	-4336.103	-4884.173	548.07	1.083591	2.959202	0.7684985	3.362656
30192	-4330.149	-4878.165	548.0152	1.154557	2.940577	1.176034	3.109389
30198	-4330.689	-4879.696	549.0069	1.279014	2.879104	1.081944	2.498252
30204	-4340.776	-4889.713	548.9374	1.268113	3.189538	1.081944	2.466689
30210	-4332.821	-4881.809	548.988	1.398321	3.531256	0.9469857	2.353298
30216	-4306.589	-4856.337	549.748	1.527818	3.324652	0.8227961	1.912341
30222	-4316.324	-4866.079	549.7549	1.520868	3.324652	0.8227961	1.912341
30228	-4324.602	-4873.949	549.3472	1.477112	3.483474	0.9885769	2.053902
30234	-4350.757	-4900.674	549.9169	1.633594	2.442245	1.186116	1.740073
30240	-4341.588	-4890.488	548.9004	1.431246	3.720045	0.9942973	2.313482
30246	-4345.412	-4894.551	549.1385	1.404979	3.211383	0.943547	2.334327
30252	-4336	-4884.694	548.6935	1.529101	3.211383	1.290578	2.334327
30258	-4326.171	-4874.683	548.5122	1.319638	3.211383	1.164375	2.646531
30264	-4337.466	-4886.071	548.6052	1.351095	3.569875	0.8968331	2.646531
30270	-4332.59	-4881.012	548.4217	1.331685	3.517965	0.9214891	2.766548
30276	-4320.634	-4868.941	548.3069	1.240691	3.427226	0.9445786	2.897521
30282	-4321.372	-4869.702	548.33	1.240465	2.646244	1.275194	2.897521
30288	-4329.038	-4878.512	549.4738	1.318719	2.772818	1.083742	2.205474
30294	-4313.71	-4863.457	549.7471	1.394033	2.772818	0.9460542	2.06684
30300	-4326.107	-4875.774	549.6669	1.465031	2.400542	1.191151	2.036236
30306	-4333.143	-4882.405	549.2619	1.44572	2.702723	1.191151	2.218023
30312	-4338.079	-4887.484	549.4045	1.377213	3.25187	0.6810443	2.36834
30318	-4350.688	-4900.737	550.049	1.433343	3.082572	0.8153471	1.843959
30324	-4346.312	-4895.121	548.8091	1.410478	3.249621	1.338539	2.301662
30330	-4342.497	-4891.946	549.4498	1.429323	3.249621	0.7043359	2.28748
30336	-4345.687	-4895.595	549.9078	1.548804	2.783861	0.7735	1.982541
30342	-4339.068	-4888.83	549.762	1.41583	3.071507	0.7073785	2.13885
30348	-4335.723	-4885.371	549.6476	1.41583	3.404357	0.6930461	2.13885
30354	-4336.977	-4887.075	550.0977	1.582553	3.404357	0.6930461	1.722015
30360	-4332.248	-4881.683	549.4345	1.461155	3.792443	1.096389	1.860251
30366	-4323.386	-4872.7	549.3141	1.394526	2.588275	1.004666	2.363165
30372	-4319.515	-4868.408	548.8932	1.32639	4.093818	1.022663	2.285098
30378	-4311.883	-4860.277	548.3942	1.268166	4.172108	1.022663	2.619069
30384	-4311.096	-4860.468	549.3728	1.341969	3.221825	1.022663	2.170062
30390	-4309.77	-4859.121	549.351	1.306553	3.820256	0.9583307	2.103584
30396	-4324.867	-4874.095	549.2286	1.222569	3.820256	0.9437744	2.247379
30402	-4328.047	-4876.85	548.8026	1.244212	3.091138	0.9437744	2.675256
30408	-4322.75	-4871.44	548.6903	1.29245	3.84859	0.901501	2.565283
30414	-4333.959	-4883.479	549.5202	1.396709	3.709208	0.7018104	2.153227
30420	-4330.625	-4880.094	549.4693	1.416108	3.226875	1.114525	1.998911
30426	-4324.717	-4874.125	549.4072	1.311548	3.409786	1.059177	2.096194
30432	-4307.669	-4856.516	548.8467	1.270711	3.619347	0.920245	2.519739
30438	-4315.606	-4863.763	548.1571	1.262362	3.619347	1.009977	2.891432
30444	-4310.891	-4859.339	548.448	1.210841	3.172583	1.083968	2.807183
30450	-4323.01	-4871.56	548.5503	1.182526	3.170372	1.032949	2.79243
30456	-4324.189	-4872.113	547.9246	1.240695	3.65832	1.132548	2.965898
30462	-4331.093	-4880.583	549.4902	1.402495	2.808784	0.8148046	2.311039
30468	-4319.872	-4869.678	549.8058	1.429425	3.408053	0.6150006	2.095297
30474	-4321.911	-4871.192	549.281	1.431622	3.408053	1.153996	2.0427
30480	-4326.077	-4875.732	549.6544	1.428432	3.408053	0.8660356	1.987369
30486	-4328.036	-4877.377	549.3406	1.418195	2.869427	0.7600811	2.420291
30492	-4323.223	-4871.845	548.6223	1.287302	2.92871	1.101147	2.706667
30498	-4318.024	-4866.061	548.0364	1.288494	3.244771	1.101147	2.981718
30504	-4329.565	-4878.317	548.7523	1.20292	3.244771	0.8807383	2.734546
30510	-4316.543	-4866.517	549.9737	1.527209	3.244771	0.9165138	1.706586
30516	-4322.094	-4872.064	549.9699	1.53556	2.828391	1.127298	1.680344
30522	-4325.23	-4875.264	550.0343	1.574245	3.127949	0.96425	1.627775
30528	-4319.697	-4869.702	550.0046	1.496066	2.899263	0.96425	1.772844
30534	-4317.589	-4867.368	549.7788	1.426011	2.899263	0.86975	2.041813
30540	-4324.097	-4872.687	548.5895	1.279933	2.522431	0.9838255	2.913869
30546	-4321.806	-4869.404	547.5978	1.273207	2.995079	1.397784	3.164112
30552	-4328.825	-4876.588	547.7637	1.264866	2.801336	1.27805	3.177816
30558	-4323.181	-4870.754	547.5726	1.289823	2.801336	1.27805	3.276125
30564	-4322.611	-4871.352	548.7413	1.299861	3.129721	1.023785	2.618997
30504	-4383.788	-4933.779	549.9911	1.586503	3.814993	0.6755602	1.704664
30510	-4361.988	-4912.086	550.0984	1.608935	2.752642	0.6847686	1.898717
30516	-4352.001	-4901.859	549.8576	1.586652	2.752642	0.9472886	1.868891
30522	-4347.659	-4897.26	549.6014	1.463892	2.752642	0.8500325	2.190429
30528	-4350.729	-4899.907	549.1779	1.328634	2.752642	0.8800719	2.523924
30534	-4335.285	-4884.499	549.2137	1.399882	2.752642	0.7866673	2.523924
30540	-4327.302	-4876.47	549.1675	1.3477	2.752642	0.7866673	2.585084
30546	-4330.748	-4880.398	549.6501	1.515145	2.552902	1.0459	2.052695
30552	-4353.111	-4903.258	550.1474	1.517006	2.589651	0.8708271	1.826366
30558	-4349.7	-4899.076	549.3755	1.467082	2.589651	1.077044	2.232177
30564	-4339.76	-4888.973	549.2139	1.325223	2.589651	1.259509	2.322549
30570	-4324.434	-4874.128	549.6941	1.38283	2.679297	0.8250065	2.223213
30576	-4330.835	-4879.638	548.8036	1.345155	2.901879	1.106665	2.563076
30582	-4342.314	-4890.75	548.4355	1.273825	2.953135	0.8217907	2.996935
30588	-4316.961	-4865.524	548.5628	1.380649	2.953135	0.8217907	2.855766
30594	-4346.865	-4895.392	548.5271	1.374893	3.242267	1.24736	2.550841
30600	-4341.574	-4889.517	547.9427	1.375563	2.831722	1.076583	3.103544
